unit_id,batch_index,best_batch,is_best_batch,layer,final_binned_sse,param_1,param_2,param_3,param_4,param_5,param_6,param_7,param_8,umap_1,umap_2
1,1,15,False,L2/3,5291.0,0.01148056599477309,0.009915060147847118,0.0031504439899928192,0.05944806037514343,0.05638046695908902,0.2295249142048096,0.1240198135778037,0.09844497782883325,10.36021,8.249574
1,2,15,False,L2/3,5439.0,0.0845411756793388,0.006242589448653648,0.01079422105555291,0.049370984588248186,0.030831514044875444,0.024531010368585543,0.0,0.27051254545488695,2.030963,9.671539
1,3,15,False,L2/3,4635.0,0.023227706554801848,0.034204047155100864,0.005779300645955925,0.02268721947554007,0.023526576123331026,0.0541095613584224,0.021351998958077708,0.03897925404196239,0.63275397,11.357605
1,4,15,False,L2/3,4521.0,0.03743702974314616,0.01290178897960035,0.0058114921515578484,0.026563702053228458,0.036241615283640206,0.014755424442524008,0.2135731837668809,0.2785692463959817,4.8320727,3.3116798
1,5,15,False,L2/3,5161.0,0.0814029519649893,0.007637685534693451,0.007546220301347472,0.04308298467878006,0.024358904316840114,0.29166599477934047,0.0,0.17789726921646137,7.337677,9.511548
1,6,15,False,L2/3,5760.0,0.04222994240377573,0.008363248849177564,0.007103170367686738,0.047372414247962624,0.03895814957352566,0.18928910233279972,0.10859372317833575,0.19350962138780262,7.6792645,7.143948
1,7,15,False,L2/3,5007.0,0.07710097730362882,0.0078103454802421896,0.009343949700768845,0.048274919350416015,0.028226887300598656,0.2879154551672124,0.0,0.18908244765889876,7.254648,9.510276
1,8,15,False,L2/3,5735.0,0.06885881546174089,0.006787862165966713,0.01023572112070856,0.03639266840500666,0.02807376710155001,0.015659394835254015,0.00029573949973501806,0.21695485051823232,2.0998268,9.746401
1,9,15,False,L2/3,15385.0,0.006117113828730548,0.009105156581004508,0.009178445045848102,0.11732884915260047,0.11870335283617604,0.2252745292112196,0.15121627782412184,0.12141049099261504,10.327202,3.9508996
1,10,15,False,L2/3,15887.0,0.006727012342283382,0.00916748857820167,0.0072807663128009285,0.08016615308125986,0.11404159936967573,1.2049225707858004e-05,0.24106054650813225,0.07188740589997561,6.571153,2.040781
1,11,15,False,L2/3,9002.0,0.011655861172232222,0.0090368585043162,0.004670858473327878,0.08130979291248319,0.06358467062450472,0.20173379794482052,0.22608702031157846,0.19942258012165348,8.033732,5.0627456
1,12,15,False,L2/3,5011.0,0.0438231173860364,0.030291429815621822,0.0033255499305270813,0.015540613791836886,0.005997697685960732,0.0,0.0,0.04558203032852534,0.68518144,11.332159
1,13,15,False,L2/3,14650.0,0.008892245609482412,0.007882788457688824,0.004501318400670642,0.07328222282801312,0.09922245044042723,0.009864637699719918,0.12455678072325843,0.1470453814238324,7.2137566,2.3525796
1,14,15,False,L2/3,6930.0,0.07010407477402124,0.007321242052290098,0.012661690002862032,0.03799556076740477,0.04936467458780386,0.03571436919034435,0.09482961286386515,0.22051033101464182,2.1516538,9.710864
1,15,15,True,L2/3,4344.0,0.02424031168139965,0.032937061630271006,0.011081851633946786,0.041366965700274184,0.030461103905538297,0.004776637948119323,0.0,0.22024948129893882,-0.0859148,10.606713
2,1,9,False,L2/3,2232.0,0.01161684046736936,0.006861428567601091,0.005370076886713596,0.039839214609912375,0.06703772339047762,0.16617797434322737,0.062002889650212785,0.21073271804654145,10.152355,6.090267
2,2,9,False,L2/3,4453.0,0.006175686915657061,0.0059523830415386435,0.009833533264152938,0.13068549774219054,0.08513474556541403,0.13303506709049803,0.039716935818374946,0.208215662753772,10.177433,5.684167
2,3,9,False,L2/3,2321.0,0.13986419426007873,0.04,0.0010941910053655127,0.0025373059205339187,0.002041440302263154,0.0,0.0,0.03344170937849782,-2.4744828,9.889955
2,4,9,False,L2/3,5031.0,0.005793478822250623,0.0060741132100140295,0.0027505113110321707,0.0958204440154465,0.12512936848710185,0.08700189323654016,0.05503910970181522,0.13058068050825175,11.606725,4.374061
2,5,9,False,L2/3,5096.0,0.006998050494205704,0.005175013966125419,0.005307523918493566,0.10341672903548607,0.13088995937885028,0.21120769060017236,0.24601806773927298,0.1312551643010773,9.805033,3.1698534
2,6,9,False,L2/3,1766.0,0.010604727883594222,0.006478753611072361,0.010627725260314472,0.06030153299034203,0.06810230760411758,0.12548719317842635,0.11403350888653738,0.12968349598483173,8.817302,6.0849094
2,7,9,False,L2/3,1880.0,0.012808744372774633,0.009346909666061718,0.0039045070089941537,0.012716925297339556,0.03550169869899425,0.011946962083362298,0.2593808638447416,0.2264067921773962,4.8768945,3.288636
2,8,9,False,L2/3,2105.0,0.005102213648023126,0.012408971226089874,0.0021706767230355705,0.02636162781076,0.0,0.2633508947687651,0.0,0.14134346747783064,8.0811,9.040683
2,9,9,True,L2/3,1590.0,0.04745816088695151,0.010892149851816227,0.008100166759298262,0.008317241185049446,0.0077856358502000535,0.007288373227916591,0.0011825018769853765,0.20906544816404415,1.6743616,9.693834
2,10,9,False,L2/3,3009.0,0.12039381469495791,0.03205982310781086,0.01029342896172521,0.0016905298998130744,0.0,0.0,0.0,0.15376242442721105,-1.8008175,9.814112
2,11,9,False,L2/3,1623.0,0.014407303869663738,0.00010156185107960857,0.0,0.17218819396174548,0.09839132563791336,0.21195816858149563,0.19725397093605232,0.2004113779777848,11.2673,5.2210717
2,12,9,False,L2/3,1663.0,0.028239074615828176,0.014512715259623324,0.003527649670205794,0.0054074286511614856,0.016532549748151194,0.0,0.1814985104024229,0.1937650162669857,4.3259635,3.4276433
2,13,9,False,L2/3,5010.0,0.013189207590204357,0.004711393778616998,0.011138429773040782,0.10559199859646234,0.04377383701393518,0.22199957692586172,0.060365671183921214,0.18278528843613923,9.285122,7.727472
2,14,9,False,L2/3,1654.0,0.04077934035222434,0.010824126412056516,0.009722363583236669,0.012927083417563046,0.010440741604545485,0.011332593276285637,0.0006614977356587386,0.07819434560695027,1.5692718,10.818981
2,15,9,False,L2/3,1943.0,0.05212716118504269,0.014942259621376262,0.008426959614949442,0.009639251780995492,0.01854962234572631,0.0010009074671584745,0.08201062617815852,0.19168917816800116,4.583111,3.768414
3,1,9,False,L5/6,1495.0,0.03932559200270516,0.012714728332194633,0.011957761401168747,0.01013156928156505,0.01319210277379666,0.2572566527638673,0.0,0.13307452839004658,8.215093,9.139169
3,2,9,False,L5/6,6853.0,0.004017662726357297,0.00924357492406774,0.005765607950561753,7.047834194612659e-06,0.11681784068264281,0.15820103571031838,0.08440518674587266,0.21273078676541018,8.4224615,3.5323663
3,3,9,False,L5/6,645.0,0.0062735907833080425,0.00010129507394185359,0.0026349916131750586,0.1191502484192167,0.14829769457462097,0.11562036996000516,0.11907208238966224,0.16274610430660247,11.634258,4.254293
3,4,9,False,L5/6,527.0,0.015169341982415551,0.002860704862117206,0.005818592135246735,0.05792228528300633,0.07394218713177916,0.22061803006963823,0.19930421703667042,0.033261037328212256,10.037884,2.4759524
3,5,9,False,L5/6,944.0,0.008080598465602067,0.003734640081628588,0.002599226647525255,0.0951609843885597,0.05294420365451573,0.1205089287905099,0.146611438231043,0.1541423745767526,11.09966,6.2258043
3,6,9,False,L5/6,633.0,0.1282632865026785,0.0399607530592614,0.011909297768371425,2.874964758599132e-08,0.00043469562822894047,0.0,0.0,0.2468085915452005,-1.5953948,9.220448
3,7,9,False,L5/6,1048.0,0.027940896708047846,0.0012564396686219372,0.005665343942813727,0.08367113092281836,0.12961239695025592,0.12850019754376746,0.11381429069363463,0.17868510186107592,10.802936,4.644091
3,8,9,False,L5/6,1734.0,0.019836250276653276,0.0023479375817985187,0.007176437823230384,0.11684687780197833,0.10564378532977228,0.19010891796866491,0.08440744910573224,0.12028063732666863,10.855251,4.09745
3,9,9,True,L5/6,475.0,0.006177752908517395,0.006338420890178401,0.007541080815027735,0.03717693622534001,0.0218629320075423,0.29746581628757807,0.23008978673559222,0.2709812927323319,8.457952,5.6327195
3,10,9,False,L5/6,633.0,0.015126068441414552,0.00016661940730218483,0.005621784292711189,0.039026384813931184,0.010446230347963653,0.22692727248426883,0.0,0.14645074699077254,8.078118,8.682428
3,11,9,False,L5/6,965.0,0.018812196154735037,0.0012224255649294939,0.0036024096408548323,0.13957796960205943,0.016533040664808818,0.14497307356174752,0.2130330905884059,0.21535940423418898,10.889455,6.622913
3,12,9,False,L5/6,1205.0,0.01048372994615092,0.0034229427195588366,0.002599554537553895,0.10503278301434765,0.06696708389682067,0.07668039058285528,0.1824239195076984,0.23932299270024657,11.058327,6.007268
3,13,9,False,L5/6,802.0,0.009839161854747579,0.006115236792989685,0.011997535438017194,0.0001319458005600922,0.06681435003930253,0.004518810254760491,0.1619584477522198,0.11953585523459928,5.7429442,2.4928212
3,14,9,False,L5/6,676.0,0.1133576365175693,0.04,0.010344195051437704,0.006393926127377067,0.0,0.0,0.0,0.18879103852648313,-1.9295323,9.389268
3,15,9,False,L5/6,2149.0,0.01289034470176121,0.0017636862839822966,0.00536165159291295,0.09522428984887059,0.1488923771846988,0.21985549438032725,0.2015340919890627,0.21737961696915328,11.181577,5.0951757
4,1,1,True,L5/6,774.0,0.01838343150195506,0.011331196941251516,0.002797943484764775,0.01550005667849372,0.003614897415238784,0.20051156400065942,0.0,0.15959683889994722,7.8453197,8.85511
4,2,1,False,L5/6,927.0,0.00028816133536559277,0.0037388311397805775,0.0011794227154580995,0.06248128026330831,0.14381479461293176,0.0,0.24419777351585434,0.04528906376047047,8.428165,1.9844542
4,3,1,False,L5/6,3312.0,0.013672835307341468,0.0029871727341998573,0.00897806552035539,0.10868098022502876,0.116305086663525,0.2545465436648571,0.23238678734645282,0.1676119394140277,9.172795,5.1584606
4,4,1,False,L5/6,1514.0,0.002004321438129978,0.006503373982164713,0.006346497685999133,0.13033458334513595,0.12669540748297892,0.06278181188524236,0.08691468027671871,0.1498450909219396,11.404157,4.4617643
4,5,1,False,L5/6,4163.0,0.05563087970157267,0.017565660452268067,0.012356463088634088,0.021648141976133697,0.00898332468820976,0.0,0.2807938745288368,0.1496710752500734,4.5376973,2.7819533
4,6,1,False,L5/6,881.0,0.040708109316952235,0.015039085549685045,0.009587654751357814,0.009112527724881265,0.002263850905310144,0.14236844664165327,0.0,0.07024802644623133,0.980916,10.744336
4,7,1,False,L5/6,1444.0,0.0012518498831697548,0.01308413498678009,0.006552251484272926,0.07830009074440772,0.11933307612111686,0.02125925818320377,0.11873567092432574,0.13320495218269776,7.165998,2.249796
4,8,1,False,L5/6,10493.0,0.00984238844740756,0.005026741319166283,0.002402289678147518,0.11073768150377648,0.00011966433143636183,0.2158486450569548,0.10044682412236083,0.13803760072412768,10.852158,7.677452
4,9,1,False,L5/6,1107.0,0.005611596720344453,0.007424240181199452,0.012432357435636013,0.06890162662214949,0.07497200421599585,0.33807220288048767,0.3077949016603902,0.06777130811048732,7.620711,6.1861467
4,10,1,False,L5/6,980.0,0.13335037986440454,0.04,0.012138522280126324,0.002869450518873014,0.00040265233710940824,0.0,0.03803104093360931,0.19678005233987073,-1.7749679,9.325695
4,11,1,False,L5/6,937.0,0.004699885173297893,0.006616573780951883,0.01239897892029443,0.08945091141848818,0.034418405628539886,0.2498407500562572,0.11782026174284913,0.1402773583325129,9.141208,7.625749
4,12,1,False,L5/6,928.0,0.040011143621982645,0.017898957347767957,0.006837124025297683,0.000710977914819211,0.0,0.0,0.0,0.08311256773778494,0.7367218,11.285433
4,13,1,False,L5/6,1804.0,0.002340734620380322,0.010041686784767967,0.008751611050626842,0.09647321512837352,0.11844904799477347,0.16280273790953245,0.18769633409546457,0.0936908734339604,10.328952,3.8646781
4,14,1,False,L5/6,1570.0,0.0032525367998785483,0.007227202511519898,0.0022928135746500466,0.0976396101197177,0.031022320002997927,0.2566494551898858,0.15921396135447127,0.038662541570952676,11.2471075,8.35925
4,15,1,False,L5/6,4201.0,0.014331046116696777,0.00523084905978594,0.008932855845921768,0.08611783831139823,9.123191064676032e-06,0.28071804177631327,0.2148971056010743,0.14595692267070443,8.420274,6.6863294
5,1,7,False,L2/3,8118.0,0.015274651534534939,0.003739799481338666,0.003405382749419716,0.0,0.12417974586050427,0.16306302537264705,0.13383252438914114,0.19353178866594845,8.296075,3.3379617
5,2,7,False,L2/3,514.0,0.00017796125207312648,0.011464939917979576,0.0038053864441804984,0.05511850948952465,0.14628371923523198,0.13525582249955675,0.08846171476938593,0.06842228692852408,8.85421,2.0286293
5,3,7,False,L2/3,496.0,0.015190095452766936,0.003545197360286683,0.005093568149926907,0.0026764783653797446,0.033801503560707456,0.009508746556248898,0.09770896065064408,0.13240937328160024,6.949884,2.9761164
5,4,7,False,L2/3,1173.0,0.008349688439633749,0.0024143155374112355,0.0040263304470176935,0.01965417865091953,0.12004949359911762,0.1523896442060209,0.08201857980688819,0.17615001916812742,8.34975,3.3421202
5,5,7,False,L2/3,513.0,0.0001,0.007321803294995673,0.01010046997619257,0.047739273291952274,0.04956236418853539,0.17063193998535262,0.16686521320361974,0.22314663529169823,8.690679,5.373871
5,6,7,False,L2/3,515.0,0.13180307289561077,0.03437632304043456,0.014848865001092138,0.0,0.00020861149572601686,0.0,0.0,0.29314263088445924,-1.369636,9.219943
5,7,7,True,L2/3,451.0,0.01253331232733324,0.002480564920669104,0.00329397571633724,0.02457687153794589,0.05637473476893082,0.20478034930098601,0.13395701940611476,0.05182590857892544,10.002372,2.434145
5,8,7,False,L2/3,489.0,0.07678502077167709,0.027068924839553504,0.008384253933259317,0.0004257612681649834,0.0,0.0,0.0,0.17284182968601394,-0.44741827,10.647123
5,9,7,False,L2/3,462.0,0.010521251060875732,0.004158821071258082,0.011355763280565388,0.012395510510422189,0.05175987663558572,0.0005963782808002305,0.17160608811705075,0.17718897553771668,5.5336857,2.9307797
5,10,7,False,L2/3,614.0,0.005826816234565144,0.0066437697041090505,0.009219201944459014,0.07363925666765118,0.05101312226768946,0.1556113164057755,0.12648730909593695,0.24551759822004832,9.537258,5.925811
5,11,7,False,L2/3,1744.0,0.006941760124373753,0.0035443438150830142,0.006524620933213873,0.09063523777998211,0.14044395229310255,0.1865137194920448,0.14671041036794297,0.055344529171820186,10.531321,3.534426
5,12,7,False,L2/3,914.0,0.006376929698246539,0.005677257531740554,0.01071585746551865,0.011982126057387615,0.11746346630925175,0.03582237541812949,0.14920506957393012,0.09325623558289597,6.058241,2.0320678
5,13,7,False,L2/3,839.0,0.019674896471214738,0.0018674154230102424,0.010309164614404521,0.12266002045310012,0.051393622494823724,0.1522646498673679,0.28223158339902155,0.05913187587624073,11.6012125,8.155061
5,14,7,False,L2/3,585.0,0.014503912188339957,0.008288793612561662,0.009861779985695058,0.016627110648440923,0.010422986110843012,0.2716219653678234,0.07207996267406425,0.11227654661988674,8.8710375,8.964237
5,15,7,False,L2/3,532.0,0.14553660306796012,0.03612726132503898,0.008586251285109724,0.0005341595375224048,0.0,0.0,0.0,0.1704312934800519,-2.0126038,9.593804
6,1,14,False,L2/3,2954.0,0.007006101126187854,0.010942403028606863,0.008793603906604497,0.042638630336496404,0.06067587138974602,0.14770156940907744,0.08845362967471421,0.17719412742513174,8.87172,6.031426
6,2,14,False,L2/3,8085.0,0.013880146567711719,0.004604567011151205,0.009121243912305194,0.09760730988728722,0.07740979132948465,0.2806060481943899,0.16403554468406614,0.1353515620045006,8.451103,6.3949776
6,3,14,False,L2/3,3155.0,0.06328622794874562,0.0047890622101884935,0.011780341667134427,0.02605290707335493,0.02099527069544335,0.03470651064963975,0.0,0.2652639403402008,2.0522394,9.676068
6,4,14,False,L2/3,4829.0,0.008112561048221624,0.007216280982030747,0.009607792081627136,0.09004917188751747,0.07867638378328937,0.18609456276383368,0.1627983829361043,0.19022288340823706,9.480153,5.461621
6,5,14,False,L2/3,4999.0,0.005223597196488624,0.008957951945017495,0.007847643831499421,0.06174540381605315,0.11061925612726153,0.14584334295285578,0.10109402680267492,0.15663963928982977,9.023529,3.9718158
6,6,14,False,L2/3,4730.0,0.10800879411964417,0.030466791024130555,0.003625392209522407,0.009003219523772829,0.005753181679977456,0.0,0.0,0.2591826401554701,-2.3357878,9.239781
6,7,14,False,L2/3,4327.0,0.09384949095445026,0.010449111563410407,0.011558302738438012,0.0,0.00673037620390033,0.0,0.0,0.24885734614685254,1.8039818,9.596722
6,8,14,False,L2/3,3647.0,0.047606715641730496,0.024470871328324942,0.00782254921230038,0.012200643016073818,0.018801561674889476,0.05059551378099976,0.0,0.20838049107536177,-0.033102926,9.764727
6,9,14,False,L2/3,4276.0,0.07084543183516384,0.005473011386768987,0.007074559020968722,0.0,0.005966977655248404,0.0,0.0008560991677018349,0.15877539316276346,1.9454165,10.110493
6,10,14,False,L2/3,3999.0,0.00825694882184789,0.008276872516451358,0.0039014428920370672,0.05458864696356795,0.058268381135444976,0.2971831004116607,0.007569685740301796,0.05868422444384997,8.929207,9.432813
6,11,14,False,L2/3,16766.0,0.01591876958958865,0.004494553872294387,0.0037590934403613904,0.06625771862945844,0.12212754380968951,0.24441609881473078,0.13795416080262993,0.08972480446117054,9.642021,2.83424
6,12,14,False,L2/3,4768.0,0.11770349321098517,0.02994224588974991,0.0027963008783186633,0.007966423991884807,0.006219857141959133,0.0,0.0,0.2529822154250922,-2.3652241,9.242839
6,13,14,False,L2/3,3347.0,0.007362831650043016,0.010860660010139158,0.010497367981177421,0.0303712697865148,0.05852869101611559,0.15764392409953779,0.23429707675415112,0.050734455986562774,7.219329,5.957692
6,14,14,True,L2/3,2324.0,0.016865758504215532,0.007950147904390635,0.009181215988299258,0.012952556706536491,0.04442922835114227,0.0,0.29360207654010606,0.11417434049363408,4.9490714,2.5454648
6,15,14,False,L2/3,8921.0,0.012924178961809425,0.0049958612710503175,0.012251478804640075,0.03642144891212727,0.1231375345326424,0.0014669559630799394,0.1651947347872043,0.22497324049394038,6.470005,2.8814027
7,1,1,True,L4,3239.0,0.01587787861538319,0.008506353642521851,0.009042575437042084,0.046008766932619787,0.012192970918235957,0.25523319134146416,0.0742024194525721,0.09496994714804925,9.00596,8.907407
7,2,1,False,L4,4206.0,0.050919399430885,0.007559129227244379,0.011059141472487419,0.02363119879190923,0.007175716596769643,0.2388478423819967,0.24281582107957372,0.19543986777818262,8.04045,5.9715047
7,3,1,False,L4,11390.0,0.015605684563387259,0.003869833017121258,0.00743097495401342,0.11433266519322947,0.04074020456848807,0.1631196764698442,0.17099710311089195,0.09521991412769308,11.385508,8.163751
7,4,1,False,L4,6829.0,0.004633914484259714,0.007664698638626741,0.0035895246143961253,0.06890509160853736,0.11994606978383547,0.012473604129050804,0.2050632503796104,0.18458462466537723,7.4459796,2.6873057
7,5,1,False,L4,5808.0,0.010539728670512283,0.00020427213279353276,0.0,0.12455896116261476,0.14783520689983407,0.13592768080711362,0.04149989065161709,0.06529156740942588,11.722132,3.749019
7,6,1,False,L4,4701.0,0.003111316924596132,0.011413212738190829,0.010663210369520022,0.09513179870231211,0.08807912923086765,0.09403615816852176,0.2729488006183768,0.08611504140248771,7.8532524,5.6993103
7,7,1,False,L4,3569.0,0.008142199387910394,0.009280315137275959,0.009417784020752495,0.04920698483119908,0.02571034830235312,0.0,0.17505526990603612,0.11598800099744001,4.9372067,2.6774888
7,8,1,False,L4,3566.0,0.008484672136549503,0.008100421034219145,0.010415818943095057,0.0687982098920751,0.03363925403744404,0.22251048334771753,0.3025550360958625,0.07345251909303606,7.5482807,5.9997134
7,9,1,False,L4,3979.0,0.007063931358234695,0.007229684241357986,0.0038394570185014314,0.06042743570970302,0.06828126187095422,0.033739374568903475,0.24172319890695956,0.18512555046202445,6.421428,3.4391756
7,10,1,False,L4,4389.0,0.09413415624606619,0.007271397103842168,0.018990517281060618,0.03048319060726831,0.0,0.2924941069899174,0.0012567537257172838,0.22439662086994983,6.866137,9.49862
7,11,1,False,L4,6036.0,0.06699830143937745,0.02879434745916256,0.0031840156436028885,0.00017114236512583836,0.0,0.0,0.0,0.09641221996065871,0.6878522,11.202358
7,12,1,False,L4,4956.0,0.017085967127851952,0.005098460697795858,0.01068954175857574,0.05697482546007671,0.050439617308575845,0.03466421438381912,0.3204450893937728,0.07320926443916219,5.1268315,2.476859
7,13,1,False,L4,3587.0,0.07260572492496507,0.006941007673014105,0.009499844827108906,0.033115977627615326,0.00019592937267771086,0.2854610105953463,0.0,0.2790042028343536,6.8936644,9.462478
7,14,1,False,L4,3762.0,0.02388206414290791,0.00975136650980648,0.010141751462085744,0.03082973332922597,0.008922561123161966,0.3137356720088605,0.055420875222098355,0.11996008912747404,8.783472,8.996161
7,15,1,False,L4,3431.0,0.012171839808519816,0.010112762481945911,0.0036002734978279175,0.03927667039829416,0.0,0.3554727499343477,0.0016650177477552015,0.09336610098588274,8.70989,9.575148
8,1,9,False,L2/3,4208.0,0.018505870303269986,0.0024253951354631835,0.0018079122668513828,0.09418984055894346,0.1263991579357271,0.11918272419739159,0.07242193835436206,0.2196377447903935,12.077052,4.599627
8,2,9,False,L2/3,2149.0,0.012225904725757701,0.007644233783784855,0.008391657834305517,0.05105210258879778,0.01944646625969147,0.2918371365178357,0.032489481444062815,0.23380423359368907,8.234336,8.072465
8,3,9,False,L2/3,1127.0,0.007244496051648609,0.006804611703506936,0.01070659172221896,0.017621207930630763,0.07944241830408239,0.0035410662373137336,0.2539230652291775,0.09700101087506459,5.523266,2.2175727
8,4,9,False,L2/3,1020.0,0.003126443776167421,0.010348203408751536,0.007936354308018057,0.05890593206967645,0.07243546355836228,0.19142219404205651,0.18488205409753442,0.19083909568663576,8.225462,5.0801115
8,5,9,False,L2/3,1166.0,0.005692703924917353,0.0067816874789803396,0.010718358674486771,0.06949003590414474,0.05579727615528693,0.18606768871244092,0.03983995615684081,0.09681325428611753,9.18596,8.367399
8,6,9,False,L2/3,4752.0,0.010036163462956712,0.004281417144730225,0.005276978939891301,0.027420540050389658,0.12077396368391695,0.1561585582307272,0.1399730477259439,0.11791673738525016,9.086269,2.6258523
8,7,9,False,L2/3,2353.0,0.01794161774463525,0.0026550694105292425,0.005404476657129897,0.11017719217814989,0.0939559956158287,0.18939914669666774,0.13482333965473844,0.1611451429014048,10.815227,5.5679054
8,8,9,False,L2/3,1955.0,0.011324337442612742,0.0038982588124557935,0.002564517430293819,0.03696325637671887,0.10579350120035301,0.21850308696418502,0.11309318066084029,0.07364940359497993,9.207506,2.4318593
8,9,9,True,L2/3,742.0,0.027647528284362097,0.011681450982635155,0.00660637111246249,0.005035568277267107,0.010689895155680407,0.005847776214375403,0.18082184871396756,0.07310902442267275,4.3578734,3.307117
8,10,9,False,L2/3,1142.0,0.00010714325233754874,0.015465328747393297,0.0012018722302785361,0.15488621781620346,3.3678335818578354e-05,0.13067665405966924,0.060965256350990135,0.19921199450334554,11.018947,6.827791
8,11,9,False,L2/3,1544.0,0.02607327284890843,0.0013514232060983752,0.009772167172986176,0.12839158054723418,0.14345840811072477,0.18271822716758873,0.1028706436937921,0.08952622057739308,10.739596,3.985024
8,12,9,False,L2/3,2690.0,0.009601400401686703,0.00442388458206914,0.009735614771195085,0.014298646581944185,0.1273039809242725,0.00017064376336729326,0.15273964786334926,0.06698797432976335,6.0350394,2.003139
8,13,9,False,L2/3,1640.0,0.004726607989109668,0.008133729479346003,0.009823174603364212,0.018272124257491713,0.10231942426112028,0.0021922346669510625,0.10699409512803644,0.15634006927117483,6.363836,2.5937746
8,14,9,False,L2/3,940.0,0.048796495103312486,0.023388573117425173,0.011753559757761272,0.009729021265919508,0.0,0.0,0.0,0.16363993286824788,-0.018599885,10.8008995
8,15,9,False,L2/3,759.0,0.031391574379287045,0.023821819329947272,0.006880547370811003,0.006038878482210042,0.0,0.005851717906371458,0.0006139146058499098,0.10712411682779702,0.6263925,11.215248
9,1,5,False,L2/3,2768.0,0.005525750753200995,0.012417084111948832,0.011532453616461156,0.05322636032539439,0.06329774700480245,0.23784199727102026,0.1625567360351832,0.0890364134494423,8.227205,6.396333
9,2,5,False,L2/3,2664.0,0.012514855616009707,0.014155543419125031,0.012938024854467357,0.04493072713669108,0.030704723516019924,0.3208086268622066,0.0,0.19806375741937,8.685845,8.718531
9,3,5,False,L2/3,8744.0,0.009092610653062204,0.004071300056351258,0.0031064103467756767,0.1349218928599688,0.10054071576657686,0.15377155372625975,0.13113863561496392,0.20295434899047818,11.247893,5.254604
9,4,5,False,L2/3,2810.0,0.00881878777338717,0.013240206596290932,0.011360052208732862,0.05557036772133045,0.032319288366411486,0.213855477383223,0.0,0.21026160788062276,8.517454,8.035261
9,5,5,True,L2/3,2415.0,0.07989108595505556,0.010058901509595595,0.011860083329952613,0.02657776361852182,0.023696677441322395,0.098144478285889,0.0,0.2437314978695569,2.2066464,9.717185
9,6,5,False,L2/3,2897.0,0.07147226878615501,0.02464401667851003,0.004802270894820488,0.008559233506143136,0.0,0.0,0.0,0.1912369984715601,0.15652049,10.034891
9,7,5,False,L2/3,5637.0,0.004536174658294014,0.007566201409409909,0.006490406058521808,0.10931204901092303,0.1293269923791349,0.2456783280298273,0.09326181574405437,0.22090466590729563,10.735806,5.2157216
9,8,5,False,L2/3,5757.0,0.0002139091922387432,0.015761441967289402,0.007169747810442522,0.1549258688758973,0.17031847077598192,0.040382073409595,0.073273011155285,0.19255656588893696,11.6290865,4.7591977
9,9,5,False,L2/3,4411.0,0.07051075724871515,0.02375034732260428,0.0057463989994916125,0.0024699933504008387,0.0,0.0019061056016226787,0.0,0.18619499397680273,0.08727929,10.043404
9,10,5,False,L2/3,7064.0,0.005589257861623601,0.009687923561673292,0.008200882700699606,0.09731835037394466,0.03649508206527929,0.27023636454205785,0.08592688177914101,0.18286443498431684,9.613754,7.3195763
9,11,5,False,L2/3,2453.0,0.07552165805117737,0.010212060748465413,0.013365815650355276,0.02054033002865731,0.019040450732117933,0.011968505480644012,0.0,0.32121573675997195,1.7828333,9.560533
9,12,5,False,L2/3,35518.0,0.010810792975090461,0.0068461434032306345,0.002241394058385859,0.1022999866926085,0.08653703314046236,0.23941677193011063,0.2635024948883161,0.11544295417529003,9.898909,2.9893165
9,13,5,False,L2/3,7016.0,0.000969634795426998,0.014592359781970996,0.008188366147664416,0.15231662969099252,0.13830715842510866,0.07356000533867751,0.20576548050023413,0.11920290961834623,11.119067,4.4126754
9,14,5,False,L2/3,3583.0,0.07304120287499706,0.027341231753004073,0.004818573659540363,0.005824213032191711,0.0026880595829049487,0.0,0.0,0.20456237047151815,0.1255403,9.983101
9,15,5,False,L2/3,4143.0,0.08991177483065044,0.012689474666955,0.008691364137383173,0.0,0.012129130832098389,0.0007276038019467071,0.0,0.2934953196890403,1.6328378,9.504183
10,1,4,False,L2/3,1899.0,0.005805638332174064,0.005487405417404076,0.012316775487942267,0.06704298164913856,0.13452306453302737,0.18587964369879686,0.16113866810767927,0.09934695705109751,9.914728,3.9036102
10,2,4,False,L2/3,990.0,0.005902994161664381,0.0050740633005062815,0.005182395542274659,0.05157020683572683,0.033719173770365686,0.15146439083633295,0.14745865948682982,0.17305338578590812,8.120278,6.8941
10,3,4,False,L2/3,987.0,0.02186216136799358,0.00946646530444546,0.010774264394920852,0.013289363838719108,0.018999240080775626,0.06597183773794255,0.1638082044495885,0.2325181540943344,4.8500705,3.6693783
10,4,4,True,L2/3,816.0,0.1198173805813592,0.03379023105735509,0.0066949742074717015,2.9034401908204573e-05,0.013476210953936014,0.0,0.04613053143352291,0.07543013295338433,-2.3433073,9.980751
10,5,4,False,L2/3,956.0,0.1431139979888374,0.04,0.00790271750524736,0.0018162053281890647,0.005662371122877454,0.03187490065990399,0.0,0.2060236859105321,-2.0358908,9.282758
10,6,4,False,L2/3,1936.0,0.007928505092432607,0.00570007606532849,0.008080508876098883,0.01137378507642477,0.10183548366968141,0.02385541834310498,0.0651432682920456,0.2235900017494505,7.1033897,2.9292026
10,7,4,False,L2/3,974.0,0.012396925736370298,0.0001,0.0036632984325877705,0.14808900707703776,0.10400658572843693,0.1857629900356842,0.18314731394126557,0.14588333441810306,11.094681,3.7521722
10,8,4,False,L2/3,1104.0,0.004611926697550785,0.004895969292557357,0.007711698064438853,0.09501151337701866,0.06365947668830109,0.35612526900359504,0.14959965580507856,0.2831710900298971,9.308104,6.036547
10,9,4,False,L2/3,854.0,0.03375566293580126,0.022686849771379993,0.008982058085609316,0.001992266534955106,0.0,0.004806979381521004,0.0,0.033018901107139516,0.006324636,11.567352
10,10,4,False,L2/3,1164.0,0.009660314923395903,0.0017208301455230062,0.009317781346711062,0.05130242397098169,0.1491214136470213,0.18182867565720612,0.2345997062454807,0.12367371139996242,9.218336,3.7391858
10,11,4,False,L2/3,1654.0,0.024869223284781264,0.0012928864904680286,0.00589620152169389,0.12911536944682397,0.006317780730143406,0.13393740177892507,0.04545551463111215,0.034830669201384085,11.659638,7.9254637
10,12,4,False,L2/3,1055.0,0.007215372705368071,0.0028599749162798037,0.009723958961535417,0.08425793333120227,0.08089633661274594,0.25236758077494237,0.23581598502347445,0.061498718264497855,9.702259,3.797896
10,13,4,False,L2/3,1503.0,0.010269912059076639,0.002891510968109164,0.004824800313889123,0.10813806811340505,0.008590298143269795,0.12942763017331022,0.0686476675765211,0.22453907456323702,10.541826,7.102163
10,14,4,False,L2/3,1072.0,0.013401498469559306,0.004532233499964858,0.008242390629232993,0.052593057656816225,0.03079504546056166,0.19209845714784685,0.24488488339757755,0.24603789197980588,7.5664744,4.6324954
10,15,4,False,L2/3,4759.0,0.01909405290389562,0.0038844037217186495,0.004226052986640756,0.010805700004169645,0.09226538148660708,0.05149653393038496,0.0771782765857486,0.22700217134992837,7.1355653,3.1019685
11,1,9,False,L2/3,547.0,0.011481108137732914,0.0054737012849303,0.008751372494256513,0.025126055276510007,0.03171724170929089,0.27449813861377065,0.12881760832737899,0.22883763839554946,8.357318,5.8067837
11,2,9,False,L2/3,623.0,0.007333912370700977,0.005029319214523548,0.009904886265722388,0.06895379833064905,0.09087629130170767,0.15227159281252836,0.226638638769423,0.21700445806117089,8.945281,4.8986325
11,3,9,False,L2/3,1357.0,0.012637392600683386,0.002877187507855765,0.007624447607592843,0.11032207434561811,0.08051625982060397,0.1184038964014652,0.15201263769449389,0.09510522081013573,10.7288685,4.1914597
11,4,9,False,L2/3,2493.0,0.010030764074569482,0.005769615851048764,0.00621373728398377,0.07645976837140918,0.04364037241432098,0.19745141483479614,0.17232563206890655,0.24254795621425512,9.454822,6.011488
11,5,9,False,L2/3,3274.0,0.008364783044542783,0.004793018411224955,0.00399003678542983,0.09202383401830462,0.018499907995983774,0.2513064060259208,0.05835230481680283,0.11283727986642181,10.735458,8.1156
11,6,9,False,L2/3,356.0,0.014333013590415826,0.0001,0.0028474142747392153,0.030067917252891974,0.1164116825699538,0.0734316128274887,0.07984262521312008,0.12967087425311014,8.290929,2.485037
11,7,9,False,L2/3,363.0,0.003000579843735857,0.0008622121681500247,0.0061116484515112614,0.00414606490132605,0.0,0.25012385891537353,0.0,0.15126836616221223,8.023323,8.681648
11,8,9,False,L2/3,410.0,0.006476066356168076,0.003068504232398305,0.003493680035430119,0.09140175452128899,0.07031123272288328,0.09772917538325737,0.18373434777825257,0.04933972512767848,10.086579,2.4999824
11,9,9,True,L2/3,336.0,0.0005841619514111147,0.00010010642857144993,0.0017013760309320116,0.0,0.14652662115007722,0.17482535677810856,0.11922861500047349,0.17084441086805224,8.259854,3.2319627
11,10,9,False,L2/3,1926.0,0.013941311491840204,0.0014896357075027673,0.0028196821982713195,0.1383605625645525,0.007310132483025936,0.1026815559951489,0.05913296331039957,0.09488204578009206,11.592121,7.6568775
11,11,9,False,L2/3,636.0,0.008106981535035526,0.004244834591771144,0.008605144631646926,0.09700357572981329,0.03626882361684244,0.1463346265475913,0.17017158887447223,0.24994263021483376,9.382979,6.801265
11,12,9,False,L2/3,684.0,0.008475921263469048,0.005741178456610571,0.007871903441862664,0.035684477961706956,0.03535917213170664,0.2332789871885942,0.28101313258238503,0.18260239964605146,7.780304,5.225151
11,13,9,False,L2/3,735.0,0.022076199336476934,0.0004601530198976743,0.004408504522748911,0.15409074108219387,0.11041124870467409,0.04756818294803449,0.14390890176304338,0.21780712545026662,11.524376,4.578698
11,14,9,False,L2/3,1272.0,0.014329977211619811,0.0038891911347071007,0.012761026803494984,0.028330457281195542,0.08047108573488353,0.27867224460443524,0.16936551349896659,0.15842085117357316,8.1031275,6.001886
11,15,9,False,L2/3,2767.0,0.011394092714692668,0.00272105987561318,0.005299850382658134,0.13121491039191444,0.05437599047957375,0.1591930662564123,0.20606794348315205,0.21120887571177324,10.946336,6.2412615
12,1,9,False,L2/3,12260.0,0.013482737904267288,0.005679139099649048,0.008648090809573008,0.10039723745919873,0.11765974983352288,0.18982923675723762,0.1787216475905023,0.25654414660636804,9.551687,5.0224986
12,2,9,False,L2/3,4883.0,0.07858608949335479,0.005976179312254323,0.006551667785073799,0.018403494569500186,0.023787157138013167,0.0,0.0,0.026930203661322594,1.6045713,10.600156
12,3,9,False,L2/3,5701.0,0.016840865587684405,0.008212121763263374,0.010551907942541905,0.07095084809346502,0.07403262708332897,0.19222446972328833,0.1909387839446285,0.23031364734803722,8.777335,5.1675997
12,4,9,False,L2/3,5843.0,0.07532601318210785,0.005878706885583488,0.011877809923130837,0.027067243696476454,0.037518099100541706,0.0031769652420476943,0.0005160856185708222,0.21310231749195196,2.0792568,9.781348
12,5,9,False,L2/3,6146.0,0.05318423280138563,0.008086044528666616,0.00409889496347778,0.019659536839911586,0.011730673772091903,0.11679049584973943,0.0015176222350081925,0.08527953340441141,1.657877,10.550727
12,6,9,False,L2/3,4772.0,0.03832320430215795,0.026269038395483515,0.007285781777126855,0.019075603465555827,0.010136130481748933,0.005877919943022957,0.0,0.1157282982236014,0.43977052,11.116789
12,7,9,False,L2/3,4410.0,0.047762469331970356,0.009782472164975173,0.003952331876077784,0.019856264710985234,0.01805432986840196,0.1802644165031773,0.0,0.10330555830397149,1.6898093,10.535279
12,8,9,False,L2/3,16239.0,0.017385535990734176,0.004919037693883313,0.005900470999411111,0.10286845942493496,0.07854522052660634,0.25935873070248244,0.0,0.2593850851603633,10.538215,5.6454077
12,9,9,True,L2/3,4300.0,0.03250401841654325,0.008727689251589902,0.010095571963402826,0.03610076039686662,0.05039094049773069,0.1321818389929672,0.050585541258840495,0.1463358932033324,8.975008,8.22298
12,10,9,False,L2/3,13229.0,0.0007532831989044922,0.01592164888529078,0.003153250355597457,0.14967039082656713,0.14752658504026972,0.06872608814355205,0.09714798674998613,0.12287600763829618,11.719731,4.8207636
12,11,9,False,L2/3,4916.0,0.038650468004106445,0.017112068136661853,0.0034849739915852208,0.023455189632809147,0.014161652198854246,0.15752282800680673,0.0011244486641522804,0.22055207930956014,7.441607,8.56526
12,12,9,False,L2/3,5449.0,0.07481217365836602,0.0062275526870590354,0.008185968330412139,0.018375410871165926,0.02638119639340849,0.0,0.0,0.28283545451720093,1.6734722,9.552552
12,13,9,False,L2/3,5323.0,0.0790781001049553,0.006006747589839125,0.00776903241403127,0.01841269874344838,0.025715248524456613,0.0004962821690052486,0.0,0.15574770772535804,1.9555199,10.075832
12,14,9,False,L2/3,5074.0,0.08384100202716085,0.005438489730977111,0.00827971406934214,0.019871447299552297,0.027017260760330026,0.0,0.0,0.17215722903379663,1.9754347,10.022438
12,15,9,False,L2/3,5392.0,0.08773205465846948,0.005678292871840944,0.006954602992723257,0.018700762590003313,0.02305712824498388,0.0,0.0,0.15997465408939338,1.9146075,10.113584
13,1,14,False,L5/6,2584.0,0.13737023359463274,0.04,0.007688516036835476,0.006460001229293697,0.0,0.0,0.0,0.2383247126667674,-2.0267205,9.168873
13,2,14,False,L5/6,7540.0,0.0018773390794328128,0.012210047049579687,0.0019193596807003332,0.1163159101286983,0.09291213088744979,0.08625022835794986,0.06794462918407879,0.14276175061491395,11.712432,4.6883483
13,3,14,False,L5/6,2587.0,0.13521618998135557,0.04,0.00634162525024096,0.002867583463384,0.0,0.0,0.0,0.060485469787137355,-2.4364302,9.969884
13,4,14,False,L5/6,5119.0,0.00730107657651069,0.005106098508586197,0.003971015852372511,0.1272276389285022,0.03762301395594926,0.20755353119748446,0.08450277061736815,0.07823921052291918,11.353803,7.834164
13,5,14,False,L5/6,2343.0,0.014212446729377357,0.0001,0.0,0.12877126996590657,0.06307817250804305,0.13984155519200842,0.08897290027672931,0.10161329044617097,11.76339,6.7057676
13,6,14,False,L5/6,2540.0,0.13622583004359656,0.04,0.007662577472075173,0.006329333724343191,0.007110459020282711,0.0016011681912935444,0.018767065294585522,0.15815958175127665,-2.0791082,9.566782
13,7,14,False,L5/6,1614.0,0.0031601440194987127,0.012045424267125621,0.00377711881953218,0.05560200756819227,0.0697237231581203,0.01962375314205744,0.17979158070535414,0.058604815547795695,7.50616,2.1244123
13,8,14,False,L5/6,2503.0,0.11018101555884784,0.03480935298786523,0.007445039355418953,0.0046696207158076165,0.0,0.0008888654157695932,0.0,0.15593143177371702,-2.0571315,9.86798
13,9,14,False,L5/6,2130.0,0.01709298483197614,0.008533324625055563,0.010143931970532042,0.04698273610618022,0.00033281013836048925,0.21827093857931482,0.0,0.18640362883266498,8.544755,8.220324
13,10,14,False,L5/6,5387.0,0.013951896662447796,0.0054119073832480215,0.005676208534547437,0.08357946775659074,0.002089696743547051,0.18341976349095115,0.1252828470502833,0.1903882436729864,10.578354,7.537402
13,11,14,False,L5/6,1273.0,0.0077998738496180015,0.007977137444275612,0.007274650456098018,0.05526786059721494,0.047570359030467545,0.12274970724687884,0.13057619094469325,0.14549792923531418,8.853995,6.0619926
13,12,14,False,L5/6,2298.0,0.0035386743047456084,0.00010006366109299135,0.0,0.141790884731151,0.13363348083185742,0.0666507786081372,0.14666578037960043,0.04105030983402217,11.444475,3.377601
13,13,14,False,L5/6,2694.0,0.11962990396430204,0.04,0.007545846042374126,0.00032501683308700863,0.009210285439622547,0.00672303016066563,0.0,0.19844420127562665,-1.9897918,9.386096
13,14,14,True,L5/6,1148.0,0.00851994433960658,0.009019350155403071,0.012728713766518648,0.05383876046325102,0.03586302155773341,0.33553252428615615,0.22228982958809773,0.23552465635111958,8.4636345,5.681919
13,15,14,False,L5/6,1350.0,0.02042318221210653,0.011265474147502086,0.005125804445897096,0.013164945834436538,0.012997645264251768,0.1861971289651162,0.12367637202687295,0.07461004687641498,9.78213,9.282868
14,1,13,False,L2/3,7086.0,0.015137997097657743,0.004043679460690411,0.005274282860283983,0.11035203823043432,0.0786447423659155,0.2930361417787354,0.07402425438409987,0.12059764536130199,9.808768,7.8631334
14,2,13,False,L2/3,1524.0,0.06916291582898072,0.025865225830727895,0.007100095245740893,0.007306115648150622,0.004747300511279159,0.0,0.0,0.2828311700487139,-0.054366697,9.056021
14,3,13,False,L2/3,3027.0,0.0005768750246981892,0.01081691827159496,0.004395700611027361,0.165941928625644,0.15786612432547212,0.1177967552837689,0.10251848839650882,0.07525202871873848,11.7770195,4.723217
14,4,13,False,L2/3,15772.0,0.007908715684647813,0.007588082183069869,0.002444574526219739,0.05753047764289594,0.11418181766189761,0.1813368248426659,0.2536818329967077,0.13752656409634453,9.339859,2.9542818
14,5,13,False,L2/3,2791.0,0.001337410661864232,0.014452286703561404,0.005894883746406866,0.10921154165371601,0.0824817075354202,0.241932264421482,0.11535264623704987,0.19098903094199238,10.06935,5.5962977
14,6,13,False,L2/3,3317.0,0.0008461169689489243,0.0149945983327377,0.0041614967791633525,0.029012500483275062,0.14378602698330858,0.15518351435245126,0.17400197816382493,0.1697360075219552,8.806061,2.7909832
14,7,13,False,L2/3,2931.0,0.007290489631474761,0.005212314458368322,0.006129505433303324,0.04463043708878325,0.1293422404879616,0.0002496302987176433,0.19939634360670422,0.19381713536396353,7.347518,2.7180166
14,8,13,False,L2/3,1945.0,0.07199629900451233,0.0267094415270884,0.004989259578198765,0.006904022675871705,0.0028053296049909047,5.268631638373343e-13,0.0,0.15817414011752434,0.15414837,10.182825
14,9,13,False,L2/3,1696.0,0.015421058811751945,0.008173672973779595,0.006133961942308838,0.011634568152669122,0.036127136155269045,0.008198276274005342,0.18920067319331937,0.23046329579599606,4.886,3.3544166
14,10,13,False,L2/3,1425.0,0.008176767745340943,0.011472593895646276,0.012467865339631004,0.034648448007204354,0.02813596654711766,0.302259859342444,0.13837015934799263,0.12286101334520635,7.4010844,6.6842637
14,11,13,False,L2/3,1701.0,0.06793844248987742,0.02516123360654891,0.01087540298853857,0.0029823208267334214,0.0,0.0,0.0,0.3225684067573268,-0.23564033,8.86008
14,12,13,False,L2/3,2623.0,0.01410900187573782,0.001953155445886889,0.0024426026263729677,0.14582824077397785,0.05773601678489837,0.0911602513103248,0.10241233703811391,0.06656379860455486,11.785615,6.658694
14,13,13,True,L2/3,1214.0,0.06420504277987225,0.026441616130974597,0.007082325691755201,0.00612307978142463,0.0026126852464028382,0.0,0.0,0.13257882066637003,0.31508863,10.893581
14,14,13,False,L2/3,2356.0,0.1123174033598331,0.028974990105402124,0.010726061997164166,0.007435134727530025,0.0037729810654831405,1.7367255309821503e-10,0.0,0.18781397935939875,-1.6311347,9.739382
14,15,13,False,L2/3,1890.0,0.004216888650502868,0.009080245529026532,0.007475204080855108,0.07517500024943569,0.08453758502312281,0.11904297984099173,0.2050974142966799,0.11762807718650066,9.453204,4.2666497
15,1,7,False,L2/3,6205.0,0.010209584326564542,0.008031824344026344,0.0067405584307482025,0.04641705326197618,0.07385372508086263,0.20400349964603143,0.22766900522216776,0.1630837884926592,7.9719605,5.123062
15,2,7,False,L2/3,3662.0,0.08886023025298072,0.025431714108966212,0.009773715914570606,0.011484730135684842,0.0,0.006402973485674089,0.0,0.3163783439510317,-0.3425096,8.829962
15,3,7,False,L2/3,3215.0,0.04786251770705379,0.018664703009624632,0.009205937303766908,0.02167528007978726,0.0,0.3295765195659953,0.002090482910790677,0.1250747925673607,8.421422,9.182363
15,4,7,False,L2/3,4602.0,0.0029065611909766,0.010453255113474754,0.006136825597866634,0.09967606168766985,0.057287739610772534,0.1810310343797192,0.0,0.08026240274439995,9.918083,8.165269
15,5,7,False,L2/3,8348.0,0.015616825611803052,0.006833833806879887,0.011682089733527207,0.012518414593557865,0.08875541058155867,0.0,0.24586765257733773,0.1195162174574163,5.539757,2.2533572
15,6,7,False,L2/3,6241.0,0.007208103309382947,0.006399464032190901,0.007398009380912531,0.04950972747758108,0.11857871344883374,0.0022215583094549723,0.2422519046476374,0.07971421727716906,6.49282,2.0770934
15,7,7,True,L2/3,1921.0,0.07572248678092404,0.020442459056189674,0.009417646434718823,0.019416408798999044,0.004717430406127128,0.06151921957659805,0.0,0.35113699048202657,-0.107273,8.738359
15,8,7,False,L2/3,6898.0,0.05415572303094715,0.02342333230323285,0.005883190917312611,0.022637341282570528,0.009195384538792171,0.0,0.15055922099396565,0.2206488545482308,0.43659678,9.460572
15,9,7,False,L2/3,2209.0,0.07264125279532416,0.02107857427465963,0.008879751222577661,0.022859651794743703,0.0,0.0421796515917926,0.0,0.2593647812420863,-0.18940361,9.391935
15,10,7,False,L2/3,5603.0,0.0035837695481185546,0.009283100421221335,0.008181522169365036,0.09235002192614429,0.10529769609800224,0.15696060865014305,0.13802163747162804,0.12882272800519595,10.377771,3.8637521
15,11,7,False,L2/3,5189.0,0.0005057929622964806,0.013796549648705834,0.0016417605868056617,0.12744003557590494,0.14292806735961683,0.18731963504559868,0.18232949216591496,0.03998878918838915,11.922273,5.079639
15,12,7,False,L2/3,4610.0,0.11990727972468246,0.027376823773660564,0.0035574970277779065,0.0017971395575306333,2.6928680311442377e-05,0.0,0.01968299232767205,0.054911166637010914,-1.116189,10.979061
15,13,7,False,L2/3,7058.0,0.0031013188578004345,0.008942428087523767,0.00531316507553702,0.12492078712457562,0.07798964119207666,0.11766606643605061,0.1777672789585073,0.166731935313357,11.478149,5.7615924
15,14,7,False,L2/3,2924.0,0.08693647377843818,0.018782876112170974,0.005786008946522328,0.012289848260814952,0.0,0.013591975399585563,0.0,0.278443557494548,-0.023034051,9.133925
15,15,7,False,L2/3,7483.0,0.017089397385801,0.0048690801220562865,0.007244625949823053,0.08172595127227737,0.046121097619448034,0.21750622226645702,0.12279748405743036,0.1565130650407298,9.053463,6.270769
16,1,9,False,NaN,520.0,0.0001,0.009052045866759844,0.0018975885440071882,0.11093711279232234,0.1263901791664263,0.09485806299233925,0.08407073345964201,0.19047672920774142,11.674427,4.58199
16,2,9,False,NaN,658.0,0.006449402709328576,0.005809572691723649,0.00326189531807456,0.015746676540502345,0.0713531061962418,0.23176100794598248,0.16975678518491358,0.10396181107951145,6.8785725,5.240796
16,3,9,False,NaN,607.0,0.027950605482335706,0.018606766866506697,0.012245395765087269,0.0,0.0,0.09374521364866603,0.0,0.2379805245229219,-0.15172644,9.480642
16,4,9,False,NaN,491.0,0.006332048276233577,0.005028666355782795,0.010657106425258613,0.027014805519703998,0.0695370553570682,0.24717576557701987,0.19327896669457817,0.1225708225352885,7.5462203,6.1383376
16,5,9,False,NaN,533.0,0.01072054280917849,0.004168279089070172,0.009850960125470334,0.060290128730453404,0.022177113599527603,0.25548848624852444,0.07387297090163379,0.06957741008205784,9.242659,8.835115
16,6,9,False,NaN,515.0,0.02292719304919738,0.01807973662062673,0.012104065198518855,0.0,0.01400632833628017,0.0,0.11616528398206076,0.19588441981203403,4.689279,3.7891278
16,7,9,False,NaN,510.0,0.018117402186532506,0.0001,0.005929904908726221,0.01905466493950486,0.008386956445903327,0.19895592860928443,0.0527342682257159,0.3025023162398548,7.699203,8.009068
16,8,9,False,NaN,536.0,0.0049096579732296145,0.0015707814023016382,0.004208643877771707,0.13280973508649002,0.12544647552108584,0.2194938817104951,0.061982834924266296,0.15416248925180606,11.127098,3.9512026
16,9,9,True,NaN,438.0,0.0001,0.003538187691464879,0.0005652777111428085,0.13030028717951891,0.03530779205181028,0.07881312305474193,0.0,0.21552048804781349,10.930299,6.9962606
16,10,9,False,NaN,541.0,0.00018685647461417614,0.014893157953284577,0.004965237314833078,0.05226547036663654,0.07010346841173332,0.19773572111488902,0.050229048862285,0.04576672418620482,9.924072,8.357866
16,11,9,False,NaN,577.0,0.0778965249377263,0.026249573892659004,0.007765238190808363,0.001228152256093374,0.0,0.0,0.0,0.20247564588788372,-0.32660103,9.824318
16,12,9,False,NaN,2329.0,0.009694531631429798,0.0029259551940106943,0.00656584294107102,0.0009422545142213469,0.1384524945811547,0.10496010224089689,0.17392669251139586,0.13705401429624536,8.338434,2.902145
16,13,9,False,NaN,2735.0,0.011952702818669475,0.006057493446011339,0.011240009285096872,2.558068201610514e-06,0.08865461306323721,0.21037878155779632,0.2177110832366354,0.25444249208219094,8.541674,4.7060103
16,14,9,False,NaN,643.0,0.001564207788831634,0.012433435605060364,0.009779103640207197,0.02017331039915054,0.08878977249862496,0.1920348686640628,0.15890590725626857,0.05113617861336331,7.145435,5.972083
16,15,9,False,NaN,1605.0,0.004131121770569784,0.00792981568959103,0.009695528941528487,0.07695260951921681,0.124141241370624,0.18187083084253333,0.18032050802608232,0.23258770592558145,9.442413,4.7542167
17,1,7,False,NaN,707.0,0.009168398985085103,0.00610288271099826,0.002296850855837196,0.007305740630204909,0.05272883226900589,0.010032481773203296,0.24602820155461685,0.05187313913732637,7.614241,2.0576901
17,2,7,False,NaN,930.0,0.02511030077898661,0.00021783224587960904,0.003640054313749587,0.16527042782161283,0.021447432291570347,0.1858522450717232,0.17199260269513444,0.14422991630057272,11.428607,7.3512073
17,3,7,False,NaN,1274.0,0.012204635303821374,0.004853699040062194,0.006521290782081147,0.057927007960762174,0.024297713124243624,0.24671344360946057,0.003968424585620678,0.10185966508337081,9.309012,9.109417
17,4,7,False,NaN,761.0,0.09971495488541698,0.02693750952415118,0.005307124234253866,0.00022246725636083687,0.0,0.0,0.0,0.0494369834809538,-1.0630468,11.010041
17,5,7,False,NaN,915.0,0.015649782324435202,0.005431522134245151,0.012773340822901586,0.011609457318595303,0.049257132043590945,0.03601623693141422,0.16181143292716552,0.12260022781542729,5.73482,2.6084988
17,6,7,False,NaN,1576.0,0.011387133683820513,0.006362743941634781,0.009559060199311761,0.020241537980552445,0.05556462449943414,0.3045793172031245,0.16729721228087935,0.0905670031717187,7.436487,6.3742037
17,7,7,True,NaN,702.0,0.02434196330657664,0.01125466994057585,0.008086098718710194,0.0,0.012428737438023285,0.00031533457142508055,0.34484093672190225,0.22548491921879685,4.7339306,3.143237
17,8,7,False,NaN,771.0,0.03891132984727035,0.024935052516446354,0.010612048400061098,0.0,0.0,0.0,0.22577885844504078,0.12684146668808086,4.3081417,2.8783395
17,9,7,False,NaN,723.0,0.0001607991811082289,0.006896695858996866,0.006516952479980306,0.145468789279314,0.1560946998108771,0.1998098642551752,0.07110856478801336,0.05465687578998064,11.30135,3.9268746
17,10,7,False,NaN,756.0,0.0018832933995298641,0.011438990456118224,0.007838089753579329,0.0703499872189503,0.03754702208241209,0.1749577044031055,0.004216453591478866,0.05006764584879671,9.7175455,8.366514
17,11,7,False,NaN,819.0,0.07506004890558292,0.025744228038374575,0.007775320622896876,0.002921519328980396,0.010517105157512882,0.0,0.16635969089953848,0.22800570835616388,0.2560216,9.313159
17,12,7,False,NaN,838.0,0.001826915897581878,0.006444213976529377,0.011015719218682045,0.14483967763501882,0.054381123151004365,0.18694560051340775,0.07082570602712533,0.040839373470286176,11.202669,7.7877464
17,13,7,False,NaN,851.0,0.003689267722755098,0.004666890777988207,0.002949381472029704,0.12259613236271631,0.06828351722374938,0.11851806845596576,0.04650625031211087,0.04095114064913406,11.706353,6.8969274
17,14,7,False,NaN,1964.0,0.0123471504298798,0.00243060632408626,0.005651781380512591,0.13328124793811202,0.10802481380773495,0.18658353709742528,0.17524680485020064,0.2074300668915906,11.071932,5.0728984
17,15,7,False,NaN,764.0,0.00014209713726203615,0.015514665822271897,0.006226487100573123,0.10578020145717863,0.03967156912129203,0.14111681919992916,0.15022979022328245,0.07202539612674685,11.148771,7.9888587
18,1,11,False,L2/3,3010.0,0.007281530120868582,0.0065507379897255654,0.01260650724188177,0.0983365470389868,0.07405602286465532,0.2564841600227302,0.0006190478777405182,0.1266360678490926,9.181665,8.442163
18,2,11,False,L2/3,2613.0,0.08291646516330144,0.014825732033005919,0.01196211609784158,0.0,0.00603949725126769,0.0,0.0,0.12625652487249192,1.9922217,10.065206
18,3,11,False,L2/3,2069.0,0.06747369855250808,0.02658444198552602,0.005395316019292608,0.002635233007117541,0.005021300231134284,0.01102558015638677,0.0,0.21067429612483077,0.16663545,9.970326
18,4,11,False,L2/3,3183.0,0.015468858540120894,0.008435324064393727,0.011997707730612999,0.06444013996473029,0.00545770046631782,0.1904697405284938,0.0020036191138901975,0.23422358735904078,8.497253,8.07089
18,5,11,False,L2/3,1853.0,0.003316348896293475,0.012453375731564813,0.006850814782799604,0.06450340417304051,0.05173223721910765,0.2079386606179779,0.05090390007943492,0.13776027104375468,9.579139,8.280097
18,6,11,False,L2/3,3363.0,0.006383910998105419,0.0064353003177469465,0.005520142122818281,0.08397197636162543,0.10140826621332628,0.15373359203200224,0.06126658129587013,0.2236895219603253,10.707734,5.5912523
18,7,11,False,L2/3,3076.0,0.09371308817212376,0.022009784977140873,0.012780620347326119,0.0,0.0,0.0,0.0,0.3259327469785798,-0.3245659,8.785565
18,8,11,False,L2/3,2349.0,0.004253212601779628,0.008910168926090327,0.011179597447224934,0.09571340874369444,0.07533072747115262,0.2393995637479463,0.012707236743169514,0.34005563247505266,9.876189,5.9807286
18,9,11,False,L2/3,2044.0,0.010145304101376642,0.007348342708972544,0.01274121929871356,0.03306031608639194,0.07517078481024958,0.0,0.11611785775638123,0.1336750116779884,5.994811,2.6130342
18,10,11,False,L2/3,4784.0,0.01918015451743401,0.0017392956721810427,0.0024828065664179084,0.1414102712508256,0.10809666060989402,0.08606715840371425,0.16195284511575475,0.11490683347818627,11.335503,3.5316513
18,11,11,True,L2/3,1816.0,0.00021807734766289482,0.006406813164090626,0.0,0.16342555410700088,0.13003229233584243,0.10791376810112799,0.11541436220835634,0.16801681885019834,11.879245,4.2373204
18,12,11,False,L2/3,2205.0,0.012343815715675499,0.0065185779197496005,0.0025867804285935906,0.05718308966316225,0.02769595654367075,0.21279639370624998,0.05811073298144791,0.11945480222438098,10.385553,8.442088
18,13,11,False,L2/3,3606.0,0.0075461044577649974,0.00621421055706569,0.007474699178456345,0.0679771616516714,0.1203068169727139,0.1243979571828809,0.1606892993424637,0.22103764485449384,8.918581,4.150578
18,14,11,False,L2/3,1948.0,0.011179234673156718,0.006338621646950248,0.009775072452460148,0.07421877729689177,0.048874222788866356,0.1422931154549184,0.0634220240942304,0.23448409282865074,9.570247,5.987335
18,15,11,False,L2/3,2691.0,0.023273366000759667,0.013919574586571051,0.01121644722495369,0.02126972518863555,0.0,0.2882166096248522,0.00870609018774378,0.15123425110979188,8.381619,9.108013
19,1,9,False,L2/3,3272.0,0.07432237111358064,0.02287908253975891,0.010653482869155266,0.028839841835913156,6.554976093762094e-05,0.12989193453435652,0.0,0.1742617884852559,0.32070744,10.441022
19,2,9,False,L2/3,3233.0,0.06909355933858738,0.02198979382018287,0.008430316536163981,0.01865886369770972,0.0,0.012419148153017128,0.0,0.300530538317036,-0.07831767,8.977541
19,3,9,False,L2/3,5373.0,0.013959575770754868,0.007413839464167037,0.00694804185253643,0.06828041629046275,0.06153845648978457,0.20601195715898288,0.22048979939549365,0.184474967708082,8.001826,5.1125474
19,4,9,False,L2/3,2851.0,0.018039913911948736,0.012560538827099217,0.011639023009388131,0.03125076177835407,0.033771063603926156,0.05745030935244432,0.17138346348256228,0.1422736360434921,4.749336,2.7895377
19,5,9,False,L2/3,3307.0,0.008036607363247189,0.010499882758399283,0.0037156851823000065,0.040039465317472815,0.052796898950934486,0.15734463669793253,0.14766076622752614,0.17240073065082334,6.9689837,4.4911
19,6,9,False,L2/3,6864.0,0.10336015843666337,0.014654696717343195,0.006154537889589985,0.0,0.0,0.0,0.0,0.2084841412552291,1.4373077,10.280864
19,7,9,False,L2/3,3489.0,0.08118836761240919,0.024178133287344944,0.006220681727036808,0.010748577838884934,0.0,0.0,0.0,0.3011385775485729,-0.0403604,9.037244
19,8,9,False,L2/3,5135.0,0.011462296849850749,0.007932523794470608,0.0053456744987462656,0.07136174894309381,0.035932691587869235,0.18929451225891653,0.002166653432163202,0.23039152358300297,10.153078,6.2762766
19,9,9,True,L2/3,2699.0,0.0735411979350908,0.020833337640090894,0.010649524559664903,0.025019789418218977,0.0106192579381111,0.12222133773121645,0.0,0.34309459501257417,-0.14978054,8.747971
19,10,9,False,L2/3,4638.0,0.05895479212882707,0.01490910338743397,0.011188139054595375,0.022635017206083963,0.0,0.02088232398415905,0.0,0.3840234240588925,-0.085391104,8.719606
19,11,9,False,L2/3,3538.0,0.01623262486552137,0.01181996543999663,0.00848544400272912,0.0381316131997205,0.02147403410685004,0.30393733036362525,0.0,0.13775776260637693,8.61123,9.101766
19,12,9,False,L2/3,8960.0,0.006089166787324527,0.0078001583799834065,0.0073257366946546075,0.10908023722782571,0.0702421648781353,0.14406217216526498,0.12012531735835216,0.22141390298846939,10.488859,5.7892585
19,13,9,False,L2/3,4459.0,0.008131189063221468,0.016526684401972577,0.0019023262114938539,0.030797676525175472,0.016729304790126853,0.30175743145080053,0.0,0.17870464825973906,7.9518538,8.9316025
19,14,9,False,L2/3,3904.0,0.07307452270091536,0.00682764271663224,0.011606476246068935,0.02229552213621452,0.020182865907429952,0.13922186803098083,0.0,0.17034550982997224,2.2239366,9.742175
19,15,9,False,L2/3,3706.0,0.06013292855139149,0.009205485239115404,0.011221229039567597,0.0213548180547969,0.026264164251637964,0.15944811818572735,0.1363414197827145,0.16723155820020413,7.5983815,7.035137
20,1,15,False,L5/6,343.0,0.0005471315828845548,0.013489293237465814,0.003593601337289254,0.07985376488463292,0.004802475953086118,0.19787279142185343,0.0757664900693713,0.12221594396915005,10.771425,7.699005
20,2,15,False,L5/6,940.0,0.013187547275885395,0.0034631475020951235,0.008291102998559619,0.03852299943712513,0.08713957903707108,0.1811487920372296,0.14955185794990794,0.23108453721064348,8.360342,4.0753317
20,3,15,False,L5/6,338.0,0.018487928552682432,0.0001597969679667414,0.0073589044616000085,0.086887751550731,0.14697288104900177,0.07616148648781824,0.09856138012732649,0.13567726490320553,10.850069,4.2302294
20,4,15,False,L5/6,1468.0,0.007435116998686314,0.005338359367631376,0.010002841567680536,0.09901299952588448,0.05316161115849315,0.2261365758349682,0.11624715348736275,0.19530626389387104,9.69684,5.6518393
20,5,15,False,L5/6,281.0,0.022465831424099636,0.004811729166916579,0.003135230882043776,0.01004684718166473,0.00920101203746204,0.1278883932181337,0.07004608574536822,0.21432541648396142,7.4221435,8.261422
20,6,15,False,L5/6,310.0,0.011046593299221894,0.0010165532206767097,0.005748984636692186,0.05155878387389611,0.014950504347788487,0.09071072393141588,0.15902170410506183,0.07880349521878578,6.572883,5.4931693
20,7,15,False,L5/6,1567.0,0.007835990886737674,0.0066438189558659985,0.003557575701040953,0.04940055050315265,0.004932289829495113,0.3096158206847555,0.1911100265329118,0.06073899578430327,10.482276,8.869121
20,8,15,False,L5/6,415.0,0.0058068843664585874,0.005133243169094504,0.005719552856518894,0.06154773280694848,0.034843289557991604,0.2088835009981931,0.2447525733491681,0.2314425428975213,7.574154,4.6403556
20,9,15,False,L5/6,329.0,0.02452570185089193,0.012758170950557963,0.00319773219176856,0.004672628933939817,0.0,0.26464237803703045,0.0,0.08802838254327314,8.387452,9.417779
20,10,15,False,L5/6,471.0,0.06376330233656168,0.024571453828742613,0.012247326756516227,0.0032807018789144217,2.5141264633608225e-05,0.0,0.0,0.07804889268622062,-0.105717495,11.50744
20,11,15,False,L5/6,357.0,0.0014957644729911065,0.010352211664276273,0.00878434205070036,0.07615991012156186,0.07415150266232846,0.21857971763387402,0.23301271617708516,0.1093514684029671,9.572821,4.0328436
20,12,15,False,L5/6,6332.0,0.01649781600026313,0.003942926915627553,0.005141274277394592,0.047843323318820304,0.09931350447789716,0.18453210690509123,0.1943783206441435,0.1533216957184603,8.998505,3.2655835
20,13,15,False,L5/6,818.0,0.009080405414270062,0.0059788283235054475,0.002641865188205896,0.021819031336588354,0.03792719531314174,0.21689551280915256,0.21376631666420662,0.11716054021583068,6.8092093,5.2579045
20,14,15,False,L5/6,523.0,0.001389701041359696,0.010060273399742383,0.0029245195053879797,0.10247889886861353,0.015884206205251578,0.11170634272164816,0.13233261495788276,0.24561568994816863,10.621427,6.832486
20,15,15,True,L5/6,279.0,0.0011751978435439261,0.0035707433763923885,0.0069454987040101016,0.14677930158348718,0.12448893337776427,0.2421692233567667,0.18387984340166127,0.040328215091058404,10.7266445,3.457954
21,1,7,False,L4,2261.0,0.02277114038249289,0.0019676059190750534,0.009574730335834976,0.12402736409620702,0.06644166914053208,0.12156376050258778,0.07432258099277969,0.20715067935924142,10.302928,5.851981
21,2,7,False,L4,654.0,0.012540151655835855,0.008972501501722843,0.012086839626344553,0.014569053856209487,0.021620184512510934,0.11193797846376932,0.1731468980484116,0.13193521462116703,6.8327003,5.9875913
21,3,7,False,L4,729.0,0.005711607839101195,0.0045169762742459955,0.002330120573102075,0.08676712984021732,0.06968056930580015,0.19179052099970398,0.22026158573708127,0.06240911098187925,10.096635,2.5931497
21,4,7,False,L4,734.0,0.12543023422395214,0.033331356433036904,0.009088978929278367,0.0014768188712979318,0.0002240184239010551,4.932704065723191e-09,0.0,0.16706301364798826,-1.8893392,9.810792
21,5,7,False,L4,720.0,0.09173589082867066,0.0300110520537002,0.0076086250991856934,0.0011223845700016753,0.0,0.0,0.0,0.2024268015291291,-0.47212034,9.927229
21,6,7,False,L4,727.0,0.06267596581723478,0.026806817747396863,0.00407663386813166,0.0,0.0,0.0,0.0,0.07733442902347229,0.67196655,11.340616
21,7,7,True,L4,520.0,0.007428993750313835,0.007460000624970726,0.003885458289126125,0.0224592890788942,0.01910295170599466,0.22521809106498675,0.1574018296023341,0.13092876184891328,6.8574452,5.30336
21,8,7,False,L4,725.0,0.1388168700726496,0.035956176699849275,0.0049818659381046,0.0010951346109239236,0.0007196956036271438,1.644795632936223e-13,0.0,0.16664591363998993,-2.418142,9.414932
21,9,7,False,L4,644.0,0.013301427059980766,0.003627891562233938,0.0064665160105496135,0.02686379055939859,0.06305828377235322,0.26279506242672246,0.18719521273179007,0.22745990468328448,7.922903,4.643732
21,10,7,False,L4,749.0,0.004683256064240968,0.006000247135861538,0.008835060015110094,0.05453061428562269,0.1295521102933738,0.14267735522404884,0.12001846198191318,0.08340568505303929,10.1273575,3.7013872
21,11,7,False,L4,660.0,0.042526456524658085,0.025219888691399527,0.0041861359107102395,0.003569613879571449,0.000894580396650916,0.0,0.0,0.09420832669328352,0.7276147,11.308964
21,12,7,False,L4,692.0,0.000100186854633308,0.0014461107817141548,8.141318146099951e-06,0.16479909416667402,0.13103839594297056,0.14552497409868032,0.05961782591633373,0.15181049447562509,11.922131,4.250198
21,13,7,False,L4,749.0,0.066413321306053,0.02700385380579546,0.013114270123864085,0.0,2.8267247150760505e-05,0.0,0.0,0.06624027150149676,-0.11576532,11.499667
21,14,7,False,L4,1612.0,0.001443748119958969,0.012302963472383837,0.00661664618329197,0.11939807204367077,0.1275618500754214,0.22517160445423615,0.09480332931131563,0.1847855319142839,10.728909,5.2358723
21,15,7,False,L4,1824.0,0.015209239038837545,0.003956671299409338,0.01240715710266896,0.020503925622262217,0.10095952245655068,0.002226677407645982,0.16046411115366882,0.1578408277174255,6.1547556,2.5208523
22,1,4,False,L5/6,646.0,0.005164670214861251,0.004244004469479836,0.01047715700649633,0.0874431042565437,0.12064201776107981,0.12757418118958722,0.1627783284573043,0.22037358063109405,9.38598,4.661946
22,2,4,False,L5/6,543.0,0.05103758409418904,0.023073617927548248,0.005603309791055704,0.0001030692665622286,0.0,0.004624852631672283,0.0,0.12070000296490173,0.5849225,10.978819
22,3,4,False,L5/6,6201.0,0.007305030543543454,0.0053631893597337645,0.002060714980520228,0.09677501354384926,0.06311297590643054,0.22691279388347202,0.09982803076313648,0.2421350422252381,10.784097,5.6908026
22,4,4,True,L5/6,499.0,0.00011694295676885317,0.0010552067052819372,0.0057042882465086625,0.03168924998839577,0.07387976949328516,0.09522982214618404,0.06549875902496849,0.1195745306900779,6.894362,3.283594
22,5,4,False,L5/6,636.0,0.010571065620063621,0.0023313397872384936,0.006052083197574313,0.0258600631088348,0.08281439368280995,0.09956882391507368,0.12839247131086917,0.07897749979172482,8.129796,2.8121078
22,6,4,False,L5/6,652.0,0.0012894478955368185,0.012354850389470852,0.005528090863599063,0.050905819707389194,0.11782531194505191,0.16043399922884052,0.21957414048922286,0.09404364239115261,9.141433,2.6493757
22,7,4,False,L5/6,800.0,0.009249402558595186,0.005964836691719076,0.011521906975786351,0.026815969686338877,0.06662615337451074,0.2244995705417305,0.2733649568928915,0.14054839979737346,7.715251,5.862548
22,8,4,False,L5/6,548.0,0.009153477278143276,0.004006099406661297,0.004244813489538992,0.008018999299346371,0.015129179358157394,0.21087377715265784,0.18541509268848838,0.14080983609242254,6.782113,5.396866
22,9,4,False,L5/6,5596.0,0.0066667578072004624,0.0064002026337999,0.007109287437626229,0.10199465814842482,0.06629969014069674,0.2824412004090758,0.2507126612664715,0.1397349294062139,8.290541,5.212948
22,10,4,False,L5/6,551.0,0.01646789729871332,0.012865926405782659,0.006795543083506595,0.004896829439957498,0.0,0.21546608128185096,0.0,0.22428466201939024,7.598159,8.681656
22,11,4,False,L5/6,716.0,0.01889276033067652,0.0033407560957794146,0.01161983592908343,0.04337527845239266,0.014004951743414188,0.18292341112024693,0.047786099351240785,0.18905041696616354,8.530285,8.068385
22,12,4,False,L5/6,646.0,0.012515563856995487,0.004609693577823035,0.012886002232957315,0.0011866860034070266,0.06550589839320495,0.002056672495577842,0.19639222099668655,0.20078477700101724,5.4809074,2.946508
22,13,4,False,L5/6,561.0,0.007873708808190405,0.002201497391023564,0.0033541242014860835,0.08854407453633777,0.04772421478142595,0.16847082979294853,0.0705823663641786,0.07076122751788216,11.683458,6.8881145
22,14,4,False,L5/6,596.0,0.0018596495391830783,0.012432241306004203,0.011980057814038962,0.000755670492848774,0.08353339693181139,0.10997371994018275,0.22190454434963247,0.18189430868951947,5.8805275,2.780746
22,15,4,False,L5/6,1203.0,0.022494561808165125,0.0016872788766458336,0.004196843423687317,0.12723335321240475,0.006516830074159745,0.1521034712351129,0.2318179781292997,0.1473555728676137,11.502175,7.322243
23,1,3,False,L2/3,2037.0,0.0008717616438018965,0.011883328430897504,0.004734570870725635,0.14401232340653702,0.02578404091096513,0.21008252281061232,0.06612978052617102,0.058797542585843736,11.313811,7.7456446
23,2,3,False,L2/3,164.0,0.00010009821458607747,0.017110449875806125,0.008709879847110923,0.12723202940853867,0.0,0.05422132548486359,0.09684037125549542,0.09474856275900438,10.335028,7.7182403
23,3,3,True,L2/3,142.0,0.01410560443681498,0.00037232005634935496,0.003142105706361282,0.1508145758735557,0.1134219668910402,0.16376216462901289,0.1454098761683888,0.10261886691638833,11.211797,3.5876617
23,4,3,False,L2/3,167.0,0.014642161113581947,0.01358209415720305,0.003908752473977476,0.0004996165517823356,0.004618786794525173,0.0,0.20481974989933435,0.04289569556336032,4.4463596,3.2976203
23,5,3,False,L2/3,144.0,0.000729191570694632,0.010174746120768982,0.005991077471792209,0.07324713458605507,0.09095789444809381,0.21798748189245776,0.11502911752770309,0.21021333190710378,9.842786,5.916949
23,6,3,False,L2/3,149.0,0.0009332213289382199,0.00010000597969080059,0.007790630616453704,0.17711299793435362,0.0009701223369575858,0.17227278514166214,0.1073131522562031,0.05389876827200081,11.804939,8.051149
23,7,3,False,L2/3,386.0,0.007584916490072032,0.0024224821747243414,0.008233051403570075,0.12260630931402637,0.013746987702206271,0.06774517632591302,0.16559993607144205,0.14637571122433243,11.476046,7.673732
23,8,3,False,L2/3,805.0,0.012637585145580936,0.004856499658277595,0.004364639299083293,0.0417604356066839,0.010041953814068454,0.299455321144429,0.158440135152932,0.09115543023130455,10.478795,8.871507
23,9,3,False,L2/3,143.0,0.10615936874323875,0.024176624348687323,0.007613371533263512,0.0,0.0,0.00393001353658189,0.0,0.20613451409481678,-1.3027562,9.810191
23,10,3,False,L2/3,169.0,0.0068374899332530915,0.010667724225962376,0.004363224855201289,0.013526887492554564,0.003572461392613503,0.1458546082639543,0.0455151230228701,0.1850444516087761,7.4473653,8.377554
23,11,3,False,L2/3,1801.0,0.002528990420362699,0.010053714288262816,0.004580733251535379,0.07757847547203851,0.11412005813607864,0.18731990299566864,0.09661044651102195,0.14529195735110667,11.256597,4.7013073
23,12,3,False,L2/3,155.0,0.0024105516036121333,0.00010017614221087032,0.01689772545856335,0.09349480271339417,0.13546812670107258,0.11014283448457718,0.051697286337447454,0.04237664088236552,10.455039,4.064683
23,13,3,False,L2/3,3621.0,0.002733135556935954,0.009606033810321305,0.0038368262921196937,0.08683114161656054,0.12982371269390489,0.21788529049806804,0.21871234171535464,0.13142880499261378,9.51999,3.0014536
23,14,3,False,L2/3,167.0,0.017005457880890074,0.0001,0.020276639759996294,0.02218501123989668,0.0,0.20669982380324842,0.15808415908753712,0.24370627349283486,13.390357,8.814889
23,15,3,False,L2/3,155.0,0.05951379680247112,0.025375336082349403,0.02159772276463315,0.0,0.0,0.0,0.0047929765555491345,0.22371278176750392,-0.7987597,9.314473
24,1,11,False,L2/3,121.0,0.007429869477561395,0.007115944627873913,0.014020111405880348,0.008050044683516482,0.005416273560311966,0.21570570685420487,0.007285827213089619,0.12422739308160631,8.442478,8.41501
24,2,11,False,L2/3,337.0,0.022811798936471357,0.0011426680690950416,0.009591517691280504,0.051079791884679315,0.11026130356144713,0.17683506885689257,0.14398546686847605,0.18721482931699734,8.982481,3.8878698
24,3,11,False,L2/3,456.0,0.006866928185120963,0.0063322817180233885,0.007798701082834384,7.064292300966274e-05,0.06976580058251008,0.007408661604669677,0.29634929778918606,0.05389374001119266,5.665658,2.1425679
24,4,11,False,L2/3,133.0,0.001309615629652756,0.005402346743663713,0.0025592163369295554,0.07634564859250653,0.1235478731427929,0.16134146437848,0.22952048650938803,0.12533009601806755,9.440159,2.9629655
24,5,11,False,L2/3,256.0,0.003892378381102296,0.00741140828229448,0.010092611378980746,0.012016013576682036,0.07641600015729084,0.21271674337121657,0.0660884734032371,0.09326578491839227,8.611778,6.350702
24,6,11,False,L2/3,1574.0,0.00633875057241582,0.005303937414700666,0.0026652848267639784,0.0,0.10508162689511981,0.094173286686768,0.2235040783181384,0.11922056801144151,7.9276695,2.1978948
24,7,11,False,L2/3,284.0,0.004064895051276179,0.008483311351633055,0.007690448204161091,0.017083282996979726,0.08157835092986966,0.19359898392806255,0.12850859927470834,0.1730886915796749,8.465818,4.0160947
24,8,11,False,L2/3,148.0,0.009263827683596704,0.0019499279725066548,0.00874222628138554,0.08580887897972363,0.10764194776754103,0.20369608225167568,0.1739071683360661,0.09981212177451906,10.090061,3.7427628
24,9,11,False,L2/3,137.0,0.0001329129577588889,0.01531674512306705,0.0031119077559277107,0.11488020717305802,0.034581676663433245,0.17094496717036942,0.2051210357939401,0.20151903595193396,10.832673,6.7979198
24,10,11,False,L2/3,151.0,0.008109129173293421,0.0035695103222595772,0.005141959679212656,0.05477951518437719,0.057269242971369254,0.1957439347217268,0.20012294511934803,0.1362886415444229,7.882249,5.0857735
24,11,11,True,L2/3,113.0,0.0002241407995216114,0.0017412975439102586,0.01784346507087328,0.08325105469298157,0.0011854690994831593,0.1389649968234242,0.1469784841430978,0.07530013734951578,13.120762,8.756272
24,12,11,False,L2/3,416.0,0.014386467475717693,0.00398091313699979,0.005158815028775708,0.029195830254488537,0.008572698273878803,0.2629403304495684,0.09573396173338967,0.07151778946973053,9.491915,9.356276
24,13,11,False,L2/3,119.0,0.0001,0.0001,0.014150015315154179,0.0,0.11560229652416527,0.05346061035662229,0.12395883659374989,0.24276037431375916,6.216595,2.8851712
24,14,11,False,L2/3,199.0,0.017501585736847215,0.0024724925739851404,0.012406156879320611,0.011292384166687836,0.050346662291761,0.083894162144444,0.2025855626030051,0.1704227026667021,5.5719166,2.882699
24,15,11,False,L2/3,123.0,0.00011235146671886989,0.011730955091514235,0.007980189192321156,0.027149736002375364,0.09847598623954429,0.14590620528854992,0.029465819170457538,0.20662202627879353,10.085185,5.9334745
25,1,9,False,L2/3,414.0,0.010404106819320136,0.010519411109993,0.0034644565818476125,0.011165983870704641,0.014527951119344332,0.2004477783457839,0.2556585836448597,0.16966319621795437,6.8722563,5.2064524
25,2,9,False,L2/3,4304.0,0.015500182888179488,0.0035616673573999,0.0026800944002682075,0.07227313280766799,0.11564512103136601,0.2137549185397194,0.18196316846069185,0.13545082990616722,9.449476,3.0182452
25,3,9,False,L2/3,703.0,0.011037785970144806,0.002856216751492909,0.010805584087246725,0.09569396591351075,0.05851516368590393,0.10216805158433877,0.20736772107909685,0.1728964013712602,9.1992235,5.480133
25,4,9,False,L2/3,2597.0,0.016647443382711537,0.0035733157963510212,0.011669764225634607,0.0883177372063699,0.0003063814902180071,0.21674622928887413,0.03728990956653872,0.09752030742158078,9.508435,8.679548
25,5,9,False,L2/3,814.0,0.0018349928515004267,0.010292625492452679,0.006951670781125965,0.06531111011243514,0.1085415627003325,0.16889110229931398,0.15307500599843926,0.05439873080052587,9.895953,3.5570755
25,6,9,False,L2/3,2290.0,0.016743071690057735,0.0032078209258686176,0.006675582924739141,0.085822180678741,0.0002889056089693588,0.2419916155037619,0.01379752199576825,0.0696349094960931,9.5873,9.001476
25,7,9,False,L2/3,409.0,0.008169178795649544,0.004792310799834206,0.011037326615085899,0.01991209923759807,0.07448413813512057,0.2002326472750273,0.10752830423345645,0.23665075023157456,8.605829,4.9284463
25,8,9,False,L2/3,864.0,0.004898104743752005,0.0031526442659433806,0.0058779242984211,0.13813823622356314,0.13339212587073368,0.24286016852565076,0.07044269489430269,0.12213584744131693,11.026484,3.8602312
25,9,9,True,L2/3,406.0,0.01843194498201741,0.01610134697368086,0.009980010107851914,0.007772729635413212,0.00874353013542687,0.047167948698463386,0.2420375261238732,0.15947017796274368,4.612925,2.7519457
25,10,9,False,L2/3,1127.0,0.01934734401124676,0.0022742955496845726,0.012536828665928564,0.03283326007629686,0.1005759762965173,0.3011532577412543,0.14337007801482307,0.06427003697145137,9.245127,3.8570044
25,11,9,False,L2/3,598.0,0.0072330748705657704,0.006070064268971802,0.004853252632291615,0.0232177666121519,0.05043495308863874,0.20836394779803447,0.2449099441701955,0.12871771604442517,6.8199153,5.2515883
25,12,9,False,L2/3,842.0,0.00341788748148928,0.0064363484185476815,0.0046022045440112505,0.06076988640891018,0.1307126713586895,0.10677014637629546,0.15306401114183463,0.11678294058687695,8.833491,2.2977407
25,13,9,False,L2/3,874.0,0.007931064246964463,0.004618530886792501,0.010615614217111208,0.0921305265174834,0.044916731388470306,0.14217471698021472,0.24177929373204293,0.17352120256402065,9.193562,5.4777427
25,14,9,False,L2/3,515.0,0.029886429948959323,0.013793011001315384,0.008929097805251736,0.0,0.0,0.22403751564971458,0.03415383317821676,0.319662085842904,7.4255857,8.864291
25,15,9,False,L2/3,410.0,0.012958855473330937,0.00023223670211892667,0.002327574420456092,0.008021055873723974,0.1494995089285234,0.09814291028957436,0.22043268554436682,0.06573262698504569,8.59241,2.092676
26,1,3,False,L2/3,673.0,0.07786871792718973,0.024953279780512882,0.010706393453973334,0.0014111667439927905,1.677135602988991e-05,0.0,0.0,0.2615036502309369,-0.39755404,9.330501
26,2,3,False,L2/3,693.0,0.07054372708636648,0.02725593403243906,0.006638161599272259,0.0010367233853343025,0.0,0.0,0.0,0.3020722876060687,-0.033158533,9.0300255
26,3,3,True,L2/3,607.0,0.05593362728957516,0.02712728830411237,0.011708996151259882,0.002941504842419295,0.0,0.09476497392460206,0.0,0.1890743688678523,0.30826727,10.437959
26,4,3,False,L2/3,855.0,0.0002076736453457667,0.015045851344786072,0.01051177274407339,0.08765061357434291,0.16683057644998825,0.15299737800691388,0.14694888882904247,0.14137148232690105,10.181246,4.4161816
26,5,3,False,L2/3,2191.0,0.013860616392911593,0.0038250343251419743,0.008906528628097092,0.023439303945544762,0.11125958253386711,0.24284713499903082,0.18414276864110288,0.22967227078118524,8.56725,4.498397
26,6,3,False,L2/3,1895.0,0.01977016905824414,0.002496184711108275,0.006024703426682772,0.038230844040070884,0.10071075491761715,0.1900491055504601,0.19452597760328044,0.2357776004078211,8.073578,4.3665175
26,7,3,False,L2/3,684.0,0.05468397974342351,0.023005552923940152,0.003931341432685221,0.0,0.0,0.0,0.0,0.12629441382520995,0.6837521,10.935327
26,8,3,False,L2/3,6057.0,0.006484011421882656,0.006638025724996783,0.003981209057527451,0.06232786293673694,0.12453917767972297,0.22842800926164056,0.18383091550313277,0.06559761701299273,9.745321,2.862029
26,9,3,False,L2/3,697.0,0.03165096074929881,0.020751644733540457,0.004430783661743116,0.0,0.0,0.0,0.0,0.048447950010547,0.8044213,11.325154
26,10,3,False,L2/3,664.0,0.005727846113264549,0.004576202709710111,0.007709206454653528,0.07257160231089776,0.11186097828756014,0.13350872687699916,0.222737820493023,0.06118066284899596,9.613681,3.7629457
26,11,3,False,L2/3,671.0,0.022559252967554767,0.016319270606368747,0.009480262626461114,0.004271698716655215,0.008070946755777634,0.015000724104895308,0.03593326222178284,0.05448149988760961,1.5082797,10.89181
26,12,3,False,L2/3,715.0,0.08259292397125807,0.026929732005770847,0.008639452761988718,0.0038946154962142938,0.00024447943746692507,0.0,0.003666820566250324,0.1313450887622516,-0.4848171,10.923253
26,13,3,False,L2/3,1223.0,0.013246998226444493,0.003525095288596826,0.005693195873280651,0.0921667378749291,0.030135411874981217,0.20650822511462247,0.2378027770280892,0.15041186146029628,7.9072905,5.260915
26,14,3,False,L2/3,631.0,0.07640500058416573,0.025753037654515133,0.005633788070925428,0.0016388395090341688,0.00047200028219969084,0.0,0.0,0.08902682541395121,0.5076141,11.420934
26,15,3,False,L2/3,1137.0,0.013193832880621717,0.0017522534899108047,0.0019474370805217433,0.0004945449059696516,0.12599447176369089,0.01320957656153254,0.1071280027735417,0.13128653115042754,8.203095,2.443821
27,1,2,False,L2/3,3627.0,0.00014678578219480488,0.010947851283223935,0.00415172574286481,0.14559257549367505,0.1685641943834582,0.1916160658803154,0.08986595924698204,0.22020438195766356,11.610549,4.5275493
27,2,2,True,L2/3,1435.0,0.06320751355470115,0.02554790188844185,0.003977265697166905,0.007274065644485348,0.0,3.798570845418446e-10,0.0,0.24404621416740183,0.39426973,9.731194
27,3,2,False,L2/3,4145.0,0.00445266479713227,0.006639115840644153,0.005465884582727103,0.11588612864625966,0.12661517934151015,0.15403151887983815,0.16171870085189408,0.057158851799029305,10.761947,3.3192482
27,4,2,False,L2/3,1841.0,0.004502359478923724,0.012076870266602913,0.007147409756866757,0.03584358606707144,0.048315156202381485,0.06891674522889761,0.20966049004561335,0.09273247513364785,5.3839765,2.5896878
27,5,2,False,L2/3,3240.0,0.005654628051624094,0.007985103738513572,0.008776411245526337,0.05976223362886399,0.10207802807649792,0.05456607856604863,0.23063573735760837,0.176531300731683,6.347398,2.5920033
27,6,2,False,L2/3,3868.0,0.11523862021532667,0.030958918545386366,0.009608733013447083,0.006727517149130652,0.0,0.0,0.0,0.15716108322920178,-1.8089058,9.830261
27,7,2,False,L2/3,3770.0,0.0029653651247696713,0.006669693877509795,0.007624494955753396,0.13949908719941864,0.11968701183989991,0.16720815417340795,0.20956178297055922,0.21514710241456594,11.027411,5.0145235
27,8,2,False,L2/3,2593.0,0.02521923975324553,0.014589219902973839,0.012521481532034938,0.0025459529769301104,0.026696523576494317,0.0,0.2997815332810764,0.23896742033801685,4.7171774,3.086426
27,9,2,False,L2/3,1595.0,0.052941868073859984,0.023904842687115097,0.011541052825157622,0.018137571863546968,0.004376861693921545,0.08253846997508485,0.0,0.17620454887079798,0.27825928,10.485106
27,10,2,False,L2/3,1658.0,0.014190826757564647,0.014885956929778791,0.011446913456052919,0.02867771691591492,0.029188003360361772,0.16516081658613752,0.372887728886456,0.2676211011828984,4.790397,3.0692427
27,11,2,False,L2/3,3683.0,0.13990267673992537,0.032140088239216505,0.011548207647183685,0.0030493787248228868,0.000492711662021922,0.0,0.0,0.17013413459955545,-1.8175395,9.785528
27,12,2,False,L2/3,1895.0,0.005025960566657385,0.010235155991711679,0.008611424783231592,0.06243119437419012,0.0507900270363136,0.22096717613636382,0.03425916980460741,0.1945679185367779,8.81132,7.9090414
27,13,2,False,L2/3,5305.0,0.0033012590781290683,0.008129511473133866,0.006498959213426544,0.10816894433367046,0.13019338808885544,0.10715727613868002,0.22424691036222572,0.10030331209712019,10.795986,3.0720522
27,14,2,False,L2/3,1617.0,0.03478420403581821,0.012932212980919967,0.012105340044848574,0.017393787734256965,0.02219309558152211,0.0,0.17633379997756918,0.14097747677052108,4.559216,2.8499153
27,15,2,False,L2/3,1517.0,0.00679202231568395,0.017098333288387103,0.005508139337877208,0.027415371561864084,0.028602708728035327,0.1114961922714717,0.22332230101428427,0.22819515485708278,7.312866,4.541033
28,1,12,False,NaN,1527.0,0.02401403746249705,0.00014404057784599836,0.003951081940297826,0.15650409498751358,0.0,0.1400552639516977,0.13348058161987814,0.063951403838614,11.769956,7.76885
28,2,12,False,NaN,1305.0,0.009707252934986447,0.014928585448699315,0.010035751113180221,0.024610421525073402,0.004498212606399636,0.46314260738547003,0.0,0.3081877154685277,7.6123357,8.769923
28,3,12,False,NaN,1474.0,0.011804582810931727,0.005790027949332724,0.011517363225887886,0.04679305846022891,0.023249824563669814,0.1908166650206351,0.008998300081308582,0.18958792781259853,8.538164,8.127325
28,4,12,False,NaN,3036.0,0.013273829032379775,0.003359610066196439,0.006168139598032716,0.08570724959261264,0.11733154019826322,0.232311882207721,0.16981947523965613,0.1654970370240462,9.384506,3.3244417
28,5,12,False,NaN,1574.0,0.009113932217940018,0.006848077084630326,0.008398610905749298,0.058728426452514935,0.059337017732676724,0.2505892640377956,0.24957027933442005,0.19041113378614583,7.8723426,5.240676
28,6,12,False,NaN,1480.0,0.13746774830806224,0.03213694277334047,0.005186145723460829,0.004005308984162181,0.0005672985371365988,2.694221498760611e-10,0.0,0.18915785843223024,-2.3751774,9.425979
28,7,12,False,NaN,1409.0,0.05937682620467028,0.02831567007451482,0.011979400574252386,0.00210990825726685,3.2636958272735954e-05,0.0,0.0,0.05635111569413353,-0.08359569,11.579702
28,8,12,False,NaN,2920.0,0.013533810964308253,0.004409916619070462,0.012663535902564124,0.09107625033596714,0.0967064524431366,0.19407456298419523,0.2077688949509544,0.23553943655517837,9.086738,5.0639625
28,9,12,False,NaN,1634.0,0.0016168732248774598,0.012644507396267707,0.0030598906556036773,0.08378746810293648,0.04562972758980143,0.18515426309129238,0.08916593242555303,0.1662285338115726,10.631729,6.416005
28,10,12,False,NaN,1598.0,0.0806646989802653,0.02669442314061266,0.012090931004941758,0.0,0.0038087395682254266,0.0,0.0,0.1883964066658033,-0.5712759,9.8640785
28,11,12,False,NaN,1465.0,0.0001,0.006681023575994722,0.002010886372583893,0.0018520585456361187,0.0,0.32760843140390145,0.005998883693581595,0.08008491140138936,8.685587,9.567169
28,12,12,True,NaN,1165.0,0.003339212799232022,0.012312337063658719,0.011529340500096906,0.022839674225902058,0.059084167526691676,0.09526479448492223,0.10578014632213478,0.16541533975658554,6.101,3.1721156
28,13,12,False,NaN,2886.0,0.0008239951401232678,0.01447867514154074,0.00868865944288664,0.14411706372891206,0.09942462637550457,0.12542903900176522,0.1921978611866532,0.08502845959964236,11.604428,5.9290013
28,14,12,False,NaN,1357.0,0.0064954878061998815,0.007419182129788682,0.00979097539073321,0.03903661499249131,0.07176619397265199,0.27853254659396043,0.24696884062358032,0.12457998375585587,7.5971317,6.092822
28,15,12,False,NaN,1947.0,0.0038992835580917568,0.0047621029686450884,0.009945759845900298,0.13864801139503685,0.08656917983731217,0.24298526332227574,0.07724610627032856,0.17106214219915872,9.56845,7.777616
29,1,3,False,NaN,499.0,0.01609965597106878,0.002579868750785245,0.0016117799233597305,0.06548879276487501,0.015327305707608697,0.21486038268529356,0.043279528194071826,0.04627034793862174,10.447707,8.48908
29,2,3,False,NaN,3998.0,0.006209257758739994,0.00386226029099789,0.0025305722331594245,0.13889050838212855,0.1384150880423614,0.13049243223156923,0.23626505856813554,0.08402038319048197,10.887103,3.0293028
29,3,3,True,NaN,395.0,0.015520367092768479,0.0027258725576890944,0.010784177748061365,0.03635252508123752,0.041607079192206894,0.20438042574239565,0.1414792009989796,0.21851858753663864,8.373394,5.7650385
29,4,3,False,NaN,661.0,0.009075500664666562,0.00291195350080996,0.008772972330898214,0.07081317587513833,0.12341529218727883,0.1520962686420084,0.12692531667747378,0.0981698928997266,10.229952,3.7272594
29,5,3,False,NaN,422.0,0.10176993755157732,0.025834300883834226,0.007079491635203928,0.00020994731515904693,3.8975449559027556e-05,0.0,0.0,0.07512514389431386,-1.0181469,11.024085
29,6,3,False,NaN,700.0,0.005175376747607081,0.004748297837765365,0.009817273811283026,0.07984475415718328,0.11757198837742311,0.23015759556250096,0.08901288357195794,0.1891849014769252,9.776429,5.191316
29,7,3,False,NaN,438.0,0.01516002192327673,0.00024798476099207917,0.004234315327414152,0.12604735389852173,0.14314322928047551,0.0581741028848297,0.217053757520185,0.09268469582352516,10.887602,2.9865692
29,8,3,False,NaN,491.0,0.012269901645982222,0.004340318777346631,0.011583036057647097,0.0032952272129552103,0.028978256338958723,0.006172221338459275,0.25253768754967776,0.11945811414437209,5.0238748,2.5066712
29,9,3,False,NaN,442.0,0.0001240447100094763,0.008878106252640199,0.01358823873315488,0.05308568616818277,2.8606359856154487e-07,0.229065899611991,1.5315849675827502e-09,0.27005383905657304,8.459243,8.067436
29,10,3,False,NaN,453.0,0.0009267612331602185,0.00021672970764925574,0.0026813185442684335,0.13263022093673393,0.15210342543168948,0.1518422117521057,0.07195818288497673,0.21723792704034003,11.76727,4.38905
29,11,3,False,NaN,1229.0,0.02372145916515437,0.0011063334174872949,0.0029433264310786277,0.1194630441880787,0.07520828907213484,0.22053540891181006,0.21912321422773234,0.09660473981744479,10.654205,3.191513
29,12,3,False,NaN,713.0,0.00881188397749772,0.00367152150830379,0.009127732111961656,0.08940389570678199,0.07932710313955585,0.16540271829316916,0.11249510404768838,0.17035935672033647,9.967962,5.410212
29,13,3,False,NaN,442.0,0.006861372540712616,0.005790896668503205,0.008840470043425757,0.014269460169372366,0.033317190871098905,0.05949478635226067,0.24364095309382147,0.16032895127121422,4.9905972,2.6868238
29,14,3,False,NaN,421.0,0.003991539531378254,0.00017480706112478324,0.0,0.0,0.12203159445780537,0.1680589345039789,0.16920788321578753,0.0,8.541922,2.0753722
29,15,3,False,NaN,546.0,0.00511937767897419,0.0071223545483690065,0.004867254350685304,0.053131523050170326,0.007603499854295374,0.20296586354084872,0.1053925180714433,0.10976729103209626,10.470831,8.52267
30,1,3,False,NaN,1184.0,0.12144788860129303,0.032005632039760416,0.010825094002988847,0.004178183501728459,0.011589649437931528,0.0,0.0,0.15729702832036735,-1.7474693,9.781862
30,2,3,False,NaN,1153.0,0.027148704421492847,0.014724936908592527,0.002615655672687744,0.0,0.0,0.007568562139542871,0.0,0.1315331817464464,1.3979179,10.517891
30,3,3,True,NaN,953.0,0.008460499128035523,0.005607594271105433,0.008840212479587406,0.024646793114618197,0.0427677587904973,0.21153216087581142,0.25497578196349147,0.11515709640737137,7.307163,5.9561515
30,4,3,False,NaN,1001.0,0.0022081912561724595,0.011201262071481446,0.002027588253266756,0.056302106387057065,0.01483713741687945,0.1534513011772032,0.013731829449872252,0.1427853621980401,10.247786,8.285576
30,5,3,False,NaN,1171.0,0.004275677008434709,0.0107496643274368,0.011873198789684711,0.018690102203367698,0.026716951050772823,0.23531938529822197,0.20396803950957254,0.12175867840831718,7.0953293,6.295391
30,6,3,False,NaN,1744.0,0.014476642926553011,0.0029040633972745766,0.008857710074687438,0.09440505160431172,0.1074222205250588,0.23704099037889928,0.14841709579636808,0.057120501432379456,10.117588,3.8148677
30,7,3,False,NaN,2035.0,0.0069446052164064635,0.005402322467952541,0.01010383259728405,0.10332119927014295,0.037045534655696745,0.26374567288496925,0.11269930282508805,0.1469438174120304,9.250466,7.6544204
30,8,3,False,NaN,1125.0,0.021265064249401923,0.010560685545551585,0.0031727085047332485,0.010758305388405958,0.002092492517695458,0.058846040597651,0.0014586507052043866,0.22873765723230222,1.477871,9.730001
30,9,3,False,NaN,6088.0,0.014837858447148796,0.003954231544896282,0.009305624610331601,0.10095708779886692,0.028775449474960326,0.29771758628711714,0.09884529265845178,0.24190750804841948,9.399342,6.7223797
30,10,3,False,NaN,1201.0,0.12452640925924445,0.03532021763372043,0.013314135803567585,0.00023247058723663869,0.02606867623856146,0.0,0.0,0.25521497287500566,-1.4731215,9.271234
30,11,3,False,NaN,1183.0,0.04409075710293539,0.028812697409145754,0.012019888137887786,0.0,0.02761013280494829,0.0,0.00869816749522427,0.038089016873250746,-0.061116148,11.594505
30,12,3,False,NaN,1041.0,0.013914259594882376,0.00811299776102345,0.009696057692307723,0.015951845638456825,0.015158586805999186,0.15438356822761098,0.19274751210049978,0.1273409068217164,6.8679533,5.8380775
30,13,3,False,NaN,1147.0,0.013835241811692397,0.00013707401660969522,0.00995884912689106,0.016935629397386912,0.1618552512822147,0.09694276584639765,0.05431753815585907,0.1869696230244595,8.497576,3.6847832
30,14,3,False,NaN,1119.0,0.00011541209413804092,0.008502781622580098,0.007031864730008614,0.06802754075842218,0.06831817221849494,0.24918987715753832,0.24055481793287625,0.08325282260465171,9.639917,3.8830326
30,15,3,False,NaN,1015.0,0.01809893390745694,0.007916644195337797,0.00458775912039076,0.00984944470484265,0.012792988146992555,0.03910328121841436,0.2420149852971595,0.12137523881907812,5.184096,3.1652434
31,1,8,False,NaN,5485.0,0.014345547267516356,0.0044162375287357,0.009103407612230639,0.06192260315270756,0.10917308335089616,0.17438226666387383,0.12723133015741975,0.14022746319604165,9.267497,3.8946993
31,2,8,False,NaN,3334.0,0.011881783435079474,0.0036267312262023817,0.006005175140737699,0.09855445685180501,0.09517786239772522,0.10931934878442899,0.06989324315771957,0.10082864105611519,11.141297,3.6537604
31,3,8,False,NaN,1578.0,0.00010330352319780605,0.0017397634923188277,0.0,0.16917408729899644,0.10065661635790658,0.086784343171434,0.09124771232961018,0.1896327707193274,11.92433,4.383966
31,4,8,False,NaN,3651.0,0.002968094582088284,0.008546494562441791,0.0093579316857921,0.1297320191767547,0.0017205034956927338,0.1537365147780111,0.04781785163441011,0.21389144466929272,9.610401,7.1848264
31,5,8,False,NaN,1359.0,0.019609371398458694,0.004039661830294336,0.0070406476203021305,0.03274185191797303,0.029301817946109424,0.2585137781594313,0.058441179951105926,0.14921016986982186,8.76785,8.830113
31,6,8,False,NaN,1763.0,0.0001572432648979058,0.013211254376621986,0.006780609893287745,0.11801892688124564,0.1766916136571692,0.10583411855806939,0.11726841368193537,0.11097468756232468,11.17516,4.3478074
31,7,8,False,NaN,1722.0,0.04641326997226716,0.02278877562468519,0.008689698510536754,0.0,0.00018189306600282352,0.0,0.0,0.16149631365733805,0.0961132,10.793184
31,8,8,True,NaN,1250.0,0.0018056804949259854,0.01502083191806184,0.00023352118370017865,0.03600722764084233,0.029181152145738885,0.15028656589749992,0.04937820389676689,0.2374538040162007,7.62272,8.101222
31,9,8,False,NaN,4081.0,0.009463040400865893,0.0055946668378904045,0.005832856109979845,0.04312971821600907,0.11182267941691282,0.19704841786099608,0.18014412390148768,0.1357104563133514,9.1091,3.0276704
31,10,8,False,NaN,1648.0,0.060477855592178976,0.026489469173542012,0.007665486182208345,0.0011895882969220385,0.00031202910598435537,0.0,0.0,0.23686542425050297,-0.2024024,9.57702
31,11,8,False,NaN,3478.0,0.009499175951523787,0.0039281632355343335,0.004346626475930679,0.11245590559541373,0.10021722205721195,0.22148211846764823,0.08159926098388515,0.13455984929730685,11.009118,3.911483
31,12,8,False,NaN,1773.0,0.10870768113041233,0.02742949549983962,0.013102800900479631,0.0,0.0,0.0,0.0,0.2008500516558817,-1.5512307,9.654756
31,13,8,False,NaN,4651.0,0.00809110304464971,0.00541396681705622,0.006724938155050427,0.09984376176048719,0.04399586396755984,0.24279086495186586,0.15843937570979746,0.08584930216402077,11.119641,8.302732
31,14,8,False,NaN,1510.0,0.011060721922116457,0.007991894652602548,0.005191199384635559,0.0,0.04625816878734069,0.0,0.2623332048979032,0.23721596941250206,4.868251,3.2684727
31,15,8,False,NaN,1679.0,0.09058458513241309,0.02667063987178033,0.014944684794500271,0.0003114135164041236,0.00039960040282431525,0.0,0.0,0.22407486783177868,-0.91547334,9.414375
32,1,14,False,NaN,2361.0,0.006300527306040832,0.009805047839533095,0.0037298839482450027,0.06661674999760107,0.034857916829974675,0.23233097833386876,0.16177872813592004,0.23185563559140365,7.713135,5.1530333
32,2,14,False,NaN,3478.0,0.11053057203779997,0.02916346348330234,0.00465696457176244,0.005156018581335139,0.000588384418805451,0.0,0.0,0.09643920733420565,-1.1723309,10.926242
32,3,14,False,NaN,4011.0,0.012163625921999559,0.005120178016987819,0.009454048563379886,0.09843384918701506,0.06501058540774346,0.20867366727411774,0.09113888969412842,0.20226585687139836,9.823502,5.6062117
32,4,14,False,NaN,1844.0,0.006584598060604492,0.009005953823874946,0.007802750620576506,0.06638570327983308,0.03975523063507236,0.25086659068027956,0.0006761518093546336,0.17346440238428623,8.906061,7.957713
32,5,14,False,NaN,9184.0,0.016137132933906506,0.009387123148203889,0.0033703326588386327,1.7171144035814626e-05,0.05795542218615327,0.03940083161233673,0.21989145216964295,0.1883966523538925,5.3801584,3.234376
32,6,14,False,NaN,3656.0,0.005285043018463379,0.0075007580344359625,0.01097847375029556,0.11050105924597992,0.0738562780574339,0.1796758255933182,0.00634856480474004,0.2403567129976781,9.966994,5.874234
32,7,14,False,NaN,3384.0,0.0004779100098282461,0.01360169415411876,0.0032795483278066366,0.16398331302851785,0.12311387687722,0.15493403915318046,0.17073419094849468,0.10725412120528466,11.954136,5.188565
32,8,14,False,NaN,1739.0,0.04130046491463084,0.011469800741757017,0.010200634209302051,0.019080019197242754,0.023568746956319914,0.18243207496562816,0.14039280138896082,0.20126526705693087,7.601882,7.0342546
32,9,14,False,NaN,3285.0,0.09896116564773119,0.026070180100488883,0.010664149319097848,0.009650808044442964,0.001411289422016105,0.0,0.0,0.1550922865048505,-0.5443142,10.8107
32,10,14,False,NaN,2912.0,0.005747676569050005,0.007135880436316247,0.011314238503323703,0.11099019723784698,0.07865931100850539,0.17247773604705294,0.11306881902153808,0.13484766306219978,9.78946,5.081213
32,11,14,False,NaN,3412.0,0.016280853663029334,0.004703724852107081,0.00667528282279023,0.06886088757750633,0.0840980911878916,0.1919100051707243,0.12198903982931135,0.09602426443538208,9.940856,3.582079
32,12,14,False,NaN,3506.0,0.12615709215451548,0.0313023856076307,0.006860998076435366,0.0036049153022747445,0.0021275032587521206,0.0,0.0,0.3217282289380966,-1.1869354,9.006629
32,13,14,False,NaN,2623.0,0.02103932230852234,0.004745094922777693,0.0064076201632645114,0.06404139623391335,0.06798880036230681,0.207390733845352,0.13931279097782484,0.21741029629859773,9.552311,6.009141
32,14,14,True,NaN,1470.0,0.03767479274849022,0.012115544438619851,0.012583219775509082,0.02203310594372724,0.025353358855236298,0.024307399474429774,0.17405865963521727,0.19984517208886995,4.737066,3.7250512
32,15,14,False,NaN,3761.0,0.002969966328135785,0.007075053651599282,0.001490851800290833,0.12463934018914567,0.11135768409842689,0.09626202496798134,0.11083222025938497,0.21006527036686104,11.7586775,4.6012907
33,1,3,False,L4,975.0,0.06768832667561625,0.023716098008526677,0.0044985944110021645,0.00011976036123309086,0.0,0.0015585339951206959,0.0,0.07221866471912014,0.6436426,11.372458
33,2,3,False,L4,5864.0,0.011052734149884846,0.005368854683407217,0.0067862867239630665,0.07015411193817603,0.09754118857759855,0.2697216187847416,0.261102443514366,0.2441401951515809,8.142451,4.5155063
33,3,3,True,L4,684.0,0.030409342954231387,0.01602531577625109,0.00945685167504749,0.005322749112838114,0.006755352094140259,0.02422976195029685,0.25572537567212095,0.05695974780044078,4.5395484,2.756878
33,4,3,False,L4,1494.0,0.0019227162656305185,0.011254495779740218,0.009351949270349196,0.03231587413497747,0.1170118383106713,0.03230502364776157,0.19972303342428116,0.10926645992520588,6.2216425,2.108701
33,5,3,False,L4,1003.0,0.0058441461766497674,0.005770427545775848,0.00560354253574428,0.050170940292846924,0.00890486789126986,0.3030363792678849,0.0,0.05932869380760637,8.926555,9.52477
33,6,3,False,L4,872.0,0.004069321645121541,0.008829501791454161,0.0063395792954544965,0.03872586278382678,0.08658711188999586,0.15733225640895357,0.17654505550936972,0.1673358523970677,8.279251,4.0036006
33,7,3,False,L4,1042.0,0.009741765582983815,0.005204228107806335,0.01087340990093145,0.025338024887361636,0.08032585746602042,0.14217249387930428,0.19385307700709367,0.11495970890446962,8.198554,3.2101011
33,8,3,False,L4,848.0,0.0104877177542102,0.011801379641218763,0.010561327155009795,0.018127383909855792,0.020585379127569352,0.28677643445270545,0.2832879207627224,0.1808920886899349,7.8108215,5.868607
33,9,3,False,L4,7755.0,0.0894044433332537,0.024511400635709356,0.009457688160186283,0.02299468969023073,0.0077451686456621125,0.0,0.0,0.17911658028858696,-0.5121238,10.698012
33,10,3,False,L4,1075.0,0.011231677857300733,0.004869178915729569,0.006101970393400821,0.06465817767268899,0.049546459502233464,0.22056763137986643,0.24354157627862927,0.17357781244597215,7.851642,5.148006
33,11,3,False,L4,902.0,0.00010059003950256249,0.003862589908955781,0.0,0.1255904837077187,0.08317419580368612,0.046685729618312743,0.10567573330357541,0.15255473296652589,11.834859,4.4153748
33,12,3,False,L4,1127.0,0.0019303826197768648,0.010690052292908824,0.010153860009166233,0.09957194209120536,0.025120716445853578,0.16716628677101888,0.017229366294562027,0.15732009664521354,9.9015665,7.549854
33,13,3,False,L4,2575.0,0.001334923113712443,0.01139907787474837,0.01010552360823431,0.13582017982333505,0.12971066404365986,0.23534181467508516,0.23752259557801206,0.09570293914988676,10.275368,3.8516903
33,14,3,False,L4,954.0,0.009641089949001584,0.006380349053873945,0.011027879830967533,0.01985671380502539,0.05783892394760851,0.2331119789901773,0.23274536529081005,0.10410305145562537,7.396272,6.0984097
33,15,3,False,L4,1003.0,0.11230054905534036,0.023997416497796097,0.012312829415051742,0.00010739445800235818,0.0,0.0,7.86339972069709e-11,0.17735577921351087,-1.5985593,9.712349
34,1,4,False,L2/3,2437.0,0.012121546616806766,0.0017510859449766253,0.0035924486575975964,0.14912736351880995,0.06299314010871258,0.13470963923439327,0.05048115109405936,0.10079840107646111,11.7110615,6.607484
34,2,4,False,L2/3,20218.0,0.012736854920772386,0.006379007782158163,0.0036093796852870105,0.08419754747134675,0.08495274882830861,0.2135667823632723,0.12916002916822394,0.22091046706672354,10.789523,5.5959225
34,3,4,False,L2/3,1052.0,0.024532574224439864,0.00010456631215746822,0.004707623062772556,0.019192378784318877,0.11571903288701775,0.1558850266505426,0.07359124815110879,0.17514900465314384,8.3912115,3.4529426
34,4,4,True,L2/3,1007.0,0.0001,0.003768862985244503,0.0,0.13924217343342,0.10144171794786554,0.1545843472394548,0.172884800156889,0.23105345567054103,11.273211,5.197532
34,5,4,False,L2/3,1864.0,0.02149731189040062,0.0019766701623464785,0.005977929853796079,0.008099848047490844,0.11099618160943056,0.1126259162103333,0.0942056175514664,0.09294872738120799,8.305489,2.843732
34,6,4,False,L2/3,1043.0,0.00040686015097797485,0.01393021058971353,0.010143741192657622,0.020265560483752786,0.07440272201985285,0.1162088072519736,0.10748919282390967,0.12899570733541194,6.339071,3.01793
34,7,4,False,L2/3,1850.0,0.002630581115437241,0.010230943515351122,0.006033218265175317,0.021496297731272235,0.12037712574522842,0.18164459106507788,0.1619703554382082,0.12484568507104862,9.051127,2.7410154
34,8,4,False,L2/3,1055.0,0.08593322761042162,0.025850981847138747,0.005907559130158166,0.001490901205897593,0.0,0.0,0.0,0.12014713406864627,-0.52068967,10.915179
34,9,4,False,L2/3,2271.0,0.010271708175945152,0.0026571010910046394,0.008109658395951643,0.12010261940639781,0.13885336933685402,0.2405777359062966,0.1901005740533134,0.11159686083242071,10.427374,3.722046
34,10,4,False,L2/3,1236.0,0.002394702311124003,0.00856349877269851,0.007921704004817788,0.09071397422772368,0.019006021161487877,0.13904772049336325,0.05661367279300081,0.10176570985467887,10.340527,7.729971
34,11,4,False,L2/3,1017.0,0.12745640923140072,0.02572489220221253,0.00896449799265624,0.0011377075955277922,0.0,0.0,0.0,0.2054984203793822,-1.5990044,9.758304
34,12,4,False,L2/3,1043.0,0.004712401195166958,0.004680087437060444,0.008423718045235081,0.018590655579532604,0.05612393402510362,0.1987877201945367,0.22211905789787437,0.0432914815230447,7.2195826,6.1829433
34,13,4,False,L2/3,2989.0,0.012223663966158439,0.002990606117336823,0.005300253484935039,0.005796443998188068,0.12269784654073276,0.1296892176706166,0.23813757423103482,0.21534788505168348,7.853164,2.8292375
34,14,4,False,L2/3,1588.0,0.0017654979118287202,0.010991409309336038,0.011860014941088343,0.023005535046966133,0.12772858745972032,0.21170094548561846,0.18371213731082325,0.1613427489215074,8.670795,4.0233026
34,15,4,False,L2/3,1336.0,0.002441051332797507,0.007498198940006118,0.010439439640095857,0.10998159405253857,0.016801510205251603,0.09887303220220955,0.09285360480916774,0.11675620715344037,10.3411045,7.696164
35,1,1,True,L2/3,428.0,0.04578235084895133,0.02316306864176025,0.008190353400719608,0.0005929105879280598,0.0,0.0,0.00021292798193426094,0.12066694929664805,0.29858,10.994121
35,2,1,False,L2/3,926.0,0.005253791604811613,0.004827327589136522,0.006375143864963604,0.11797005983582187,0.03341356173779704,0.19314076926717919,0.24017281960098644,0.10148220403395987,11.388546,8.095129
35,3,1,False,L2/3,1778.0,0.003938835019783236,0.007921256857887062,0.010185896502862678,0.08385862301466199,0.10711412918695555,0.1329542848537643,0.08421416146341264,0.2480899331692443,9.554753,4.919898
35,4,1,False,L2/3,9655.0,0.011936567392694242,0.002743500224740552,0.0018844901583518715,0.128265360014219,0.1408246155266837,0.14277977212359502,0.08400913600216196,0.10045001560848413,11.704249,3.8013132
35,5,1,False,L2/3,7423.0,0.009969947422019957,0.004252420142066686,0.002538461335558341,0.1260741684150443,2.4314575365901087e-05,0.16573506717664602,0.04103582138605114,0.1343773374297273,11.018038,7.753258
35,6,1,False,L2/3,471.0,0.012334658706154735,0.0059316467891798175,0.007321293310809598,0.014069189815142146,0.01921262188430837,0.16061651079956343,0.17250191757601657,0.12505498966414327,6.8447886,5.7229056
35,7,1,False,L2/3,474.0,0.06197145530103489,0.027839934919335303,0.011650573405686008,0.0012976956055625768,9.097126862305327e-06,0.0,0.0,0.08941857287968864,-0.079039805,11.473849
35,8,1,False,L2/3,882.0,0.014413450819486947,0.0023012471656458956,0.009243106034638317,0.061927899403545664,0.09032279965383956,0.2663221131385839,0.22549433988371245,0.11979077927624548,7.870738,5.7324357
35,9,1,False,L2/3,464.0,0.1206054906780352,0.04,0.010916674322724454,0.0,0.0,0.0,0.0,0.2510869157862598,-1.5954794,9.203989
35,10,1,False,L2/3,2962.0,0.009412837739826716,0.00692293537058927,0.0038839406486029897,0.023865722504474402,0.08311793911164977,0.19752251887970795,0.1589085676660165,0.21921860717807912,7.8257117,4.3497777
35,11,1,False,L2/3,568.0,0.005321311920236386,0.005094560242874965,0.0067068277614158655,0.07749549325879691,0.0,0.15603292562522258,0.007593829804120611,0.18147992440692304,10.054314,7.3795075
35,12,1,False,L2/3,1480.0,0.014508824698766978,0.003122356353327975,0.010932561637732196,0.015417041629033998,0.11056818350797623,0.12712361414875686,0.1415946579771777,0.13240854757740939,8.44025,3.0891404
35,13,1,False,L2/3,918.0,0.001522218122236628,0.020808101436041983,0.01003116027009702,0.01510763900305328,0.10198025256956283,0.011108264259535624,0.29127646301756877,0.052978150556180464,5.6197658,2.1620185
35,14,1,False,L2/3,461.0,0.005988666935816895,0.00011941559142353303,0.005390714096198977,0.17010564352134686,0.12896193699536665,0.18676967586639495,0.19535007937002996,0.0382673175847313,10.788055,3.4204242
35,15,1,False,L2/3,737.0,0.003875846424313705,0.008957343540305092,0.002784823766642891,0.06200945028235355,0.028717683084129014,0.1380233108038433,0.11075657329520565,0.21588294582686895,7.9339685,7.344192
36,1,3,False,L4,3066.0,0.0930343622188833,0.015624310184923518,0.007417945800155626,0.0,0.0006444127926401896,0.016780315400125378,0.0,0.1962135632056064,1.4546125,10.282316
36,2,3,False,L4,4380.0,0.01566035399382317,0.007487263341988095,0.005597699530093801,0.05242217350742407,4.597399010237566e-07,0.34454559769795684,0.1128732145732331,0.12111404802389993,8.818016,8.696619
36,3,3,True,L4,1947.0,0.01264264812941361,0.004841214701326191,0.004026757118473842,0.05690522098332865,0.0638532036162636,0.056233575012798305,0.14383292191619262,0.19838659423664703,7.2103624,3.804504
36,4,3,False,L4,2946.0,0.08448721751859121,0.03243826632394932,0.008245450028658617,0.0005995749143537601,0.0,0.0,0.0,0.16979499041953816,-0.5302445,10.570298
36,5,3,False,L4,2511.0,0.037668030681248715,0.007615992799971177,0.006753647539405492,0.020503107526466367,0.015937878593209415,0.20342843055988516,0.07843497403481202,0.19531334981281845,7.451282,8.304299
36,6,3,False,L4,4288.0,0.010394976856429929,0.003637080894532764,0.003073121335833456,0.1130723364230718,0.1148674274986454,0.08612630905345327,0.1312133154323769,0.08775730626473913,11.336335,3.4607942
36,7,3,False,L4,4824.0,0.0018655486146455097,0.01737183222679501,0.009349038306492573,0.058691220264238966,0.10720243993485683,0.01855458826222927,0.1627596078222659,0.09684931828261972,7.0713496,2.091248
36,8,3,False,L4,2849.0,0.1304722301834595,0.04,0.009468419047382078,0.0027554418304270027,0.0,0.02274425331434789,0.0,0.17186530743910136,-1.975981,9.455354
36,9,3,False,L4,2833.0,0.02507303695818182,0.010522177711258619,0.007893958863301175,0.013903316338464138,0.016037051449875852,2.4384194501320475e-05,0.11784939387318653,0.24590188442957775,4.739778,3.6932576
36,10,3,False,L4,2274.0,0.03109371645836092,0.00960734479782357,0.006903966657270135,0.02121557784768125,0.0028939199715342884,0.1591478410375056,4.6858078222979964e-05,0.22266544503930957,7.4385552,8.556028
36,11,3,False,L4,2029.0,0.009073444167024734,0.006136057629841369,0.006248015903725793,0.045486088499081215,0.07230204116272676,0.031175003295468882,0.07237067507267103,0.21894516707749773,7.107784,2.924137
36,12,3,False,L4,2455.0,0.005349717833792089,0.006167159525022687,0.0053098518944812625,0.10038860723898868,0.07380425523512585,0.14749916396870488,0.11118764395475336,0.23187939894837137,10.716033,5.7404566
36,13,3,False,L4,2739.0,0.013412084423489706,0.0063277324551139595,0.007756849166246867,0.06519418787938748,0.04587522148805647,0.28933272774534946,0.18961945515440778,0.22161541219491357,8.509321,5.7176194
36,14,3,False,L4,3640.0,0.01435257735206521,0.003358151536802172,0.003466036842393478,0.07662214751501344,0.08643893566803562,0.19788635874638022,0.21989879785240649,0.14208161680985126,9.412647,3.0826929
36,15,3,False,L4,3614.0,0.01278423634812289,0.0038340308920174395,0.00606445761200863,0.10250599790331275,0.027349092002225406,0.20573946637205984,0.1400016589282753,0.08431095970107273,11.184564,8.268244
37,1,2,False,L2/3,1169.0,0.08454201791421187,0.028879923384176335,0.005170669765062783,0.002217402650980606,0.0,0.0,0.07187267189843193,0.24085024350405695,0.11423325,9.857916
37,2,2,True,L2/3,880.0,0.0009456383359108159,0.016788888936073252,0.0005220714741076286,0.05269437342285721,0.054101637286653105,0.0646855011357327,0.032422136920683756,0.07672291107664407,10.200306,8.2821665
37,3,2,False,L2/3,893.0,0.007985511569644317,0.00010858550513902936,0.0,0.12596568848097942,0.17218644950708065,0.19784855115166677,0.11832084522644644,0.04409971195259987,11.63391,3.6994796
37,4,2,False,L2/3,1802.0,0.0034047087684712066,0.00792518976213393,0.011605348939238747,0.11566598742969111,0.02711662686487668,0.2419876511060379,0.18052792326295794,0.11251783583205546,9.150929,7.5291533
37,5,2,False,L2/3,2029.0,0.012352343696744683,0.003868066216688492,0.01214671455471955,0.09255618123396041,0.09472460302203536,0.20080469054027542,0.13776064509816877,0.15376971617953478,9.709086,5.1330814
37,6,2,False,L2/3,1254.0,0.005782083752108469,0.008795731496780774,0.0028960120669316337,0.027873550232813706,0.06133779305643212,0.28306903322088894,0.14923039055961002,0.09504364944431304,6.8788376,5.3238072
37,7,2,False,L2/3,1172.0,0.0023367988549567757,0.011266537921823654,0.0018779055869284666,0.05809310524596454,0.05875212523997364,0.19746614949856553,0.07167548971690459,0.09515322196310484,10.230182,8.32605
37,8,2,False,L2/3,3115.0,0.007565647585940812,0.005018122811586875,0.0021457237672891415,0.11405648433552866,0.012632672172790205,0.18207306472467685,0.02514963046427239,0.07609315501584528,11.323384,7.8034916
37,9,2,False,L2/3,1512.0,0.015503295400187847,0.0049318608994674915,0.004915533161998908,0.021270858521880678,0.06913503011470393,0.08482397497677013,0.09396335886597769,0.1379165460900173,6.8859906,3.3063285
37,10,2,False,L2/3,3893.0,0.0008789463166254407,0.013038719438831335,0.007666814139635307,0.1435019148139062,0.04484822320468031,0.06898076720846988,0.1126608085544231,0.18335446875805736,11.292258,6.5221243
37,11,2,False,L2/3,2957.0,0.008132410239869933,0.0069214865190820405,0.004653134131748616,0.08046053761034307,0.034361979085626035,0.20571544110797013,0.149616583289877,0.10476846979224193,10.7459955,8.234754
37,12,2,False,L2/3,2623.0,0.0022929433222929,0.0101706307817441,0.009728911889722594,0.08644854622233909,0.1344379135053711,0.2216273859302625,0.173385042777367,0.24576940865702507,9.540759,4.799312
37,13,2,False,L2/3,923.0,0.006421295526814244,0.006864308760299398,0.00032487333193406475,0.021724232106426117,0.015603155219018488,0.30048709511596794,0.0587100935588279,0.13849550137559233,8.177599,9.025371
37,14,2,False,L2/3,2287.0,0.010067754442717413,0.004561072097403676,0.0061108590016715125,0.025894575343473034,0.10943047595149429,0.08336607891112681,0.2448014377297572,0.18326698372771227,7.8264656,2.7547529
37,15,2,False,L2/3,903.0,0.007027450027064273,0.008195806655401,0.010222797715240027,0.025778024607747963,0.037238755747727975,0.37561595415803745,0.24590744417824445,0.20004439764196644,8.166009,5.78599
38,1,10,False,L2/3,2769.0,0.018496519394590374,0.0029426748065169792,0.004830418789997881,0.09459852786068276,0.07354484848630814,0.1966170027625829,0.1231006545182378,0.1373474655419448,10.306524,6.4925475
38,2,10,False,L2/3,1750.0,0.09734901111400275,0.02974336226379908,0.012358711533067872,0.0009795002839157743,0.0,0.0,0.09516458431243097,0.12191584871759746,-0.45667064,11.077611
38,3,10,False,L2/3,1867.0,0.05079153273552944,0.026651578369840674,0.011048903125123308,0.0006827410677314415,0.0,0.10258027571277682,0.0,0.12423468605090768,0.34112236,10.825164
38,4,10,False,L2/3,7305.0,0.01646375079966257,0.0037041245920788855,0.01094370414822462,0.11504737194244061,0.0003549502019893135,0.13487365592511905,0.07022021657723883,0.16643777003544769,9.620663,7.2543354
38,5,10,False,L2/3,1762.0,0.013381850127501205,0.0002237718859653401,0.005036857766600711,0.06080061802501455,0.17236028994709698,0.093529869649788,0.18832450383564936,0.12147633085553461,8.957437,2.2974205
38,6,10,False,L2/3,2522.0,0.011594543482147342,0.0031203666618013623,0.008205973267962602,0.11864007714267179,0.08749680212850315,0.17376708677692096,0.09419399809974392,0.12291075916899005,10.764921,4.213645
38,7,10,False,L2/3,1823.0,0.08587320045751011,0.02831170339219413,0.013408857371911578,0.0,0.005824627366881124,0.030754595376301316,0.0,0.2938902195979648,-0.47033495,8.893455
38,8,10,False,L2/3,1564.0,0.04515577749122101,0.013774605047110287,0.011238534613572201,0.0,0.014287579468833475,0.0,0.34328610321528896,0.229232135526763,4.7036357,3.0665705
38,9,10,False,L2/3,1832.0,0.14977943397955062,0.034451570999440406,0.010667481559934796,0.001318588813393741,0.0002564703202342167,0.0,0.0,0.08952711346087894,-2.0198064,9.886049
38,10,10,True,L2/3,1334.0,0.004047529448013635,0.009030277513639006,0.0075696818782891445,0.0673116650430439,0.06567268906880308,0.17742286176655678,0.14246862387207818,0.15413404675091447,8.941271,6.052277
38,11,10,False,L2/3,12464.0,0.009852608444687,0.006862450370178276,0.0043492431321327215,0.02238362470360041,0.1014212638094688,0.0703360214666864,0.2314082067463342,0.12310813354777077,7.8536067,2.1926026
38,12,10,False,L2/3,1369.0,0.0035861569887513187,0.009402480526619307,0.00435976534731783,0.07361071561469268,0.041676483168862945,0.12282987409041035,0.2256051320664604,0.21609251896520446,7.4832616,4.581023
38,13,10,False,L2/3,3091.0,0.02007417377288588,0.004481169803010952,0.004158871921184993,0.022418402202345335,0.07012059381383166,0.16034531591377404,0.21670396610074305,0.13192016387619554,8.769392,3.3019836
38,14,10,False,L2/3,1459.0,0.003572220698543407,0.009018715928041852,0.011607348359431124,0.061960566015575286,0.01928868529188446,0.2558818624250359,0.0,0.242695411976522,8.458788,8.042437
38,15,10,False,L2/3,8230.0,0.0034067973348383264,0.0086715633266325,0.0019656604500620243,0.12740057750626224,0.007241418184627258,0.17565429741382227,0.18460418497354372,0.2397221870752855,10.704884,6.7234797
39,1,14,False,L2/3,2839.0,0.007431881340729796,0.013330325331350677,0.011834426603545643,0.0273668566203756,0.0512223441622528,0.0,0.23947801473713304,0.18118876830904515,4.9766655,2.6612353
39,2,14,False,L2/3,2329.0,0.010782059392730314,0.00010007800001509142,0.0,0.16368482665685774,0.1412662985432415,0.15406587769420854,0.12678090011005838,0.13066347571801137,11.850069,4.0499
39,3,14,False,L2/3,2308.0,0.016417013995418735,0.01236582194007485,0.012623527746070866,0.03569686047754791,0.0347268915972138,0.2833799708324744,0.05747243559757023,0.22008593866308465,8.562803,7.827912
39,4,14,False,L2/3,4688.0,0.00727212143177052,0.005410332843612215,0.0043112805286496655,0.05041146891148029,0.12992806475536436,0.014904707008077856,0.14043158639214684,0.08523480645066236,8.447185,1.9832965
39,5,14,False,L2/3,7231.0,0.005478309624980568,0.007525449214706399,0.00456225647127237,0.09354529404744787,0.05586411750868593,0.1794261392454396,0.15417760571092454,0.07849703080581633,11.069508,8.111222
39,6,14,False,L2/3,6429.0,0.003626710376242719,0.008587268712562558,0.0074964602030839446,0.11988275410272964,0.0816932890315208,0.09821700817262136,0.015874609426820882,0.17721843768881812,11.192354,6.1239295
39,7,14,False,L2/3,4616.0,0.0603168355989689,0.02538269668341045,0.0039439253542109046,0.0,0.014585288123260149,0.0,0.0889363407863165,0.2295443565611455,0.39971855,9.613302
39,8,14,False,L2/3,6791.0,0.00935295222127769,0.005464746827952342,0.006951177565315561,0.049600565058581514,0.13260586891621945,0.03869839996995444,0.13462610972088024,0.23325211283149652,7.258529,2.8251188
39,9,14,False,L2/3,3683.0,0.004476025957534666,0.01185680230307551,0.012009895283233273,0.04475634570790169,0.08162881008353114,0.03284330816032683,0.23566916060244758,0.08170493860985299,5.5044794,2.2592115
39,10,14,False,L2/3,2738.0,0.05272761651475222,0.021510943681259838,0.011261754614215332,0.018820207580975905,0.0,0.006392951773576201,0.0,0.18263618402422946,-0.011546974,10.772322
39,11,14,False,L2/3,2781.0,0.014928761883809382,0.00976412806776547,0.007174602872617191,0.039596993196356726,0.04103988979373783,0.17028817603051608,0.1320563964794061,0.23377967824507914,7.076889,4.684604
39,12,14,False,L2/3,7455.0,0.005908943823996883,0.0068582079561024896,0.002040931424797232,0.09325378596481836,0.047100265890747,0.21238497719852767,0.14066354395494443,0.20772326105463473,10.80259,5.7657275
39,13,14,False,L2/3,2242.0,0.05683068187455175,0.02248680012661955,0.00695974274554688,0.009191382051943803,0.0,0.0,0.0,0.09207952519532861,0.55492485,11.375718
39,14,14,True,L2/3,2128.0,0.06610087371988946,0.024893541854048386,0.005864859550360032,0.009164982076286984,0.0,0.0,0.0,0.08579113144274303,0.5441211,11.4143305
39,15,14,False,L2/3,2325.0,0.0001658683302001547,0.01006934537268574,0.0,0.057464643579086476,0.04104875731454151,0.19224314457487865,0.09792545677418696,0.09893846570662186,10.262961,8.33812
40,1,15,False,L2/3,1103.0,0.06482206697467172,0.02812233655191182,0.010265220826504768,0.0021134456386535617,0.0,0.0,0.0,0.19904483547727037,-0.36160943,10.081312
40,2,15,False,L2/3,1124.0,0.14450918657767112,0.03400001503199697,0.010462289308682168,0.0001857559936963043,0.0019065140274671577,8.859322449855857e-09,0.0,0.12412836000147509,-1.9904387,9.8487425
40,3,15,False,L2/3,1133.0,0.11391386738716591,0.035295115655250404,0.00491430039950143,0.0003980704450135348,8.986174858163533e-05,0.0,0.0,0.15010098191768642,-2.1549864,9.904493
40,4,15,False,L2/3,1186.0,0.002725830191933988,0.007885644081900569,0.010102552278912,0.12550081868393972,0.04008729140388493,0.12003974203735034,0.1198895061989626,0.2300556404320938,10.095313,5.905134
40,5,15,False,L2/3,1983.0,0.0010692194844428963,0.018096003370311847,0.0063738864658782245,0.06296388361243908,0.12600114373161778,0.04213394032535199,0.20286742930771065,0.21205068816974976,7.4714985,3.0617554
40,6,15,False,L2/3,898.0,0.01465110643831716,0.01283554529267441,0.012096903428711718,0.01786994256130637,0.0,0.31360268838050215,0.0,0.282807512033993,7.656816,8.790003
40,7,15,False,L2/3,1112.0,0.012041701111941852,0.006185838317051627,0.0020634125406947274,0.0,0.03998582225447862,0.0006952524417174206,0.1127691972647718,0.14425269260311258,6.9689784,2.992919
40,8,15,False,L2/3,5393.0,0.0009413067793225226,0.01403956084208579,0.0019539206772008354,0.10979095928160115,0.13226749202456045,0.21759722574612547,0.13330782547210324,0.20121686070304529,11.258605,4.910636
40,9,15,False,L2/3,958.0,0.011937249992918614,0.003901629164862472,0.010769286995783148,0.08237481906240715,0.07214192736600919,0.23912882837475571,0.23963421511772826,0.10127702626661281,7.857832,5.934775
40,10,15,False,L2/3,2577.0,0.022839316756368213,0.0015162496200808136,0.004345871814050761,0.043866712727839124,0.1352093220613508,0.14195890738373104,0.1757691694651198,0.07358008097843978,9.275838,2.5693276
40,11,15,False,L2/3,1629.0,0.0022044634149290102,0.010983687907257981,0.010001987973803765,0.03192383164795694,0.11404640949119588,0.062045732695594866,0.09553776804630482,0.18720625620165454,6.429879,2.6494415
40,12,15,False,L2/3,1118.0,0.0031421129416859105,0.003752076918688166,0.008018980813203264,0.1408743327610305,0.12775893481763445,0.14407954945177878,0.20679158007405318,0.16292575084069982,10.947507,4.68835
40,13,15,False,L2/3,909.0,0.012102463361334007,0.004032731757452622,0.007295367138149405,0.0771361253958448,0.0545303827430398,0.10428635208584862,0.08609335664381838,0.19122040425267833,9.540393,5.9770317
40,14,15,False,L2/3,3714.0,0.01860406423344267,0.0019457347797830376,0.0026001257810018526,0.12213106791519136,0.13027063538671238,0.2293082237134012,0.15547987887384496,0.13771200138580544,10.922395,3.705685
40,15,15,True,L2/3,842.0,0.0026372731176608796,0.00939554223906066,0.011973767607106646,0.061935305694124004,0.10206090798939566,0.17781362300751932,0.1261667996264965,0.04666057344546119,9.9997835,3.8571424
41,1,2,False,L2/3,760.0,0.00012854017402777072,0.012458107649645753,0.00818451238062193,0.17524743757809985,0.14922557557771024,0.06839393853529213,0.058490236305661476,0.14220847625053867,11.643467,4.740527
41,2,2,True,L2/3,568.0,0.013607617151847554,0.0037079655272876347,0.009552195232396445,0.02064631577368443,0.048722713733149965,0.01888844174300474,0.14308988185181074,0.08583042696943483,5.7622337,2.3475764
41,3,2,False,L2/3,2557.0,0.0221904867501831,0.0019818529398462777,0.00855236984170706,0.004185817509532999,0.12807867613663046,0.13148647286947687,0.10438951694792543,0.17903185168724398,8.412523,3.6066396
41,4,2,False,L2/3,806.0,0.016873699671223423,0.0023901753348192097,0.01108030533701321,0.08416630857595381,0.09386311609860691,0.13495140081994497,0.09200264646616792,0.07789370022575993,10.428196,4.0328317
41,5,2,False,L2/3,7193.0,0.012364636184408563,0.004427086954193543,0.007749065290511703,0.0988995418769072,0.08224550364653001,0.23388964095328638,0.27607840355004454,0.09926026098509465,9.96343,3.2480307
41,6,2,False,L2/3,1257.0,0.01483547853069079,0.002747092951064337,0.004668525047050745,0.11019968131535933,0.016543683604063386,0.21349236016052975,0.17921906683004016,0.1027376148087113,11.27525,8.205819
41,7,2,False,L2/3,669.0,0.06767751474026477,0.023825605558407723,0.005238305306254105,0.0,0.0,0.0,0.0,0.22327791959392246,0.31087622,9.862812
41,8,2,False,L2/3,681.0,0.009989704127717053,0.005197110536325332,0.012371709257063171,0.06403559873658762,0.0,0.22788428203657246,0.003649489781310033,0.1504357606132029,8.703423,8.221876
41,9,2,False,L2/3,1415.0,0.024679204566119925,0.0014840730548592782,0.004858263616515826,0.09419367519419054,0.11040007852833914,0.06779720307822143,0.12861829164410285,0.09991279737192711,11.374872,3.498621
41,10,2,False,L2/3,601.0,0.00915255973514369,0.004641313669384313,0.00457598819114272,0.017180639335525327,0.06398270088612196,0.012566926261799397,0.13167162833885068,0.21230597058970266,7.110736,3.035083
41,11,2,False,L2/3,650.0,0.012538935930923518,0.00010318845919589514,0.0012167050427247803,0.1107285106110201,0.14625022812219834,0.04777033851293321,0.10685025101106611,0.04558410659241445,11.512186,3.5107377
41,12,2,False,L2/3,627.0,0.055474043093778604,0.025165459148294215,0.005573706552899123,0.0,0.002523674098323201,0.0,0.0,0.1437973026382558,0.5490409,10.834703
41,13,2,False,L2/3,677.0,0.0002158675212794087,0.017730784775440583,0.00896304151023673,0.12620573300437812,0.008948700432847121,0.16941208814921546,0.13912751314905472,0.2037525624775844,10.739934,7.2510066
41,14,2,False,L2/3,725.0,0.0007014364129179529,0.014722126488354456,0.007431549249063331,0.11319233400417825,0.09094855563705273,0.21352261181189378,0.042729331944895206,0.17524172357459564,10.719352,5.329346
41,15,2,False,L2/3,662.0,0.10061552861144454,0.032390841299894224,0.003912362638866683,0.0022886441341369067,0.0,0.018908926040705706,0.03860606279385769,0.09930721944184086,-1.2830486,10.794095
42,1,14,False,L5/6,4921.0,0.00666054755083052,0.008601472246139705,0.008680387556115669,0.07191788993679253,0.10091957958489185,0.1957582925350695,0.17903793471933785,0.056643523162890876,9.922456,3.7103517
42,2,14,False,L5/6,12321.0,0.016286424827893588,0.004685598519594667,0.0027611955108684176,0.03079949063997511,0.11421176633923956,0.015075747601687388,0.08352678544628309,0.18057747030965265,7.8664246,2.6569118
42,3,14,False,L5/6,5007.0,0.049498612201442076,0.017512247967446187,0.005182366786294393,0.00013705537579473829,0.022249671459393536,0.0,0.109915944261863,0.23221650175172365,0.49176213,9.460844
42,4,14,False,L5/6,2358.0,0.003473250097748083,0.013995086790312137,0.00028729293363625633,0.028896618449520652,0.046584578743550195,0.2640582744888366,0.17831775032126568,0.09179127041315856,6.834153,5.3115306
42,5,14,False,L5/6,7321.0,0.0007325738949502795,0.01518900745354386,0.0017035623154139543,0.09211542553546506,0.1493889564721695,0.1867288868362323,0.10368693912022003,0.18116555215597585,11.23444,4.8359323
42,6,14,False,L5/6,5361.0,0.008971559885041485,0.00804988581772166,0.003929710646146969,0.077887072581639,0.04694653381717539,0.1844304848600415,0.00036755799834033175,0.24831231812225965,10.239228,6.175631
42,7,14,False,L5/6,3186.0,0.06929962553013229,0.02584860229362212,0.003578299864512397,0.0034316005047677106,0.001282219146417932,0.0,0.0,0.0811058913567848,0.6782829,11.347546
42,8,14,False,L5/6,2855.0,0.013333764173047038,0.009993535070386141,0.01115232175949816,0.06541465460127205,0.04612720322811571,0.26450376267260445,0.05650296468709139,0.21509054198859784,8.6146345,7.81627
42,9,14,False,L5/6,3719.0,0.07101332690585736,0.00845577384779879,0.011510037698838071,0.014921959529563185,0.018963372864455107,0.0,0.0,0.2814434591341902,1.798483,9.575558
42,10,14,False,L5/6,6078.0,0.12228649404141241,0.03216961073810915,0.0037354554786956052,0.005320507222107357,0.003187058894516877,0.0,0.0,0.1954405566768493,-2.329003,9.286077
42,11,14,False,L5/6,3048.0,0.010398310085694206,0.009414221943966895,0.010404713418471847,0.05196422610711914,0.07144485631008272,0.03598031464032687,0.30300887197789483,0.16073013655633414,5.143707,2.50032
42,12,14,False,L5/6,4798.0,0.01125988175743992,0.007018722582144163,0.011219074524536101,0.058792682632049044,0.10485576921382889,0.13979479073166548,0.20690761535990015,0.18115162126559264,8.933739,4.6798363
42,13,14,False,L5/6,3832.0,0.03994812090943273,0.013152861864995332,0.0031627104381353184,0.006818774142734073,0.0,0.009384214008689608,0.0,0.09700728843823264,1.4398144,10.547255
42,14,14,True,L5/6,2235.0,0.04815748514281475,0.022974659293708496,0.011682361731175716,0.022998009585555233,0.0037372247851080085,1.7919516793868894e-09,0.0,0.15936337599883407,0.014464525,10.800776
42,15,14,False,L5/6,2574.0,0.011598842159506618,0.0001244765133209775,0.0,0.1616835008046754,0.16828801954867537,0.06988931121325152,0.20328653131836574,0.07020974430900465,11.444465,3.373427
43,1,7,False,NaN,3518.0,0.005024244393066157,0.006388872463162569,0.010037210548861043,0.11456749615952713,0.09226399217408572,0.25470579425757917,0.24801348965162656,0.17036242259105466,9.077694,5.2005835
43,2,7,False,NaN,229.0,0.003991529497360418,0.0077513824174459565,0.006226956141152594,0.05444358723855708,0.010157234819417127,0.12362166610649802,0.09068407205286745,0.2501185343814187,7.949455,7.464328
43,3,7,False,NaN,4660.0,0.012738594923510826,0.0038686206777932292,0.006841349385742189,0.10990698310332095,1.4996746486701607e-05,0.29513210497392184,0.20905574635327945,0.22371471680462798,9.342746,6.6353908
43,4,7,False,NaN,1715.0,0.007331058932877621,0.00493978704596544,0.00767402960011491,0.1135359757719844,0.08943436638687212,0.2250840785058781,0.1595808452026838,0.2399875648326194,9.737041,5.4577312
43,5,7,False,NaN,1455.0,0.006607436144753566,0.00576717915046241,0.008197931931039416,0.06199748817683701,0.10039212752722021,0.23464032996031473,0.2103446934442549,0.07535541696557217,9.712874,3.7590163
43,6,7,False,NaN,69.0,0.00010563848725462958,0.00010371335501374254,0.03288488767201393,0.007244392763823271,0.10668157041072845,0.02409302070736885,0.042118143290281296,0.03697315230965614,13.37063,8.937946
43,7,7,True,NaN,66.0,0.11294015654396211,0.02688597952689222,0.026350827549793673,0.0,0.0,0.0,0.0,0.1702765932261319,-1.2598156,9.504077
43,8,7,False,NaN,86.0,0.01949603338335504,0.0008843062472100659,0.007978453256709513,0.12727837197571756,0.01531151501829325,0.0944532427592758,0.0601825235800199,0.2051689057196996,10.407894,7.070685
43,9,7,False,NaN,75.0,0.06469753121513983,0.024908441281104237,0.014659336426802238,0.0,0.0,0.0,0.0,0.1447624184078704,-0.40742767,11.11348
43,10,7,False,NaN,608.0,0.005524120946827948,0.0028618426792064475,0.003604113165597913,0.014562379265870114,0.1381639614390546,0.08615877053410646,0.1403804828455312,0.04977713843328413,8.467316,2.0092282
43,11,7,False,NaN,70.0,0.0001,0.0033581071437030676,0.014794553936510605,0.12867362880151847,0.047123320400714874,0.16448901594932777,0.19754724978069965,0.0841183867524594,12.958444,8.658709
43,12,7,False,NaN,1014.0,0.009944990404261486,0.004693167561559067,0.005828176021309673,0.08593807879001938,0.05358109115004139,0.159056387030317,0.19279169670277183,0.17474882381300758,8.167142,5.0672183
43,13,7,False,NaN,1667.0,0.014006338353018328,0.00481161973912825,0.003057817152021686,0.06732981639210628,0.011718753647753443,0.19207466255706715,0.05732788427060907,0.09333728651277798,10.474691,8.479957
43,14,7,False,NaN,243.0,0.004757971924096368,0.0062917205811894965,0.012266774733129862,0.031123000561151994,0.061002166245635425,0.18706323969204156,0.24958850115669798,0.1467037636343869,7.7817674,5.8436747
43,15,7,False,NaN,174.0,0.009693319756447822,0.0032791828515389295,0.010288580469487428,0.07445743273556032,0.060367318030773214,0.14306471738554394,0.1193323718432552,0.21789453943919104,9.499611,5.830982
44,1,15,False,L5/6,1640.0,0.13194755868541017,0.04,0.0025294926787286674,0.004392463564227602,0.026224549344116044,0.0057146000558630635,0.0,0.16932985062245587,-2.530541,9.355906
44,2,15,False,L5/6,2491.0,0.00601783010674002,0.007025614426852006,0.009011967270460051,0.0818758967183525,0.06463837862217243,0.2251122608986529,0.1569853781746662,0.1572201278225932,8.873556,6.052964
44,3,15,False,L5/6,1704.0,0.008168728678619144,0.006401512057127372,0.007806631313399698,0.05254144404360826,0.0822773675475315,0.11183206710040934,0.15685734753194974,0.2183899208980388,8.247788,4.028207
44,4,15,False,L5/6,1596.0,0.006112300051302547,0.008868097703297887,0.006897929815496169,0.05123595185137205,0.03705407912833791,0.1805099764487562,0.12488237228500129,0.1367587265797982,8.828114,6.1111016
44,5,15,False,L5/6,4201.0,0.018139489695597942,0.0027128327549782007,0.0038394525640868013,0.11618372816943029,0.05224346550624871,0.10678055311679081,0.0008109630516028397,0.11624934391217484,11.678958,6.67367
44,6,15,False,L5/6,4287.0,0.010119916972488674,0.004037080873823614,0.012496527731555917,0.108288770570219,0.13114271562488725,0.20594079901713463,0.13870527462114138,0.1866307813347062,9.66093,5.066532
44,7,15,False,L5/6,2148.0,0.0004099800969219919,0.012997419211987632,0.009228782856917726,0.16077401114255616,0.0743130611331024,0.14077626321272074,0.1461601836727627,0.12800293426337078,11.601453,5.9659343
44,8,15,False,L5/6,4579.0,0.015363633513691534,0.0035382386769883247,0.006647465146749364,0.0971023281825464,0.055044866194772266,0.15653443265758082,0.048783533464112926,0.1081232476943366,11.373596,6.560053
44,9,15,False,L5/6,2765.0,0.010744571402343871,0.007926407751700608,0.004188385303493498,0.020242466015442873,0.07058601220497637,0.07734163696788433,0.16034283954392606,0.1649597173052406,6.8656707,3.4447665
44,10,15,False,L5/6,1696.0,0.06724684782456122,0.023816406799672087,0.006012638720775056,0.0,0.0065793203677769595,0.0,0.0,0.18043390025366288,0.11398201,10.089859
44,11,15,False,L5/6,4950.0,0.005464266644102755,0.007635908038768991,0.0023441743103074755,0.08930985933634127,0.0019237844649107887,0.2508634512729217,0.08323928106186287,0.11767962453710282,10.789345,7.9023933
44,12,15,False,L5/6,1922.0,0.11952308895975983,0.035315359977614286,0.0020154598353404624,0.0028410843421248296,0.007338599468797924,0.0,0.0,0.1345336474382181,-2.364784,9.8273325
44,13,15,False,L5/6,2397.0,0.01294845440787604,0.0025518071553357353,0.002876223733302097,0.13173415519984955,0.06045691011682544,0.203654279206638,0.11660070456655194,0.22476162079391473,11.085027,5.689574
44,14,15,False,L5/6,1957.0,0.010046753110723084,0.005756334046254862,0.003611555026861377,0.059551817619872556,0.05773264423710864,0.11542751373081456,0.1609146113365397,0.20743341914199798,7.4085984,4.466906
44,15,15,True,L5/6,1372.0,0.023153754013290194,0.01376040575393642,0.0034731579086094253,0.012841988240775027,0.0038420996378961026,0.41913292335067315,0.0,0.14042615214689558,8.558803,9.486189
45,1,8,False,NaN,5160.0,0.01255684690362145,0.007738984771594727,0.002710011389243355,0.06293596391635509,0.048043677915853324,0.22643342663100763,0.14124407702064262,0.0961744596888005,10.437835,8.182441
45,2,8,False,NaN,1664.0,0.007490369235442116,0.008530856231077858,0.007994329129387799,0.06522174316117582,0.049918616663565646,0.1625258899949345,0.030982245378608362,0.29563473579817506,9.877633,6.156567
45,3,8,False,NaN,1647.0,0.01141172170766592,0.008240352233308004,0.010163037387522495,0.05173068417983629,0.03917579253877737,0.19428850360584227,0.11674026591717047,0.17306287066714784,8.488129,6.2009606
45,4,8,False,NaN,4103.0,0.005355607247930659,0.007450534939708295,0.0054358762950198,0.10848213406084191,0.007185714792132619,0.17348787672648996,0.0013189408507915546,0.18447145632871303,10.416755,7.2509775
45,5,8,False,NaN,8484.0,0.007411987546885018,0.005302100884380523,0.0021114357402295665,0.03405269029496561,0.14173474238253478,0.22535869688024004,0.20381193530114924,0.21429581602149103,8.277079,3.3495522
45,6,8,False,NaN,2379.0,0.011407879854788002,0.013171640015328855,0.007445056300535359,0.006203141804763832,0.030115371509368938,0.0,0.2449099000981281,0.12911661778853267,4.8955674,2.6843677
45,7,8,False,NaN,3018.0,0.005158930253226532,0.0044415446578645705,0.0037634717672506103,0.0957193505528323,0.13311119205971453,0.08859795640757362,0.2100237764850578,0.07207718373283158,10.851438,3.0259066
45,8,8,True,NaN,1101.0,0.011120131699413636,0.019254887222984195,0.011326459988462533,0.03050584771548303,0.016350163013921285,0.28509175598299596,0.0,0.28966599738759174,7.575996,8.7699
45,9,8,False,NaN,2090.0,0.06901230922856604,0.02758163576129761,0.007627970281852444,0.008214751280814513,0.0,0.0,0.0,0.16643698465813767,-0.3725765,10.663362
45,10,8,False,NaN,1527.0,0.018496259629277593,0.01439635262718687,0.012431069597336915,0.01258657007025023,0.027962932487485794,0.0,0.1372216956137455,0.22281270767489408,4.7060065,3.7924328
45,11,8,False,NaN,1663.0,0.007512362231962801,0.008435838232629299,0.00682619186340665,0.03877430135280401,0.03843992943580336,0.390028116703542,0.17465931942735546,0.04843662193526611,7.538266,6.4155993
45,12,8,False,NaN,2867.0,0.050549957368852955,0.024792572141950315,0.008270889732773248,0.0,0.0046311951424197395,0.0,0.33154859023172706,0.1476378494540486,4.3701797,2.8743172
45,13,8,False,NaN,1272.0,0.06039227251896311,0.025577605463889357,0.0037678083229712757,0.0057388382430982035,0.0,0.0,0.0,0.21712349551618715,0.38681746,9.856719
45,14,8,False,NaN,2607.0,0.14025182125468258,0.0373802186176926,0.004494947112176885,0.0012773341227258898,0.0,0.0,0.0,0.11688295318877152,-2.4500105,9.864325
45,15,8,False,NaN,4736.0,0.0059793986972097885,0.005845278866599503,0.0014653635620359724,0.03950089636255042,0.12071595583912768,0.02969802689978554,0.136020454831225,0.07052463497066787,8.480158,1.9936727
46,1,14,False,NaN,3600.0,0.01540604404379816,0.004647111083345962,0.010908938003516378,7.353831258223005e-06,0.09368199037196674,0.07061067504179926,0.21719005514157863,0.1488894682417016,6.098909,2.419494
46,2,14,False,NaN,953.0,0.012149857305501255,0.0038883224377910318,0.007167058555471741,0.07261570612757072,0.003976391741495626,0.14288683122256646,0.004988850364341402,0.21185627285018746,9.967641,7.1622205
46,3,14,False,NaN,431.0,0.025708603957959222,0.00010524050445320726,0.0038019653557271383,0.12244609407379024,0.1209355756920441,0.12057190998058337,0.17787218522942438,0.19888051469932824,11.254806,5.02619
46,4,14,False,NaN,910.0,0.004759566452778976,0.0069627743725800125,0.002809105459422165,0.0020861905514281617,0.09191441897141436,0.005858113701906326,0.0535722702268238,0.2211563600361722,7.192928,2.9394355
46,5,14,False,NaN,415.0,0.00010152115447693968,0.00010085329521140685,0.0009620497953877449,0.1941985785961151,0.1998273730278015,0.15871262550354004,0.17521104216575623,0.12582990527153015,11.799809,3.9899848
46,6,14,False,NaN,1223.0,0.01266093791536101,0.0037781634703736187,0.007027246252808845,0.06488099108616918,0.10451297426102459,0.2692987839679374,0.10533176214299858,0.22143879677005887,9.444861,5.202785
46,7,14,False,NaN,436.0,0.07372499649090153,0.024016159058059445,0.00822861143987862,0.0,0.0,0.0,0.0,0.05497065681526535,-0.0412766,11.436932
46,8,14,False,NaN,1168.0,0.006936263081186796,0.0030850623785666858,0.004104654457415444,0.13001589101518066,0.12037743297805173,0.1103295454085497,0.08676146013847534,0.16368051126301716,11.58308,4.399077
46,9,14,False,NaN,363.0,0.00687475116738749,0.00010022680113727155,0.0006616433542512068,0.11389022126459566,0.12394840742254451,0.056087300649551516,0.1271609616766918,0.15638098541717146,11.657692,4.2033644
46,10,14,False,NaN,1879.0,0.0031006208299606697,0.008448783796532177,0.0068416461343555135,0.11895364475168864,0.07677521536499678,0.1531912219724319,0.06677860017893537,0.14373584419778773,11.260806,6.1609254
46,11,14,False,NaN,18829.0,0.012937920291864977,0.005130530858710256,0.0026321566706090467,0.0021295710093527,0.11896881293351415,0.22375460959030963,0.12485519890524518,0.11771029686861743,9.155174,2.402589
46,12,14,False,NaN,471.0,0.034678021323591414,0.02247686933689811,0.002380609257986225,0.003001054939984924,0.00036039895095366434,0.08219509542820687,0.0,0.15297914830159545,0.6812476,10.509242
46,13,14,False,NaN,370.0,0.15889922783142452,0.026941467058887003,0.0038736268110970227,0.00026311007660798416,0.0008765026188547211,0.0,0.0,0.08598891424007843,-2.345059,9.903109
46,14,14,True,NaN,359.0,0.000101598041220324,0.002229385715291364,0.0008086303058838349,0.0015267157977325273,0.017314135920605704,0.09501441374204253,0.23035711943559148,0.2194153590005223,6.6623282,3.88447
46,15,14,False,NaN,405.0,0.056850553588171704,0.027117584332645654,0.016727477176486337,0.0006386367893333681,0.0,0.0,0.1269420466145313,0.26148288445714707,-0.7132203,9.286783
47,1,7,False,L5/6,2962.0,0.005530932588115342,0.014646754632035994,0.006080191590711194,0.03996043211242436,0.029829248977558214,0.295929323889933,0.07439606759529926,0.06791447227007025,9.297024,9.383572
47,2,7,False,L5/6,3975.0,0.00923485843837918,0.008141016157020313,0.006704601723680196,0.044681315314098094,0.07566853174741711,0.22844616514015292,0.15625189767404712,0.07403054460385423,9.811349,3.4949007
47,3,7,False,L5/6,2842.0,0.058265880013964697,0.018355546573852154,0.010338954637269514,0.0279444185014649,0.010339176772999815,0.23440132835792907,0.0008578921222841855,0.2762095685696498,7.2496133,9.01182
47,4,7,False,L5/6,3650.0,0.016780806914215456,0.006396051900769313,0.0067057076345392284,0.06165650065883197,0.04945462582798619,0.3135146716529506,0.2388194671636686,0.09361548703944667,7.605677,6.2858534
47,5,7,False,L5/6,8365.0,0.007044664754122726,0.005779537122089071,0.003141192999230138,0.12194831284335626,0.06476944186751245,0.12139959297907627,0.00858114335725285,0.18495345631829482,11.000635,6.137433
47,6,7,False,L5/6,4203.0,0.0872699412301553,0.02592766138674675,0.007664253064312905,0.009651017975165717,0.0008135724853925235,0.0,0.0,0.15323312907761347,-0.5221267,10.768371
47,7,7,True,L5/6,2400.0,0.04247200067953063,0.021682585573366237,0.0024601724086035686,0.0070572684181270245,0.0,0.0035419821574117142,0.0,0.201702541983431,0.55942214,10.123293
47,8,7,False,L5/6,2982.0,0.0713504318231781,0.021864179825335887,0.007296720258289813,0.01641794257876082,0.0,0.0,0.0,0.30017585439030753,-0.04962191,9.021569
47,9,7,False,L5/6,5625.0,0.08409562077524564,0.0205752075139743,0.007755038499605733,0.0,0.0,0.0,0.0,0.27185697637508655,-0.1348946,9.236847
47,10,7,False,L5/6,4303.0,0.08447081067977079,0.015024903314609745,0.008685563785902612,0.018079734878077736,0.0017520597077298754,0.019339197885451017,0.0,0.26500066064944156,1.6150181,9.493263
47,11,7,False,L5/6,3888.0,0.01174545498133067,0.007964508855309988,0.011948932122518725,0.06144833256763189,0.08788701004104571,0.20168753729676628,0.13654701810444247,0.21769740330935042,8.95822,5.035484
47,12,7,False,L5/6,3482.0,0.008797239811592132,0.007990594677886915,0.005442737950761366,0.04789393806989025,0.07819940028558205,0.030219116440938065,0.17354456150636619,0.19674422094072333,6.9434915,3.0121834
47,13,7,False,L5/6,6038.0,0.006299549302124903,0.008738991848986757,0.006287634695895569,0.0482998670325743,0.09574175491118689,0.01643830986561335,0.15336280771393188,0.1271585530916842,7.0592604,2.358695
47,14,7,False,L5/6,3865.0,0.007175544582182375,0.008176385556567857,0.0038455070144068114,0.07154902829071323,0.05790664550562191,0.23056454923847053,0.0006844664617965337,0.11286954967825634,10.029917,8.267761
47,15,7,False,L5/6,5378.0,0.09827750348237431,0.03074581044277945,0.003977002706641875,0.004493939843853914,0.0024649383740323423,0.01607783189401156,0.0,0.1858162824166717,-1.2662872,9.877519
48,1,4,False,L5/6,3999.0,0.006164829927800827,0.01087438397937814,0.010676475560010038,0.05747090461623845,0.08471035931303496,0.027643417290224126,0.21778429869242685,0.179189443468335,6.2413793,2.667936
48,2,4,False,L5/6,2305.0,0.043368139857844906,0.01925633640703157,0.003071357265898369,0.007222277420045528,0.012462827682783948,0.01364527481998667,0.022456435855166657,0.12015378184605667,0.9420757,10.826989
48,3,4,False,L5/6,2357.0,0.0814165680832429,0.022091449909654896,0.0019370167142877676,0.003372215631330351,0.0,0.0,0.0,0.22834637756291135,0.28058767,9.951657
48,4,4,True,L5/6,1951.0,0.0008699684277578165,0.0001006647721399034,5.3136483998714006e-06,0.0220958199352026,0.1262836022841531,0.14258334040641785,0.1273336173431834,0.11022525682624883,8.707626,2.3134556
48,5,4,False,L5/6,17113.0,0.014567063014368997,0.004913480270948564,0.003341799726389925,0.10310864316361198,0.08684094465333728,0.17370067422196714,0.1039094558507441,0.18076059138613662,11.013993,5.574893
48,6,4,False,L5/6,2710.0,0.09005697494106114,0.024735673091237594,0.0008658649491584242,0.0010160386216177646,0.0,0.0,0.0,0.12542439163659747,0.6676137,10.973384
48,7,4,False,L5/6,7133.0,0.00484722068300637,0.00801511470634284,0.010467777298592813,0.09585359138557419,0.1350369404715182,0.16017930537770853,0.15607776645470797,0.1181369784159899,10.220491,4.043678
48,8,4,False,L5/6,6509.0,0.007544619241939682,0.008427321981021222,0.0108731714472913,0.04923953237638482,0.10688122614563983,7.204939721642008e-05,0.13246108984073104,0.14154296436748917,6.3332086,2.4069436
48,9,4,False,L5/6,3252.0,0.09134330717013012,0.011496825024981828,0.007428966372233293,0.023321266525630473,0.015868454474714515,0.12543781064645593,0.0,0.2296683342155494,6.812542,9.48983
48,10,4,False,L5/6,7932.0,0.019601568180389807,0.004527505061672705,0.004352556321403459,0.08354824266583115,0.0673621546308552,0.28227784167186326,0.23025185826333197,0.15952802244472514,7.8847966,5.155148
48,11,4,False,L5/6,11339.0,0.010331219249056606,0.0042489696618736835,0.0057938495506792,0.12360846379470102,0.1375149504417026,0.15672976915113696,0.11099187632811183,0.12799111687401024,11.151895,4.028939
48,12,4,False,L5/6,2346.0,0.05211370565375597,0.023076302852415683,0.005410905514431739,0.011346221473731613,0.01848045116070507,0.0,0.022268374799727104,0.26761059712185614,0.41988823,9.599995
48,13,4,False,L5/6,3470.0,0.021646932831961365,0.01188515539154335,0.011727543396646955,0.05134222599472083,0.026774282270918336,0.288024266993631,0.0,0.1559999623961637,8.828445,8.815865
48,14,4,False,L5/6,4105.0,0.012055835873015364,0.009190933339745314,0.012573480147242102,0.06320344593904015,0.07117462714594247,0.36538597993307864,0.2755283032360032,0.09667423584262096,7.6417475,6.2138724
48,15,4,False,L5/6,4661.0,0.03462132084503526,0.01824817643434726,0.01173858793028983,0.03155298362543366,0.018100030434639095,0.26777877671351324,0.007285460722771634,0.1639139857902044,8.269387,9.147481
49,1,14,False,L5/6,3048.0,0.08774700632037379,0.04,0.0034099660326781644,0.0016962050283605185,0.07553081199762643,0.0005180155555671957,0.1397543070481968,0.0800988473523767,0.07354513,9.78407
49,2,14,False,L5/6,3496.0,0.07831333166371078,0.02496662159186811,0.012042066595950003,0.0,0.0,0.0,0.0,0.32617686592512846,-0.33475894,8.777833
49,3,14,False,L5/6,2124.0,0.11061206560948239,0.020869423525758317,0.00749062338197496,0.0073883136999105805,0.003076077950498746,0.0,0.0,0.09359541227584232,-0.9834442,11.008791
49,4,14,False,L5/6,1604.0,0.010977986083375656,0.013480430502943485,0.011699771350907972,0.02988419701895132,0.03256900705185268,0.2238615098906111,0.21642139513429776,0.12855641000520918,7.0595946,6.2713575
49,5,14,False,L5/6,1785.0,0.006799043147423617,0.009530634420249061,0.008838571203025369,0.039696388373929706,0.06866746830769911,0.1741646701262165,0.1926936561139858,0.10538095608543548,7.1448526,5.704796
49,6,14,False,L5/6,1790.0,0.005137016294494845,0.011361417022921075,0.009780864713098367,0.04369029196287061,0.06737228796011978,0.057149201894131155,0.23694045267674854,0.10366327586458307,5.2332263,2.4502451
49,7,14,False,L5/6,3533.0,0.11801131002551528,0.0307356725236394,0.011658969743578423,0.0030439708765880496,6.47741414127828e-05,0.0,0.0,0.2974335274700679,-1.1161618,9.071776
49,8,14,False,L5/6,3451.0,0.010257585498980424,0.00589308946117165,0.008658786488923396,0.05470433432400485,0.10107711601621222,0.1928864152692009,0.2054660236888,0.12723086706261708,9.382667,3.699009
49,9,14,False,L5/6,2298.0,0.002153149331179405,0.01552075526789798,0.01025546760849404,0.09050855816763133,0.07476846074617431,0.10542032582880487,0.12306635017396404,0.18970238477858836,9.13855,5.9477057
49,10,14,False,L5/6,6331.0,0.007061800493444446,0.005711302450999434,0.0053466738554502355,0.11573370361828182,0.08773961240362448,0.24078500212417234,0.10229198733834727,0.18894142870165873,10.701797,5.600914
49,11,14,False,L5/6,2160.0,0.004585455261036572,0.011994430235422175,0.008064311665813286,0.05658510141736524,0.06016057265503187,0.09326187202576695,0.16136639453588988,0.18940423470063203,8.8798895,5.915221
49,12,14,False,L5/6,2149.0,0.013802063259941127,0.01000616120638185,0.01177778993006909,0.0429060920263884,0.02973945557299034,0.29428875230775203,0.046571534411428375,0.0832499506890141,8.966727,8.919112
49,13,14,False,L5/6,3366.0,0.00834247796688467,0.008968065021677556,0.004637213470638197,0.018287774775808823,0.07673880714700754,0.012102548593952982,0.13096126528195481,0.18541850878519658,6.9991436,2.9798713
49,14,14,True,L5/6,1512.0,0.0001327797025732862,0.005080414256826135,0.0,0.170731097945215,0.1343341433459193,0.16945922400280652,0.0794085111527614,0.08173768248166681,11.804737,3.885767
49,15,14,False,L5/6,3413.0,0.020392866866239607,0.004630748313722124,0.004247095220411287,0.06949698255667172,0.03791545591124932,0.27326825598311516,0.0,0.1256775516666208,9.912822,8.445665
50,1,14,False,L5/6,1477.0,0.022208801698563436,0.012784247380843619,0.012555732525187902,0.019598064564653087,0.008608496380858133,0.059176924117587015,0.4461588428065332,0.13494323738959155,4.6818323,2.6672816
50,2,14,False,L5/6,1010.0,0.0024885091461100176,0.02081748515525667,0.001967068753861621,0.007035299336914505,0.05661267285065586,0.0027387905788667233,0.4534639338129386,0.04037928017906634,6.2113986,4.312924
50,3,14,False,L5/6,2062.0,0.00917101996809076,0.004608386090395429,0.007348744066173681,0.04880041120016318,0.12121072208597657,0.11249367514170851,0.17350245340144382,0.1584503609140733,8.598492,3.2642229
50,4,14,False,L5/6,1212.0,0.0037210991396938935,0.009107843560638063,0.008556353068622036,0.07598620734998097,0.024944668725362086,0.2193224646105579,0.08039665536969165,0.23271609852646633,9.300852,7.0513268
50,5,14,False,L5/6,1978.0,0.010472514242825045,0.006039169059423889,0.013420102228716832,0.05947137333772045,0.08519742114740511,0.1612827582171159,0.1533515485193556,0.20796373600265175,8.795755,4.8243623
50,6,14,False,L5/6,3343.0,0.006767431559524933,0.004340141840614972,0.001686550432578618,0.11542564410774338,0.08801090731413122,0.17588002054482504,0.15301488628840237,0.21570090929653096,11.176084,5.380632
50,7,14,False,L5/6,1132.0,0.06244994454121528,0.02549209830896773,0.010771440203812821,0.01022578995335525,0.0045737731115019645,0.0,0.20581732855546525,0.2691457121563674,0.02063397,8.988879
50,8,14,False,L5/6,1892.0,0.009776338893480879,0.003160713468912046,0.004625912197148741,0.1308332703623319,0.007037891567845726,0.18782470523905953,0.029748943968504124,0.20589572854554586,10.579576,7.2300344
50,9,14,False,L5/6,1021.0,0.00033393381830363147,0.006865755686068118,0.0002430461054651837,0.08346871877085035,0.16187963359501018,0.10959238795217406,0.10528949651411175,0.06879272286660235,8.974648,2.081531
50,10,14,False,L5/6,1034.0,0.02521968108803726,0.010966264707362394,0.0058431306362194445,0.018030610235639774,0.003326026163768273,0.20934373787606161,0.0,0.21769289110911297,7.536457,8.642295
50,11,14,False,L5/6,1183.0,0.10292170823955937,0.024748254983695234,0.00512449468344807,0.0014125531886601192,0.0,6.796149426366967e-10,2.067814253530434e-09,0.18562853780336988,-1.2112986,9.873401
50,12,14,False,L5/6,1268.0,0.061398288096532,0.02600210423009217,0.010444866258843322,0.0,0.0,0.0,0.0,0.3105764090693602,-0.20480616,8.924023
50,13,14,False,L5/6,1275.0,0.005588798695029106,0.007200432935105777,0.0027999844346454964,0.022861617142337917,0.07307777384508903,0.02066214357711138,0.054238124941167414,0.14166231358054565,6.9292064,2.999113
50,14,14,True,L5/6,879.0,0.012864919865255035,0.00010168258384277039,0.0,0.14541101887027977,0.1373589648452957,0.09869024723977815,0.04279234869803547,0.21787433666029626,11.9204445,4.39461
50,15,14,False,L5/6,2265.0,0.015278841993386989,0.003377552690128665,0.008206408104702885,0.10102927777151928,0.08637761838104499,0.21667779209057603,0.1081247668673314,0.17204175264421742,10.319032,5.428168
51,1,13,False,L4,1748.0,0.05729458845664131,0.024629721694654612,0.0032239507054682855,0.005421260252253941,0.002393700953586384,0.0,0.0,0.12723304550368392,0.6772285,10.96691
51,2,13,False,L4,1737.0,0.048655889764584945,0.025295368224817396,0.0069700699382947515,0.005400067973595867,0.01120248260388839,0.0,0.05357942472429379,0.10327647537485383,0.5060668,11.082859
51,3,13,False,L4,4443.0,0.002586311009502633,0.006274510740512699,0.003301981721424608,0.1376313994188951,0.1255951347530945,0.10083726055509183,0.08587856521672835,0.19331953772499308,11.67894,4.527047
51,4,13,False,L4,2043.0,0.01088019433075998,0.008122570626628354,0.011509432794967104,0.043851263139033,0.06480767662637742,0.14958405319528614,0.14983820372993256,0.2423250875017396,8.746704,5.006614
51,5,13,False,L4,3220.0,0.02627822529351675,0.0007002405063276508,0.0018506680943514064,0.15059287549566633,0.11651008681091939,0.07256456508192285,0.12404647499993741,0.17733196497455495,11.659194,4.480083
51,6,13,False,L4,3334.0,0.056422388373478884,0.021496087958400738,0.010270005414674896,0.0,0.0,0.0,0.0,0.278527623656941,-0.3232612,9.233572
51,7,13,False,L4,3209.0,0.0023540317496731074,0.008662492121518029,0.0006232809863862094,0.09143703484738527,0.07683979517058806,0.25478030819628195,0.007420524557162926,0.13423780589860826,10.716154,6.779197
51,8,13,False,L4,7913.0,0.013013417982740784,0.005065085361728635,0.007872257488943253,0.035278110090464054,0.11983590609967443,0.22187424136278872,0.11542414966987181,0.178919691820098,8.661679,3.7887163
51,9,13,False,L4,3340.0,0.0014077305986305894,0.01658482491128024,0.0025822404793341184,0.07829614246411698,0.06815257026856086,0.15786920021263404,0.081254335756648,0.17725495107978492,10.681387,6.3755474
51,10,13,False,L4,1583.0,0.023241960585456106,0.0001,0.0,0.13764591359494172,0.058577928418399726,0.07960635823829787,0.1745000689525134,0.13826985106297857,11.724098,6.671858
51,11,13,False,L4,2479.0,0.011454631994856778,0.006817892563180075,0.012208172935706234,0.05269381347784235,0.07624203203313375,0.27173769199602055,0.14354414969868262,0.16257848787851975,8.327917,6.0576825
51,12,13,False,L4,2460.0,0.08963869910323877,0.02635910898969949,0.008652098573927132,0.007352294683060626,0.004780543639697054,0.0,0.0,0.22728147575772745,-0.3948565,9.509747
51,13,13,True,L4,1548.0,0.0001,0.007092729057806188,0.0,0.07342952181698231,0.05798645656510616,0.16116881638570357,0.1889978973816166,0.22185965441587746,7.506068,4.5296855
51,14,13,False,L4,3086.0,0.006534373499821915,0.007180551541426397,0.003402419110923131,0.07389654264093604,0.08737151857067638,0.21489283015253272,0.22013951443816623,0.09241307517567891,9.960669,2.7227018
51,15,13,False,L4,2259.0,0.004620442929149542,0.0103234052137768,0.003386294511628359,0.022493596443540622,0.0754325569328265,0.029345031802547952,0.09224939407551244,0.24522267242496573,7.1513515,3.0164359
52,1,7,False,L5/6,3418.0,0.004820916157576794,0.007533247105241774,0.007722891959593853,0.10339460862266314,0.07302344786681005,0.253888765634184,0.17026948557876476,0.19618281630207837,9.641085,5.6575603
52,2,7,False,L5/6,3852.0,0.012808445757800366,0.003598639215310433,0.006844067063179668,0.08319288840988623,0.11393912079366296,0.17810798097488212,0.22439379988981517,0.21941985042863096,8.161958,4.4642315
52,3,7,False,L5/6,1121.0,0.010397439791305639,0.004999113520069292,0.0039716451480591945,0.0337203056313972,0.04780404334840735,0.31145809232090643,0.24363509922831478,0.04922919430619394,7.5715766,6.3648148
52,4,7,False,L5/6,1462.0,0.00012558554524113273,0.015185852720709872,0.0026613939592105827,0.15306521845779691,0.10255345800071469,0.19833143279340812,0.2201447944265108,0.17185688874329394,11.909739,5.205671
52,5,7,False,L5/6,1658.0,0.007836310175684607,0.006645282799568914,0.008063364575011346,0.08023880649871963,0.05571196393845223,0.18969526462993738,0.12689942966564993,0.13040641913550693,8.94806,6.101321
52,6,7,False,L5/6,1456.0,0.12734274951368976,0.04,0.007795545101022559,0.004452685249457197,0.0,0.0,0.0,0.2826741605119316,-2.008668,9.14196
52,7,7,True,L5/6,1114.0,0.010821481021617516,0.00903688971341559,0.008495168261170985,0.022595313260708533,0.02035993815493258,0.15900147125403655,0.37990355875854986,0.1285367288676536,6.304282,4.3981237
52,8,7,False,L5/6,1961.0,0.016876920516686572,0.004348655607753646,0.004205834575558391,0.06614163752037186,0.04840430790412255,0.13972074573113866,0.2159726263164935,0.21157557058123463,7.478657,4.54332
52,9,7,False,L5/6,2424.0,0.008049652603372516,0.0037292732270396652,0.003885173989465999,0.10498966304561953,0.10256473793562464,0.14550974533747343,0.11334835483724737,0.2073237579952147,11.008853,5.5325665
52,10,7,False,L5/6,1236.0,0.008378647139601299,0.008344669344302455,0.003219304825904778,0.02291510176870168,0.02672080125604442,0.16316177238785132,0.11717189385751756,0.1890748267555138,6.936115,4.516381
52,11,7,False,L5/6,1975.0,0.0005057845965325521,0.01613611081661849,0.0026380185392574813,0.04585138828341573,0.13849852623502915,0.01229358386116292,0.13163393031150925,0.031450041309171055,8.739281,1.940957
52,12,7,False,L5/6,1445.0,0.13278913024727204,0.04,0.009345694502582193,0.01320186563958656,0.001668981177246856,0.057770136196987926,0.0,0.15239299136641019,-2.0200515,9.476838
52,13,7,False,L5/6,2543.0,0.013633261632939498,0.005660244627695072,0.0038093682124096546,0.06756609711782993,0.06312934844148854,0.2688217784307279,0.25669861009968803,0.17492340191551148,7.8106327,5.068834
52,14,7,False,L5/6,1347.0,0.0047620332510691175,0.006354623375305509,0.0030726100567370638,0.04736500863036841,0.1023974282638046,0.0011633288777692663,0.14984234758630335,0.09173517669907241,8.3971615,1.9707626
52,15,7,False,L5/6,4927.0,0.009443191627652843,0.0034257035638283217,0.004086457449816184,0.0438744132500587,0.13605128367114236,0.05418160595283154,0.056412218635596346,0.19927664186493632,7.7674108,2.703891
53,1,2,False,L5/6,3272.0,0.0036040520199154065,0.012786390779807947,0.004532350875728357,0.04602058816084485,0.0687484961498303,0.01486692194557966,0.13657594155917155,0.12597777970989663,7.032077,2.63645
53,2,2,True,L5/6,2868.0,0.007058416444890777,0.011161222703157838,0.006194340896092102,0.042902212493490216,0.047533359099395954,0.13612538303663724,0.24432435437348152,0.2134278078067532,7.347457,4.5041
53,3,2,False,L5/6,8772.0,0.009098441755767944,0.005177898160207664,0.00544605511715821,0.10913849036873954,0.11811215900823102,0.15191081746473936,0.18394990344996268,0.21486150756121372,11.034683,5.040402
53,4,2,False,L5/6,8385.0,0.006986531778386191,0.008683510071580268,0.011206574994348222,0.00284145067498088,0.11399094168561451,0.00419232175145306,0.11497409901005687,0.25412115745731434,6.4003296,2.8674657
53,5,2,False,L5/6,4907.0,0.010553624941533488,0.006524489223156646,0.010629799775526845,0.0572467231796732,0.09243202054494987,0.1958410464784595,0.2657889384271895,0.11154358123735711,7.774718,5.752858
53,6,2,False,L5/6,4290.0,0.0854334553779554,0.02112041613920533,0.011275511315287838,0.023069464443268125,0.0,0.0,0.0,0.36034440638109977,-0.2290664,8.757454
53,7,2,False,L5/6,7568.0,0.01828699009828872,0.004156050469219872,0.003310721333410177,0.07110719273399083,0.07611723789584311,0.3538313959802799,0.22775181493683527,0.056866326908545525,7.598648,6.337991
53,8,2,False,L5/6,4921.0,0.007883924398204062,0.007502973334938453,0.005636176297826922,0.08337466204422135,0.07388969371104907,0.15815440968048228,0.20749062767710894,0.20029090728958704,8.126673,5.017109
53,9,2,False,L5/6,4027.0,0.09166048372050752,0.025204809083676595,0.006408016221205272,0.005246209275765917,0.0,0.0,0.0,0.3063641636697589,-0.101779,9.034753
53,10,2,False,L5/6,6234.0,0.0024618733017006305,0.008264302962689457,0.007154919851800193,0.13668378355397884,0.07435788867048844,0.2227974918288647,0.00895500195513691,0.09620386667368862,9.834887,8.066987
53,11,2,False,L5/6,4061.0,0.007005499226096945,0.007334178037031026,0.005813121987114147,0.08118396385396068,0.06610439465003176,0.3567603459762996,0.0,0.07065164233228906,9.066027,9.268813
53,12,2,False,L5/6,3256.0,0.00667402096060033,0.012472717080724687,0.009639533403692656,0.05912071326474854,0.03282003281086143,0.2211043850217862,0.02523037120941667,0.1081115324430762,9.236045,8.56507
53,13,2,False,L5/6,3255.0,0.08715910863729373,0.007914254420541087,0.014283551085139179,0.028185958174827053,0.014674253711628376,0.21633520131159903,0.0,0.2566078245270378,6.828897,9.476436
53,14,2,False,L5/6,3673.0,0.012389546151248203,0.008472245377564601,0.0033565085047522055,0.025377191755505953,0.0590064953873777,0.04772422330824093,0.13065974699017865,0.1265811935911215,6.948021,2.9982133
53,15,2,False,L5/6,4152.0,0.008933631858562285,0.005909355205844419,0.0038483499855324235,0.07698705205905235,0.07607343980587443,0.15470629246270107,0.09803491145284882,0.10709224982641628,11.657523,6.793137
54,1,3,False,L4,254.0,0.0013537561260467215,0.0006122480413483979,0.003769299905054825,0.1480223956217059,0.0,0.1907221255194962,0.04083960961384898,0.160573227901616,11.014645,7.61647
54,2,3,False,L4,295.0,0.008947964988104759,0.004331204073121386,0.00869907720881455,0.01916098617357257,0.020819326468581287,0.18138905609263156,0.15209006631750577,0.06959608428373346,7.0246725,6.186996
54,3,3,True,L4,242.0,0.0016643158744789046,0.004511170900429142,0.00499483388026561,0.1264194357512588,0.02391944424202491,0.16230571861283502,0.19766863317118724,0.0529490099858047,11.676675,7.794547
54,4,3,False,L4,865.0,0.02550153170567096,0.001179576279062086,0.007238559620766798,0.12316335012320147,0.07048145713663077,0.13943704843638643,0.05515746579749222,0.14449990246238714,11.189967,6.3617563
54,5,3,False,L4,7073.0,0.01587336344708,0.004031858947662231,0.004934463495840923,0.09708123942248995,0.006739326497398937,0.19136040504037335,0.23044560265275904,0.1745607547028172,7.9396806,5.326237
54,6,3,False,L4,618.0,0.0009035222793084885,0.007055860434125626,0.004746453988506054,0.1617437416470505,0.1008364874013114,0.07924271800076955,0.0720007191379431,0.1943722378003314,11.719675,4.7270937
54,7,3,False,L4,677.0,0.008377244687480363,0.002542049951624284,0.00633441279733892,0.11687298735388371,0.13353476609765186,0.10725003322610166,0.273951470021538,0.04634454562407159,10.884157,3.0092595
54,8,3,False,L4,408.0,0.006722863108869475,0.0030017577262180027,0.009451834373823366,0.022414914360812704,0.11233192947582096,0.14704760789851007,0.1538049203527443,0.08203171679126788,8.65235,3.191705
54,9,3,False,L4,714.0,0.024273569181895174,0.001173216170645188,0.006409152840191591,0.1264789897783113,0.07396354553401419,0.1024462717595873,0.11700401692886694,0.22120602586557217,10.673736,5.8464284
54,10,3,False,L4,4196.0,0.01496342790044634,0.0035843739334425477,0.009423637603006501,5.416057686761141e-05,0.11287411529797053,0.13912637833577168,0.1901446512098548,0.12466785675551999,8.428164,3.0893323
54,11,3,False,L4,2784.0,0.023316308672663814,0.00101362442489492,0.0026792809353776005,0.15156097776545724,0.0,0.07208750520164851,0.12720040686154468,0.08553038761366517,11.749513,7.7126546
54,12,3,False,L4,456.0,0.01386795419771417,0.003452547106506627,0.00887005927860853,0.060062955122347196,0.0036252918137517336,0.17965309811191796,0.18497675486925375,0.18537806910597837,8.54797,6.6137886
54,13,3,False,L4,307.0,0.001526362122954716,0.008844724967463642,0.002520891909056081,0.06465690902082159,0.047920316211190105,0.13819276928260912,0.16141808562107268,0.0642768687460242,10.013682,2.4981678
54,14,3,False,L4,408.0,0.0018547241177794438,0.003870983803164967,0.009190396811629104,0.1540431264538925,0.09064709647036615,0.20355942191807566,0.0958532290466349,0.11573993218861679,9.690567,7.81349
54,15,3,False,L4,900.0,0.0006553304412511918,0.01229310726125451,0.008352353883950982,0.13317500113619543,0.15147534588749018,0.223026454177123,0.11749833405543464,0.06538820674690682,11.193676,4.064449
55,1,15,False,L5/6,4220.0,0.0028222216700546417,0.009760145563621586,0.006858071647629412,0.11878441943670169,0.0010988370533508204,0.1555521416318237,0.10566633363435676,0.25127489088629473,9.470483,7.0157466
55,2,15,False,L5/6,905.0,0.00844126723227916,0.00010002630575394497,0.00039513884266453636,0.14320777830933829,0.11491820849809221,0.12554833003812313,0.07466258790634926,0.2015644005938568,11.933894,4.437169
55,3,15,False,L5/6,1033.0,0.05155530658642025,0.022447463817675033,0.0038520717322555035,0.0,0.0,0.0,0.0,0.21413618351051947,0.51902306,9.973022
55,4,15,False,L5/6,1763.0,0.009010192309107205,0.004474446152350714,0.0056454378607108694,0.07618909584216935,0.057671702606130484,0.20787958165371428,0.09632865442903663,0.05999948268295758,11.659592,6.886033
55,5,15,False,L5/6,840.0,0.001521608758528931,0.016439925719968853,0.009180436777684212,0.060332919973491765,0.03364020688188928,0.23070434455483563,0.06904581047195867,0.17379016328107025,8.748762,7.9861894
55,6,15,False,L5/6,922.0,0.0071734117734219525,0.004833725656910115,0.000522232937338114,0.027030863685994416,0.0,0.2776094472400668,0.13375316630024764,0.142165210893587,8.332944,8.888331
55,7,15,False,L5/6,1201.0,0.0006589894783006857,0.011650862150914086,0.00041097260267523476,0.0880608010260121,0.03693310672433474,0.21740306156067485,0.07017093057815477,0.1875452335751242,10.623987,6.446254
55,8,15,False,L5/6,1956.0,0.01849502141733475,0.002983745140046788,0.005784328324959012,0.05901408184870656,0.09578054768388046,0.23593534784420328,0.15932532287846432,0.16420290951366454,9.197312,3.3492882
55,9,15,False,L5/6,1574.0,0.008659326571597317,0.008708973931468227,0.0033469234780939034,0.0002448504256464583,0.057442035229870556,0.14402167757588905,0.14226489543971765,0.21350980742840678,6.921956,4.3186207
55,10,15,False,L5/6,1206.0,0.09966472473602239,0.031189527965546332,0.00955195860360823,0.0028375216331072216,0.009870111207505066,0.0,0.03881957559762405,0.2114744845260964,-1.0242255,9.332887
55,11,15,False,L5/6,2432.0,0.001151766306230925,0.01296158462677419,0.0024704686933693203,0.10958094264975052,0.07950152562063596,0.19628126063592682,0.060673447441767704,0.04254449586009445,11.642469,7.0852833
55,12,15,False,L5/6,960.0,0.005674719793223628,0.006798883560485122,0.009782239971242416,0.04820712862960511,0.03316737933126038,0.2572369536490149,0.0,0.08815726468847405,9.072115,8.935652
55,13,15,False,L5/6,1262.0,0.002129797946246152,0.012218043384636819,0.01126590784079563,0.08522726038707698,0.05670110106403822,0.15663328978550037,0.06571532458229006,0.1618885074061925,9.182233,6.1645255
55,14,15,False,L5/6,1233.0,0.1369746712032424,0.03830029465831532,0.006643961734818239,0.0018535859448969285,0.0006576375569469408,0.0,0.0,0.2356445555248645,-2.0798376,9.182457
55,15,15,True,L5/6,722.0,0.008707046476952604,0.00010018482019171157,0.00031713814337667497,0.09093241599521677,0.13396982254327394,0.08280932094892539,0.21319223107956328,0.10475628335049601,10.723922,2.8588433
56,1,6,False,L5/6,1439.0,0.025576813447051525,0.019682560214453613,0.007486309688409897,0.009479896878260431,0.010620006997279385,0.18483914925811912,0.21730273021036114,0.19041970480435755,6.796446,5.9103236
56,2,6,False,L5/6,2262.0,0.0027162656263827875,0.00589443328552936,0.011684246837582214,0.13791509354727458,0.13909995740603348,0.09506952489284282,0.19387923571221272,0.07868719541360245,10.471066,4.091549
56,3,6,False,L5/6,3376.0,0.003711941137605909,0.00840593175114312,0.001690105347312886,0.01126599397109181,0.10236356994282239,0.010913617362122008,0.1256748781835335,0.08510643778741045,8.346162,1.9453015
56,4,6,False,L5/6,1550.0,0.00010005795172597806,0.005289304140261354,0.00438201904121787,0.04037144831238996,0.12077727632724022,0.11095776870926367,0.17131951232097378,0.16134875816130398,8.702491,2.90303
56,5,6,False,L5/6,7959.0,0.02106731714162909,0.0021478047634838223,0.003030545948095994,0.09031207015565698,0.1142189535477404,0.16771273410196932,0.24429843771925103,0.0543870061294176,10.339134,2.811738
56,6,6,True,L5/6,1076.0,0.02505276140735076,0.020981696589161377,0.009003421774437685,0.016645735691054275,0.0039094222689613125,0.3019211811389746,0.16197473325878176,0.16750628350793284,7.32245,6.873388
56,7,6,False,L5/6,1222.0,0.08929799177309079,0.024801913340566348,0.007539928482025929,0.005479052340086006,0.0,2.34124908962186e-10,1.483318701184246e-10,0.2520841927965879,-0.32919484,9.389182
56,8,6,False,L5/6,24441.0,0.010173900649849778,0.006575853629100757,0.003473507144796377,0.09931529967351369,0.11231922270715124,0.3018278186117635,0.24822970317025367,0.2363234903337291,11.178776,5.1138816
56,9,6,False,L5/6,1427.0,0.004756030674321533,0.00011650278969479845,0.0,0.07252641022205353,0.10931449383497238,0.04096510261297226,0.008160415105521679,0.16516676545143127,8.315616,2.4534268
56,10,6,False,L5/6,1324.0,0.012073816278162489,0.005922506813315048,0.01030467868985197,0.04397439740724115,0.029996922315429136,0.34934811967609963,0.1576406034453153,0.14123458053927146,7.364848,6.62083
56,11,6,False,L5/6,2087.0,0.002706817486517909,0.010285296903979262,0.0114676375922639,0.07920964230733522,0.11431565381964134,0.19400331328669898,0.08122565493168118,0.17492755076475872,9.815973,5.176362
56,12,6,False,L5/6,2992.0,0.025342970424026914,0.0010424414171298637,0.007827583116097053,0.15616089535102307,0.14207078106875043,0.1506735092278417,0.1215373631125168,0.04461118431427287,11.332684,3.7306793
56,13,6,False,L5/6,2103.0,0.004119099866236649,0.008113133586603592,0.001922413969343601,0.05010074737887378,0.09499932909839512,0.10158387368596884,0.16629119211150872,0.22935910572433627,7.4074707,3.1127596
56,14,6,False,L5/6,7360.0,0.009372898958159494,0.005851837594350131,0.006939455597073668,5.852397944158349e-05,0.11747038134354784,0.0460450691420336,0.28580739057111226,0.1035997702688994,6.1206446,2.1872091
56,15,6,False,L5/6,1956.0,0.004466609979602703,0.006077421962386824,0.010570981853308346,0.094331999187203,0.08961204536220367,0.21263885718485778,0.13511568601994237,0.09673416474442299,10.024643,4.0287538
57,1,11,False,L2/3,631.0,0.0180991540406222,0.0029352896100295093,0.0059200095086027905,0.06142117145072672,0.02181525270115505,0.148244782142863,0.09560082269833843,0.19672594593922485,7.991083,7.343617
57,2,11,False,L2/3,122.0,0.05532850765304713,0.022877922791515053,0.020065237143301988,0.0,0.0,0.0,0.0,0.27828077350200536,-0.8101152,9.307651
57,3,11,False,L2/3,132.0,0.08600412967850997,0.02484228921534317,0.011070390327873958,0.0,0.0,0.0,0.0,0.13429570180071626,-0.46700588,11.025137
57,4,11,False,L2/3,982.0,0.022615015725720788,0.0018791546046655074,0.006633462784631844,0.009805559846932372,0.11777098968587253,0.14293397416723144,0.13396907032232308,0.1676256181549883,8.3805,3.4777164
57,5,11,False,L2/3,576.0,0.01745328368929539,0.0018101651682132097,0.0040644812636114955,0.12793917798863827,0.0,0.1773101734195274,0.21460376748265092,0.10020955840389355,11.587626,7.560052
57,6,11,False,L2/3,302.0,0.004840286323751798,0.007982055005334778,0.002344420145684819,0.00980609268128373,0.051691478376202124,0.11386808223703662,0.10793007296423149,0.12166889887549105,6.936915,3.36128
57,7,11,False,L2/3,242.0,0.014800148917634232,0.00032601042265988523,0.002111454269305704,0.1547584579665551,0.0,0.19242216666082834,0.08105856393771618,0.20715065733903587,10.675935,7.3042183
57,8,11,False,L2/3,128.0,0.0001,0.0013886062116859569,0.0267115399997358,0.0,0.0,0.19381331904904456,0.16838415900949194,0.14371237402125825,13.387234,8.90982
57,9,11,False,L2/3,124.0,0.00010593941985654698,0.01584963816563179,0.005546037160768836,0.1042287436050703,0.010767967556046974,0.18634663809521396,0.20571551444000952,0.08770592372395557,11.097531,8.210233
57,10,11,False,L2/3,573.0,0.0026342258476830557,0.008992634019274089,0.006083102518607582,0.05044248246942468,0.12531758778492208,0.1545453290434349,0.1695096284077112,0.150793356987816,9.022246,2.946922
57,11,11,True,L2/3,115.0,0.00010032625687376456,0.00010011554152472995,0.027718323018950275,0.1451091319322586,0.13777810335159302,0.057714544236660004,0.02580897882580757,0.05047910287976265,13.359308,8.935597
57,12,11,False,L2/3,763.0,0.003284727202389404,0.007465599828535856,0.00862358996453436,0.11038875069152117,0.008997811431581564,0.2102199706304311,0.11144819226498144,0.23548503655678452,9.386241,7.008048
57,13,11,False,L2/3,121.0,0.009152368355979434,0.00010166222134744331,0.026847881385395015,0.025659250585385956,0.0006020563399618641,0.18155718788811234,0.08847856794554038,0.032943216053978715,13.387217,8.931996
57,14,11,False,L2/3,379.0,0.0055872162444063015,0.004116663494562825,0.01182997307212209,0.11562809749480626,0.0003250817505441177,0.1728113517521108,0.08271373603877655,0.20399229094378432,9.543604,7.1761794
57,15,11,False,L2/3,125.0,0.02492176695392603,0.00010106987391829642,0.009570954214879166,0.16505880507171777,0.1420194132519948,0.06080364598556604,0.07515378107627281,0.17434866575883637,11.303766,4.3929987
58,1,11,False,L2/3,1711.0,0.0057888994946033116,0.01107186650880628,0.011741149423571259,0.051581564278020804,0.021697783364475767,0.2781631376487622,0.0,0.12911440320136452,8.939271,8.802066
58,2,11,False,L2/3,2140.0,0.1368431940541679,0.03341901707026767,0.0034757829221019436,0.006368731362965104,0.00011423804640447064,1.1748531744283368e-10,0.0,0.17640009088210756,-2.4167967,9.392451
58,3,11,False,L2/3,1547.0,0.007261570976242003,0.00880831806566835,0.004099212973353993,0.028637857623591757,0.026472113665115135,0.3208827089651636,0.08927447685806952,0.05432218120160062,9.328376,9.408885
58,4,11,False,L2/3,1339.0,0.007706986932943379,0.009977758526848745,0.007493147477667308,0.030153847442313978,0.02842820484526713,0.365338534157786,0.23920141208347614,0.09075936053617101,7.520699,6.4123244
58,5,11,False,L2/3,1212.0,0.0561632283590174,0.028269878524475767,0.006905368859529047,0.005388514241893961,0.005610445923842021,0.0,0.0,0.22773750406073284,-0.08814318,9.674023
58,6,11,False,L2/3,1588.0,0.008111478893434797,0.0071863352635266565,0.007819901211691719,0.07279517353938732,0.054540539449441094,0.12118020051206314,0.1222308895154905,0.23935876780032436,9.590597,5.9496202
58,7,11,False,L2/3,2431.0,0.06020330442028356,0.02830934738295423,0.008798542950620011,0.0,0.0,0.0,0.0,0.10221660760911389,-0.01546382,11.32861
58,8,11,False,L2/3,1686.0,0.009851531268075192,0.007919068041783876,0.012617823990877276,0.06104606519743653,0.03925034372581057,0.19763614176149086,0.234890925060444,0.1942968407428816,8.200068,5.8073893
58,9,11,False,L2/3,1316.0,0.011263469538311765,0.007742282503752957,0.012790680994333038,0.04177502039038429,0.03647443597888265,0.24590184562656478,0.26907256267481594,0.1642986392025742,7.777616,5.889724
58,10,11,False,L2/3,2088.0,0.049712032681995214,0.019346074583239125,0.013011785098498653,0.0,0.019240844072678613,0.0,0.14365975588262814,0.2155934959233118,4.6856027,3.7717016
58,11,11,True,L2/3,1020.0,0.040301272028115745,0.028085457102016185,0.008897973087783338,0.008996972791371651,0.028031901990546677,0.0,0.1865506054088579,0.12717535565299407,4.2427483,2.9475117
58,12,11,False,L2/3,5157.0,0.011287392013234622,0.0032319117698953012,0.0034482994594812895,0.11232049121103568,0.13341607102133785,0.23126034286289449,0.1023267112590133,0.10056161721141538,10.911085,3.6893978
58,13,11,False,L2/3,3642.0,0.009241726347714944,0.007061756779766441,0.011307204758429156,0.09060424674097242,0.0018960249194691424,0.25815951080241334,0.001171552909987677,0.09922082265427473,9.532679,8.711912
58,14,11,False,L2/3,6644.0,0.01846509641906787,0.006371069735608163,0.0034563466637223495,0.0015942486194935246,0.06839813448047748,0.0032330218232458304,0.1669077599971372,0.13022720444152167,7.040602,2.9403734
58,15,11,False,L2/3,1540.0,0.021911447297951758,0.011402567788301315,0.010800123264639756,0.014347568614990782,0.02445951903059485,0.0,0.15698469901448783,0.2390920012561522,4.779761,3.7345483
59,1,15,False,L5/6,347.0,0.007920580529736545,0.006022785699635526,0.0055481604485736755,0.0069139278502402795,0.05534458492058672,0.13701056311124166,0.21789949255567495,0.24013100919476332,7.261149,4.1034603
59,2,15,False,L5/6,843.0,0.0077853770403826855,0.00656771909981486,0.008373228392922236,0.010750624200460163,0.07418674106669976,0.13736174118303626,0.19920486752782054,0.22306779581177047,7.2930107,4.1510563
59,3,15,False,L5/6,142.0,0.0027315577026489806,0.005132124741978761,0.008266327502277352,0.07483036782568281,2.5111997463738583e-05,0.15361726085997696,0.012499470158701675,0.14732351063735338,10.013447,7.500563
59,4,15,False,L5/6,138.0,0.00014254834048315338,0.014502454396131783,0.00790109946396509,0.024805557218244016,0.05431941083350397,0.08266225176356388,0.14542441556840124,0.12516846092508935,6.3535786,3.0093796
59,5,15,False,L5/6,151.0,0.008400971533925685,0.003205418800605913,0.010950024184595062,0.04102031625705745,0.05246954952267028,0.1576347632388492,0.2450311428404699,0.17836856282244157,7.7576056,5.7902007
59,6,15,False,L5/6,2282.0,0.012927640539679356,0.006647646992021079,0.004434611007123401,0.019272708074767005,0.056846397181577746,0.2705241382303557,0.16404148064475582,0.1095008475088198,6.899492,5.283916
59,7,15,False,L5/6,134.0,0.003526277764051997,0.005240865604954301,0.011773239192207406,0.03301544008870887,0.00014536072199728802,0.10370247996285215,0.03874557101474771,0.11441416146394447,6.8966146,6.217785
59,8,15,False,L5/6,144.0,0.0015583260249985764,0.00884049057649564,0.0031770779056241056,0.04981607386301985,7.101327769434481e-07,0.2550927454242533,0.06455586163598305,0.037434791780105926,9.429047,9.383478
59,9,15,False,L5/6,410.0,0.007949343033387993,0.005518766827155695,0.008982113958090588,0.027132798513833833,0.026812395236714585,0.290611508042722,0.15715458061287205,0.10251253841331869,7.3430204,6.4793487
59,10,15,False,L5/6,192.0,0.00022253097060992915,0.01124789937143558,0.006387707025925059,0.15349627675205124,0.08362783500308317,0.19096672319966376,0.06199547437192162,0.07255887747855332,11.441112,7.370653
59,11,15,False,L5/6,126.0,0.010442414028822693,0.0008577648542680865,0.01101697606487889,0.0,0.11849477790092329,0.0017165173697929372,0.23619120673853727,0.02645599057583602,5.961384,1.9949131
59,12,15,False,L5/6,4189.0,0.014508027210416675,0.004860980171828097,0.0019720197424548396,0.0334558507585285,0.07752032136174303,0.3110900229373266,0.23545311856073559,0.057687090821979925,7.5570364,6.3394265
59,13,15,False,L5/6,1850.0,0.008262014187532583,0.005741538214022318,0.009590296583925084,0.07650278202981066,0.08909868879788656,0.1848609055462998,0.20766264041587384,0.25369348105625555,8.83182,5.076857
59,14,15,False,L5/6,1659.0,0.002975577126353993,0.008238937314612914,0.010910958152159927,0.12409988355022446,0.07482271525809665,0.2717529664502743,0.0902915404422111,0.13747092365035035,9.500136,7.7746897
59,15,15,True,L5/6,123.0,0.005156610534419676,0.0001000251614479449,0.002986767694612668,0.13098607255554165,0.010365205740196804,0.15264902437793784,0.09289664091679538,0.046534054818902514,11.675766,7.784323
60,1,14,False,L2/3,2527.0,0.003457042448964766,0.01195992480198214,0.0024838094503370203,0.04745002934551068,0.05959595550834276,0.014151887983606979,0.21968560994563585,0.07899937190535093,7.52571,2.1059108
60,2,14,False,L2/3,2968.0,0.005109111790219946,0.008399057440484008,0.00819253039768072,0.04938107513157619,0.09939233120766902,0.008854556570428955,0.15988515584826632,0.22353017782169848,6.5088763,2.8303297
60,3,14,False,L2/3,1982.0,0.012490729668390958,0.007647308329215409,0.0062531330741388644,0.03933247187804058,0.04876517841028833,0.09367143715816766,0.27702619096614434,0.1978052836012186,7.238911,4.449003
60,4,14,False,L2/3,5410.0,0.012524546327653608,0.004220779430297032,0.004629172832024797,0.11837146976702174,0.029524814432313917,0.12674433392341702,0.18310844833021878,0.21510992035545282,10.820477,6.552623
60,5,14,False,L2/3,4174.0,0.018337008049216688,0.003884021691448844,0.009165903678878946,0.07068260580478838,0.09864450467063157,0.1542064775719964,0.19006053029714332,0.110375409524463,9.453817,3.788064
60,6,14,False,L2/3,2185.0,0.010441550971280189,0.006168356509950501,0.012184367433563909,0.07809900989973119,0.07996901691252889,0.17669927291476112,0.21851132926387604,0.15987113717315654,9.024113,5.208819
60,7,14,False,L2/3,2598.0,0.011801785029374538,0.006136464551845023,0.002855341504652006,0.02830603145340747,0.06962645280333196,1.8570076842779535e-05,0.2531564956839198,0.08521054102560605,7.6127687,2.022996
60,8,14,False,L2/3,1980.0,0.029426214381106673,0.010968231317083563,0.0077282131883496825,0.025104515647458837,0.018477355766877104,0.028654088457659297,0.26254506031931757,0.26627025976196705,4.797906,3.2374187
60,9,14,False,L2/3,3437.0,0.04583140322867549,0.01572947431563837,0.006386852791540898,0.0,0.0,0.0,0.0,0.22955026193735728,1.2834737,9.657154
60,10,14,False,L2/3,2624.0,0.013274252593844136,0.004482574454015362,0.01138363669183734,0.06581198628568792,0.10502828464141373,0.010375702221847019,0.23319416428842316,0.13480175645197795,6.4055924,2.2425013
60,11,14,False,L2/3,1853.0,0.0221918268660401,0.005581905181604214,0.006251758307636122,0.04497569312815577,0.018139074904663786,0.2120028778365314,0.04779459612995613,0.09105421041654019,9.343901,9.072665
60,12,14,False,L2/3,3687.0,0.0034990484712542507,0.011432370423006452,0.0034072663145322726,0.050090959066582834,0.08289438806931224,0.02096159513222941,0.16516761772052702,0.21693785293541046,7.2083907,3.121081
60,13,14,False,L2/3,2584.0,0.12228175049820428,0.04,0.005928989646310905,0.01977822372359609,0.0010997588404329348,0.0,0.0,0.32372365869591413,-1.982018,9.129278
60,14,14,True,L2/3,1524.0,0.029805738231009463,0.011122302671750375,0.00886666990997376,0.025126068342630786,0.007389916564378433,0.21692907906963269,0.0,0.15172630460632763,7.9638667,8.906031
60,15,14,False,L2/3,2080.0,0.06492310829059683,0.009916161445218197,0.011288744676512894,0.023892148104474962,0.0,0.23710780388348443,0.0,0.16242235785622358,7.3475223,9.483432
61,1,12,False,L4,1333.0,0.008464551996957828,0.005686096284361443,0.011440579033153228,0.08816661384662618,0.05307258885275451,0.16591562587572745,0.1259067116433376,0.2369778465728258,9.499649,5.749968
61,2,12,False,L4,501.0,0.009959447726778807,0.0043510137985393015,0.014384197275879603,0.019312326449193975,0.05107746602066787,0.00011310663218663422,0.287539573111756,0.24380906273412115,5.247092,2.9247992
61,3,12,False,L4,445.0,0.009523518226089758,0.0001,0.005203576101617556,0.15787926542090638,0.12618998910066054,0.1555257768115361,0.11968510871061407,0.20656521040266562,11.240789,4.7628164
61,4,12,False,L4,553.0,0.017848699925713078,0.0005210434115947671,0.007005908400956875,0.16944156493885712,0.016894889205141414,0.21266781027196593,0.11774917958612814,0.08598335054438849,11.730427,8.042115
61,5,12,False,L4,3971.0,0.005530432992041069,0.004730540587296621,0.003925174328356582,0.031210279406572734,0.14521187634246233,0.09197487718824791,0.17850220832301308,0.2360684203262943,7.9305043,2.899917
61,6,12,False,L4,498.0,0.004256453018481461,0.006444807101786954,0.007665261184353609,0.06104435007199807,0.08036614059760414,0.025203621638413356,0.21351525197857385,0.20273227781110992,6.416751,2.8160043
61,7,12,False,L4,460.0,0.13420844095816128,0.04,0.003675925552637821,0.0,0.0005366178332587026,0.0004732338050046381,0.0,0.24483009657428395,-2.3944721,9.209562
61,8,12,False,L4,918.0,0.0031634565752558627,0.006901554782367665,0.010389194946686395,0.09568697879727674,0.0653267562916581,0.1911437372725708,0.10432436121600722,0.22631552033242955,9.779679,5.7745624
61,9,12,False,L4,392.0,0.007830357928886146,0.010224437959683067,0.0034890005781681613,0.012774104825326453,0.0,0.37250343195205166,0.0007053527120739276,0.049980633284598536,8.726614,9.589102
61,10,12,False,L4,465.0,0.00011836167241374612,0.007765856149981016,0.003400405319160405,0.10142760425146856,0.16357041927047256,0.0,0.07464523896241818,0.22148312379078075,11.43395,4.3106008
61,11,12,False,L4,611.0,0.008079395570155723,0.0032079146370447586,0.0020051856354713436,0.08336321934099604,0.018519378705061575,0.15303028858140505,0.3567476682104117,0.043713446221696,10.083776,2.6263332
61,12,12,True,L4,346.0,0.009974188669461308,0.00424095873498721,0.005734804123180538,0.05487490264262807,0.005235787890952267,0.2995448535846213,0.00877376186424779,0.04753978369544732,9.184854,9.416719
61,13,12,False,L4,556.0,0.011046593512714212,0.0031498627811687567,0.005351244717152955,0.1044193554742095,0.06770383350606085,0.11681590420507862,0.06801483278982341,0.09651832726378232,11.574075,6.6119213
61,14,12,False,L4,470.0,0.014074596331888347,0.0001110978753179474,0.005680675926457644,0.14369080059088474,0.0763289677810194,0.21629581531317943,0.16226052020658438,0.1744267375180827,11.131949,5.6113715
61,15,12,False,L4,877.0,0.005555879737119668,0.007662478707014513,0.003122272896434737,0.05273659936610293,0.05304471968209174,0.16914919983418328,0.11772706034476232,0.12925082983340733,10.1238575,6.7353024
62,1,7,False,L2/3,260.0,0.011709851909700215,0.014471977694118761,0.00860740704165053,0.013078542872919489,0.0003035121629190163,0.21354121107163124,0.0007490084165786923,0.20630874884626646,7.702363,8.632829
62,2,7,False,L2/3,977.0,0.009189425138566387,0.006837283830281488,0.0051877168506549364,0.04717627241288467,1.614077572938352e-05,0.1911526160263265,0.20158973980244088,0.11473005188448006,10.529866,8.817066
62,3,7,False,L2/3,864.0,0.01447252792018663,0.0027788990038454587,0.01150531288924945,0.049221736853522734,0.10464912640834051,0.17412781496042037,0.16048385202821558,0.17522108894818325,9.03892,3.9166212
62,4,7,False,L2/3,348.0,0.004670124331555384,0.004035256765180546,0.0022051634612550884,0.08299135084167682,0.006400907156155698,0.09536649187644552,0.03333699710850897,0.1641566331456515,10.977741,7.38798
62,5,7,False,L2/3,294.0,0.004110171226256929,0.002718017066377522,0.010792334568491305,0.09141642801940887,0.0,0.19079866315749633,0.0,0.1040576806522294,9.548628,8.6993265
62,6,7,False,L2/3,5893.0,0.011284050304059141,0.004460469107614708,0.004855811437243328,0.10300667231562609,0.04698201427082918,0.27863926503324427,0.15121895583463077,0.21029950116225024,9.552579,6.5062327
62,7,7,True,L2/3,246.0,0.002864594589373782,0.005791947436919067,0.00969520239857323,0.07417543511871495,0.11252847788813886,0.1287015015594137,0.14598813144230102,0.1921771242488479,9.125206,4.2708917
62,8,7,False,L2/3,323.0,0.006848969483128076,0.004974450632277377,0.006578923038110716,0.02104269252069239,0.00391089465703394,0.2390957073682078,0.006747933024675442,0.19909109290717208,8.001187,8.541326
62,9,7,False,L2/3,255.0,0.045471355245174004,0.017264991158573054,0.01201519987527261,0.0,0.0008426379902084472,0.015146225836332846,0.0,0.12162616953822754,0.30988148,11.106511
62,10,7,False,L2/3,3063.0,0.01155905326308855,0.003864555736752682,0.010458729884972639,0.1086486947308199,0.014313383931745858,0.2716141303273129,0.056812238119597486,0.08735881706100006,9.595513,8.667903
62,11,7,False,L2/3,1044.0,0.012596238760897592,0.0027421896300999695,0.011796999394472544,0.10151566915118432,0.10069478135006554,0.16994600352781353,0.20398937248236423,0.1777348249790374,9.272755,5.0473437
62,12,7,False,L2/3,278.0,0.012635507045471693,0.014858000332614156,0.009127057567102054,0.0017204243611586623,0.007888611044342965,0.0024311426244905798,0.21257821444370892,0.12001532635542085,4.6182137,2.753261
62,13,7,False,L2/3,527.0,0.01635833729835877,0.0036369694078105287,0.011035482283991968,4.02802874547917e-05,0.05548112541953424,0.0034435968854627376,0.25321088075805814,0.07513996978922721,5.3902707,2.2507443
62,14,7,False,L2/3,470.0,0.009018714335525518,0.004149822640146169,0.011794580572376655,0.013616084572761304,0.07795768928973068,0.19737357134755923,0.08131179726518258,0.1597297504651749,8.482087,4.253005
62,15,7,False,L2/3,2416.0,0.004202043996080251,0.006866598985361881,0.008695379999013392,0.10393300617066996,0.10569667684310523,0.17075748683812597,0.11497301133526591,0.08484588629033094,10.388478,3.8771057
63,1,8,False,L2/3,4201.0,0.016006325083344142,0.007635445162013182,0.006451808275603746,0.03367133918548111,0.05969190628963409,0.029832485248903154,0.16579103443768842,0.17613739040736226,6.866592,2.9350667
63,2,8,False,L2/3,2719.0,0.0624772755507961,0.02480791267860789,0.0026842468454319544,0.005632377815660574,0.0008528831428116793,0.0,0.0,0.11615275683741517,0.6758989,11.038116
63,3,8,False,L2/3,2665.0,0.03097996589983826,0.0112907283466335,0.006934508389945619,0.026633277330793403,0.01278601316063569,0.24926962362889596,0.0,0.24275659935151853,7.4870896,8.7423
63,4,8,False,L2/3,12725.0,0.017097713268335635,0.003923512982535613,0.0038984151355215403,0.0465676655727905,0.11557647166944177,0.008607871045797164,0.25640813807291396,0.07467564931352184,7.7945275,2.0377133
63,5,8,False,L2/3,2812.0,0.053654848304139524,0.028465645853298093,0.005110616910624974,0.009054731069688316,0.009368158614705814,0.0,0.0,0.15632961025803557,0.577661,10.8077755
63,6,8,False,L2/3,4548.0,0.011061548313113725,0.009033186844566563,0.005591457210575976,0.016591305061431694,0.07021459158718929,0.00436620134859971,0.2496088349755118,0.17416646159887622,5.3808365,3.1823287
63,7,8,False,L2/3,2711.0,0.04278312160202404,0.02660024322685024,0.0025966885152288776,0.0053213653438351,0.00629471094814882,0.0,0.004876879390361386,0.13825144841416412,0.62158215,10.7537775
63,8,8,True,L2/3,2491.0,0.061104070249586875,0.026602466587807534,0.0038506946046565934,0.006329361427155333,0.0028679066729860826,0.0,0.0,0.23659695181987134,0.40032184,9.760118
63,9,8,False,L2/3,3410.0,0.06885890804981253,0.025669621568940038,0.0052027383046201305,0.00370227980182927,0.0015883387065876427,0.0,0.0,0.23574621775265844,0.32281548,9.759967
63,10,8,False,L2/3,5384.0,0.005375476886746854,0.006389274016190807,0.00309421838043381,0.10112577101606514,0.12458535663328407,0.1432333184322284,0.06190604864208828,0.14786513744426463,11.605457,4.5904393
63,11,8,False,L2/3,4655.0,0.010490471329977416,0.007650094253220418,0.010239439440158527,0.04177823827105868,0.09228039493940055,0.0,0.2592343950222045,0.2463187717586748,6.231033,2.8322504
63,12,8,False,L2/3,2999.0,0.051640551526701634,0.02572268559979992,0.004028338151425287,0.007937205647797388,0.001990967708312762,0.0,0.0,0.19553796023963688,0.4890113,10.077815
63,13,8,False,L2/3,6058.0,0.004592025303855169,0.007616120711927034,0.0017802577520838975,0.0894172388480188,0.0672505636772202,0.1567522827103345,0.044227696098755084,0.11138311269576603,11.411952,6.872266
63,14,8,False,L2/3,2707.0,0.04474990740806753,0.027916661056781568,0.0060182130016209175,0.006939587521393325,0.030269346906839616,0.0,0.06528288870361343,0.24299225619423492,0.38675445,9.637966
63,15,8,False,L2/3,3210.0,0.06167561253592541,0.026108362026311633,0.005505950098222849,0.012281386319857517,0.00545434551335394,0.0,0.0,0.2637708169718133,0.37447384,9.594642
64,1,11,False,L4,7421.0,0.005634291100552171,0.0069095203582093265,0.004761554798293929,0.11712794949178561,0.008785074602706205,0.23973399150908303,0.04448334509704288,0.2073123465333297,10.476694,7.2332892
64,2,11,False,L4,511.0,0.01004450210583517,0.01135186803358264,0.005902627393601105,0.0,0.0108801454361268,0.003994790480199081,0.25340532062289167,0.21993278572904226,4.803787,3.2235928
64,3,11,False,L4,1208.0,0.008330270141539448,0.004331269161182029,0.008209711941973065,0.09400792165243414,0.010140008921523586,0.14472679075223258,0.18816245534458462,0.20344357951915634,9.32065,6.7924986
64,4,11,False,L4,511.0,0.01793083663175478,0.003675358866546005,0.007681488881431908,0.047257638120999874,0.000122612701749565,0.22547192672607153,0.016361484010574016,0.0643453340837446,9.320654,9.053929
64,5,11,False,L4,2220.0,0.005608223238353918,0.004061416990956284,0.0038647782220914088,0.06721976572865092,0.13610794787443634,0.06410317925027167,0.10818336030853279,0.12048373107662427,8.73073,2.162421
64,6,11,False,L4,2873.0,0.007918483178703705,0.005837274379800028,0.008235819860084231,8.726613591084485e-05,0.10270396779685431,0.018286832155819478,0.3032746277430769,0.07510933357297858,5.6836147,2.1268892
64,7,11,False,L4,517.0,0.00017418271253907285,0.015296406402966235,0.008729428719461717,0.0025767093983185057,0.09020965482587975,0.05332675159398012,0.07137359679903811,0.07113175665200389,5.9817495,2.11969
64,8,11,False,L4,1133.0,0.014138101839745192,0.002551285510341282,0.004675909258104347,0.11506054724963387,0.05739202639263679,0.09135826492019167,0.12315346866098759,0.24860600445728742,10.871815,5.962886
64,9,11,False,L4,583.0,0.0032302816252913775,0.008499230968135603,0.005461915815877804,0.024634515836978975,0.0820562765272458,0.20550055834075817,0.23711856610056958,0.09605798474403453,6.7898192,5.250943
64,10,11,False,L4,407.0,0.027950357644490012,0.003740333209327003,0.0035994589543557774,0.015680095208778028,0.00312758013337089,0.07500638537074325,0.15758603596853243,0.14542970910486527,6.7284346,5.4449
64,11,11,True,L4,403.0,0.009033686916768393,0.0037242634119405487,0.011033025760999465,0.029625344966802296,0.02489652865634384,0.003140586780426791,0.30511103676546153,0.1687529513559331,5.013302,2.5396569
64,12,11,False,L4,549.0,0.010256559172846189,0.006182301127544495,0.007512517150271453,0.019515575667177196,0.023986093382988627,0.18633826462833972,0.17494053588207212,0.2353707549986782,7.075544,4.7011876
64,13,11,False,L4,493.0,0.00010039155697610155,0.0032125214473203846,0.0026795659052609813,0.14453132177491598,0.014430546311114114,0.09676477586150141,0.05082172613267724,0.1885680959380367,10.965285,7.039857
64,14,11,False,L4,2164.0,0.010842381261428748,0.006732968350569383,0.0042621798324279725,0.06502868426478013,0.013640034014460397,0.18957709312344012,0.10908991386513167,0.13622851123189197,10.544263,8.196838
64,15,11,False,L4,1341.0,0.0030845331306599954,0.008610296563305047,0.012507407763508548,0.09551548717283656,0.12339695325262648,0.1495804290635548,0.10294838454594922,0.21719898569137686,9.642927,4.9587655
65,1,14,False,L5/6,1277.0,0.006453385720966892,0.013569867182942272,0.011509119844461329,0.03402330881800278,0.0,0.3222396569501233,0.0,0.11281667705686102,8.570728,9.183048
65,2,14,False,L5/6,1161.0,0.06630249384065216,0.01278036380055814,0.01582162699289129,0.013393838816000229,0.0,0.2365631364611105,0.0,0.2253720720358472,6.9039273,9.523374
65,3,14,False,L5/6,1193.0,0.012776539373163701,0.006282805327380494,0.009075645615013306,0.023509525013392093,0.04089616693464944,0.0,0.3997649950618926,0.1717061168579277,5.0265737,2.5504556
65,4,14,False,L5/6,1246.0,0.003552247817095554,0.0007968581475592592,0.0036060307479027862,0.06963510332717132,0.056679636231045036,0.22798264356945142,0.22180985561548158,0.10105195180134012,10.056366,2.5985308
65,5,14,False,L5/6,955.0,0.006787110297164279,0.00687562085357261,0.0035270948826760327,0.028810740141176974,0.05119497892006994,0.0327370572104476,0.12673157064262128,0.17763181073906106,6.9952054,3.0664265
65,6,14,False,L5/6,3670.0,0.0013721559327276478,0.01619446227378786,0.009098447372956044,0.07677386996723475,0.1175723832565897,0.10940897477315387,0.1407399843922114,0.10151485300588924,7.1225266,2.0783947
65,7,14,False,L5/6,1148.0,0.12778108485470702,0.04,0.008726292861636623,0.00476389724133084,0.0,0.014229521411833677,0.0,0.1918978871494582,-1.9642377,9.372088
65,8,14,False,L5/6,1343.0,0.055229572608452016,0.008582937248302901,0.016446666957655946,0.0,0.008589139854840439,0.17678978395800082,0.19001158298011506,0.13557277525559225,7.508587,6.9155054
65,9,14,False,L5/6,1199.0,0.09055751869281252,0.026645147756377153,0.009384951387110346,0.0011669166675403755,3.693468176858947e-05,0.0,0.0,0.18232569731306264,-0.51681423,10.6637335
65,10,14,False,L5/6,1413.0,0.045714011322468495,0.015461122052181201,0.0126406318376677,0.0,0.004406407319221679,0.022260760853572453,0.054072472369015426,0.12244723493301637,0.31904382,11.069639
65,11,14,False,L5/6,1788.0,0.005344824825030437,0.006316038755151517,0.011203479910513495,0.06064330041277662,0.1246066646943696,0.080226932248394,0.18339280772214914,0.22345318402342113,9.034773,4.5894604
65,12,14,False,L5/6,1060.0,0.008196458168934544,0.005197793025930529,0.0019618289438856885,0.055651487556484344,0.03547285223533512,0.21930655800669663,0.20037706434768224,0.14187596049659434,7.574408,5.0909524
65,13,14,False,L5/6,1519.0,0.013086052715356912,0.0053028159954114544,0.004855979041613244,0.022673815831447654,0.06436340548783173,0.15288191961868763,0.1098120485940141,0.12805067589017688,6.9619083,3.4159155
65,14,14,True,L5/6,870.0,0.0024817392987398273,0.011312988819078515,0.00398710899407427,0.03518940119501916,0.056915718995931494,0.00014088931844346726,0.16166121737265413,0.15177017272439317,7.0031343,2.7192106
65,15,14,False,L5/6,1096.0,0.058609928904871794,0.019899670198003726,0.014951581653532622,0.0016975564806328601,0.010545013681017519,0.0,0.16275960722821928,0.1302974593502166,4.3890038,2.947636
66,1,10,False,NaN,128.0,0.006509263275102323,0.002953846578873385,0.003339141190973424,0.055408030919417074,0.1009795321344965,0.12891700440950654,0.08939069776130115,0.058894324055875504,9.919087,2.4645562
66,2,10,False,NaN,2776.0,0.007920749677800688,0.00476579853348234,0.006680226727186357,0.10529795764801939,0.12375161526568722,0.18801018769457037,0.11206965965004356,0.2022956992774477,10.832226,5.1212153
66,3,10,False,NaN,330.0,0.022039654943317874,0.0017369776022930833,0.009405307199250847,0.09433353295064811,0.0,0.22920871832356107,0.057976063434819015,0.12588112372385857,9.539853,8.5467205
66,4,10,False,NaN,139.0,0.0038697219714127866,0.004256501980559465,0.009280198918777929,0.06314369344966213,0.07234594640434402,0.10869272226692119,0.2255818243105815,0.08019392707586416,9.49342,4.1534142
66,5,10,False,NaN,318.0,0.01728511038468697,0.003203192896701085,0.004183823890848856,0.048622514634611924,0.0,0.13312735232640874,0.18318627692784373,0.17771957820637882,8.015176,6.98147
66,6,10,False,NaN,99.0,0.11445505478729612,0.026271550654839545,0.005555580704137487,0.0,0.0,0.0005646917719320843,0.0,0.08299544204575007,-1.1039028,10.992365
66,7,10,False,NaN,639.0,0.01710325555780314,0.0016207942229603527,0.00765743627308325,0.03423111919270257,0.10437289127182989,0.16098009621775844,0.13306527019318282,0.22292690200693355,8.364799,3.9177394
66,8,10,False,NaN,96.0,0.00010085721386510041,0.01745305030899173,0.011176089457262102,0.13416673874863197,0.11831634432518241,0.15062619174908165,0.20022598861858873,0.19125952176650848,10.004005,4.725107
66,9,10,False,NaN,113.0,0.009248412316725083,0.0020440021398042186,0.010328054351806126,0.009739619615307156,0.12587109063976423,0.16224966903418983,0.11259072959408983,0.20776056691207312,8.476699,3.8799765
66,10,10,True,NaN,89.0,0.00045942520205898436,0.00010003471245327611,0.02481808305380243,0.13277271389961243,0.1638976945167942,0.1368195116519928,0.08097584037221896,0.14182038747827255,13.345634,8.930933
66,11,10,False,NaN,97.0,0.02866859945404649,0.01303186167823554,0.01009814282785246,0.0,0.0,0.0036848088595136438,0.0,0.03858481881882194,1.5492252,10.857803
66,12,10,False,NaN,1949.0,0.0012086659713975154,0.008568976606343778,0.003331697437823934,0.11989485694184314,0.150537930621041,0.15014662488871566,0.2202777401329696,0.18417316068079354,11.297381,5.085376
66,13,10,False,NaN,1859.0,0.013902056085054704,0.0032863992283976187,0.004352040993473452,0.06123389358205702,0.11582790901655354,0.25099245039637863,0.20187921028337877,0.12710013838927753,9.524791,3.019065
66,14,10,False,NaN,110.0,0.008832808859135467,0.007618162641764383,0.005950840915781741,0.007078505034346551,0.009274096549360004,0.17487498114475455,0.10742798541345924,0.06413476197608255,9.735741,9.299375
66,15,10,False,NaN,99.0,0.0001663395152556025,0.006702479807759322,0.02402868366214327,0.009348347078358781,0.02820189260046844,0.19439434500073852,0.14644353969523136,0.09147308075748392,13.382811,8.912706
67,1,2,False,L5/6,1522.0,0.0001,0.015998605010091305,0.0005057209644410415,0.11283752643287737,0.03972557496778936,0.18322036754243337,0.0054211789646705765,0.04580968777815768,11.627955,7.1241918
67,2,2,True,L5/6,1431.0,0.0001,0.009625117448099678,4.170037832806725e-05,0.08991739531631891,0.02991627797690627,0.23189714777706819,0.013742372654928945,0.24278955050725634,10.550129,6.4177327
67,3,2,False,L5/6,1907.0,0.07410803803847527,0.028611313337308642,0.010758968414584348,0.007751024970648112,0.007196256042545535,0.0,0.0,0.22625430538809607,-0.47647265,9.636632
67,4,2,False,L5/6,2321.0,0.04920991083913203,0.015964044584035213,0.013097064581097542,0.009902735898516219,0.0,0.25941541678131474,0.0,0.12196398108052048,8.225361,9.186542
67,5,2,False,L5/6,3992.0,0.008592496556176067,0.005160297943479903,0.007597463177179094,0.0759669810653377,0.11100227785496043,0.19867840334864764,0.07103710274162163,0.09435589854042373,10.438634,3.8887866
67,6,2,False,L5/6,2150.0,0.007145373479638015,0.006139385092855705,0.011751319114690403,0.09464563802129769,0.059042773045001266,0.2496124791265097,0.0,0.1892647684000651,9.338927,7.838631
67,7,2,False,L5/6,1888.0,0.13673547212905995,0.04,0.0,0.00414016253543179,0.006052261655048551,0.0,0.0,0.18216403559573408,-2.5260837,9.32872
67,8,2,False,L5/6,1888.0,0.08500427324662199,0.02651707249789054,0.0055026366812125005,0.0015081051138749692,0.003441075064117412,0.0,0.0,0.17517626502488903,-0.1369573,10.032532
67,9,2,False,L5/6,2893.0,0.0014645697230184606,0.013992891221172773,0.0057446105765091415,0.07410009039264466,0.1315078965065833,0.09178275429545356,0.06530522001398886,0.12145456892351761,8.849779,2.0622056
67,10,2,False,L5/6,1869.0,0.12675448452809174,0.03821914594204327,0.0,0.0038265831385893177,0.003038012953667317,0.0,0.0,0.10081074775640014,-2.472624,9.771874
67,11,2,False,L5/6,5945.0,0.011054888682822565,0.005337346517432878,0.008402547197395548,0.09724176457828787,0.094075387107132,0.27500510692881397,0.11087493547958263,0.2508302555205051,9.619473,5.3348603
67,12,2,False,L5/6,2346.0,0.11599741008144632,0.03321404369379222,0.007764312799105229,0.00740429354567793,0.005909568786108442,0.0,0.0,0.16666727825605848,-1.9624329,9.870701
67,13,2,False,L5/6,1527.0,0.003786839136206245,0.011955655044399362,0.010591328553439127,0.06384101683014437,0.056355473936948605,0.1710215737848709,0.0724695816860995,0.22982061208483212,9.373329,6.0471153
67,14,2,False,L5/6,2444.0,0.13539120550412123,0.04,0.007613619037867299,0.008797606897199448,0.002864481207067872,0.0,0.0,0.22639389263154816,-2.02248,9.198963
67,15,2,False,L5/6,3007.0,0.012767342706403423,0.005502923677247234,0.010937446439321099,0.06828045370396894,0.09349583297128877,0.23728795898052837,0.24382663884197275,0.2671486293308801,8.7226715,5.1138244
68,1,14,False,L5/6,3623.0,0.12097612335834595,0.029158421106292527,0.007085428194575552,0.0,0.0,0.0068446161469119,0.0,0.19537560247392907,-1.6385937,9.797053
68,2,14,False,L5/6,2126.0,0.0975293973328631,0.011880938344954553,0.00982760481312736,0.025433879586760376,0.0,0.20653962646331012,0.0,0.3265180683599042,6.811462,9.444683
68,3,14,False,L5/6,1721.0,0.04379117652226628,0.024624917269123085,0.010844889178609067,0.015206923548675798,0.0,0.1913336217405292,0.06994039248195531,0.18098125683603888,0.53681225,10.30999
68,4,14,False,L5/6,2278.0,0.004608060158400892,0.009498882963464048,0.004697116805490753,0.07567131533040557,0.05672618147453631,0.2339354898673603,0.22149605524983515,0.1729284502870041,7.8972692,5.1433635
68,5,14,False,L5/6,2759.0,0.053856766381196026,0.00821576574947706,0.015097987846760117,0.019512550567929023,0.01618156491615122,0.24421348295238468,0.02196976627198077,0.16953096777508428,7.3028646,9.489312
68,6,14,False,L5/6,3349.0,0.010470259595346941,0.005783308248221864,0.011829792058544631,0.051023896857553645,0.08570621791739745,0.015917690701064604,0.19542823790044192,0.15221223175641369,6.253824,2.455889
68,7,14,False,L5/6,4484.0,0.0012169260340922517,0.012895003253118376,0.007396068556434185,0.08431612762153291,0.1503458929542912,0.041786438741950704,0.21650397742768981,0.08869847768139374,8.792678,2.3255415
68,8,14,False,L5/6,3095.0,0.01715608921380106,0.005248757620391833,0.0053139550606408495,0.042418017174903365,0.06285017138821795,0.22450689203390897,0.12868831670735925,0.22111096412168196,7.921877,4.436135
68,9,14,False,L5/6,3583.0,0.05829504251121289,0.027708351307883357,0.006817608514918458,0.00013945274237202738,0.0,0.0,0.1091138562001495,0.1513375985139554,0.4598559,10.898523
68,10,14,False,L5/6,3793.0,0.0011551927814653718,0.017154335701809513,0.007638554481265498,0.12328608488797405,0.07563545318554606,0.16693820879535082,0.1488587178363975,0.1213889238689862,11.599144,5.970557
68,11,14,False,L5/6,9970.0,0.01736475365073441,0.0038325858986131608,0.002681567884510256,0.10204914941554352,0.08667307660360703,0.24535043451702696,0.15136266358636205,0.22469883786215847,10.833334,5.426999
68,12,14,False,L5/6,3499.0,0.009519320445008849,0.005061229790017416,0.012526387807291364,0.09821287772625152,0.09532150285538951,0.15515654780782343,0.2028217275622854,0.14660507887438112,9.331947,4.9654827
68,13,14,False,L5/6,3943.0,0.005564341165319304,0.003986949380486847,0.005300681839641221,0.12881736030023788,0.13015796550582026,0.24251519169330488,0.23256478427860458,0.03801745748966189,10.714658,3.308469
68,14,14,True,L5/6,1705.0,0.023861557120666173,0.023859480085569502,0.003653434554027637,0.016601051275251157,0.00020401820683272113,0.16713505345265556,0.09940533594681687,0.21393672086805202,0.7213126,10.069285
68,15,14,False,L5/6,3420.0,0.014984902942309952,0.004308849036629184,0.01138375634666816,0.05534538539367386,0.09629331549562171,0.02281276634142385,0.11660042015630727,0.25105587460428713,6.500451,2.885025
69,1,9,False,L4,1231.0,0.0023326860939656543,0.011087762415667063,0.0032994007526659114,0.06743428972676535,0.06838159411617573,0.1355769633064608,0.21936699501104426,0.1350845532006318,8.47865,4.24376
69,2,9,False,L4,694.0,0.0006603625316360734,0.00010003556313772333,0.0007399759115482207,0.0,0.07865642895473936,0.09274688972108651,0.17364731294539748,0.17778461987726935,6.881925,3.701958
69,3,9,False,L4,1373.0,0.00965898607310232,0.006723919629266235,0.0040829797343060435,0.011337848561774591,0.05796215862840134,0.11833599904692894,0.11623417210730225,0.09634599241143418,6.9515843,3.3691351
69,4,9,False,L4,775.0,0.10740430768520702,0.023427661583893766,0.011091155352845227,0.0012395195372105444,0.0,0.0,0.0,0.2831239491737363,-1.0620929,9.076472
69,5,9,False,L4,4489.0,0.01446933675465572,0.0032281735067003106,0.0055095002775614734,0.11531863244584303,0.11308532793640448,0.21950462528745754,0.2688311839346166,0.086796273456608,10.329482,3.254797
69,6,9,False,L4,677.0,0.0255989581812421,0.0011366540071770946,0.0026722830972668176,0.0779387689084947,0.02258834273411707,0.1989593160030596,0.0641453590470608,0.10453260866787804,10.550974,8.461307
69,7,9,False,L4,844.0,0.007378163746768862,0.004369368579466341,0.011136638332443733,0.07885645676605756,0.06326159696041386,0.2554778637419477,0.006175429748602452,0.1696154015510866,9.289617,7.9091024
69,8,9,False,L4,801.0,0.012741001052071111,0.0050598654270958745,0.009132124019732943,0.021111350407866235,0.05105054103136888,0.1655797909469564,0.10398687401522476,0.1551207939846871,8.571402,6.1792083
69,9,9,True,L4,654.0,0.05796681484573912,0.02188745713840274,0.0038440598041553312,0.001818807674798345,0.0001078893589785532,0.0,0.0002988658422244363,0.1740661385566478,0.51727617,10.365502
69,10,9,False,L4,810.0,0.0001,0.0001,0.0010123815083162206,0.09514134968580705,0.08360911160707474,0.20346978247841857,0.0947096049785614,0.11254144671636065,11.757094,6.7229557
69,11,9,False,L4,1520.0,0.018965574530942487,0.0027184170796826965,0.006765153565297311,0.09226544101927549,0.02588168184152177,0.29259181745186574,0.10450942918216637,0.05673414836701677,10.905556,8.424806
69,12,9,False,L4,3717.0,0.004815498882703582,0.005694725400591389,0.0020623838486054616,0.11689265761447702,0.10801602842863266,0.2001544888862816,0.23516873112388514,0.06618173406323487,10.734343,3.1506402
69,13,9,False,L4,985.0,0.004010491127571219,0.006301101861038556,0.008260318747982802,0.09410030744889657,0.11884906585373237,0.18026795672275522,0.14411432228107662,0.09414212682457712,10.288005,3.7821407
69,14,9,False,L4,1467.0,0.015143762788029374,0.006177779524077448,0.013707687268708461,6.632322514249322e-06,0.07242535105293894,0.16482524727961567,0.1403925332699734,0.2567416259378126,8.494826,4.6451535
69,15,9,False,L4,687.0,0.02432821054885021,0.014642122258094033,0.010733183455777706,0.001733446874728438,0.015711930800588574,0.0,0.11938160846214668,0.20744372316599582,4.683341,3.7927346
70,1,4,False,L5/6,839.0,0.00466593817885676,0.005296909569718725,0.009862954405373004,0.12090177416447469,0.09400622690800159,0.23392925694096753,0.23370955217952316,0.240905401690513,9.255766,5.1126285
70,2,4,False,L5/6,687.0,0.00010150054550000605,0.01792508645993054,0.005637111553822685,0.17195748703918473,0.1044510446695263,0.03391334130730736,0.04509601289634049,0.189974398524586,11.683121,4.775554
70,3,4,False,L5/6,626.0,0.0071001840220559515,0.004763454438093539,0.01093409097364712,0.025528115877856736,0.06462172771934949,0.2812082587460991,0.19347333269276665,0.050119211210778926,7.353469,6.255984
70,4,4,True,L5/6,494.0,0.006667240547028869,0.004456231116063605,0.01066278882560616,0.05011144036377877,0.0496711937720303,0.26047387910000736,0.014917688323957044,0.09685230376093154,9.029634,8.854021
70,5,4,False,L5/6,3599.0,0.016827765015990044,0.0032579700722086304,0.0031196763087114362,0.03718620057812081,0.12029566640329833,0.1318799238700713,0.13646857273489074,0.2446548170108411,7.991509,3.078916
70,6,4,False,L5/6,669.0,0.020634164978166086,0.0018131422665141307,0.011597473994906732,0.07424833075431984,0.0490538071500823,0.27352023885832577,0.1155209495518607,0.04603589169091622,9.256536,8.762541
70,7,4,False,L5/6,6143.0,0.0028054018709918493,0.00988049520183651,0.003104317680052582,0.06527945129825474,0.12818745791650232,0.1843361037139342,0.22656173827514625,0.1906092540648704,8.330048,3.101806
70,8,4,False,L5/6,553.0,0.008058644252751306,0.00333890907587053,0.0039028457886491827,0.019241714891879477,0.02495494401477627,0.12942902673423254,0.14089683788548482,0.16097114410541233,6.793299,5.5061
70,9,4,False,L5/6,594.0,0.0048595073551995355,0.006864569388724069,0.010830666340999157,0.027202685112764174,0.02899373252380464,0.5281440245704094,0.0,0.04614301405030085,8.73718,9.202697
70,10,4,False,L5/6,3614.0,0.004618378951852071,0.0072514993221043595,0.007249401755900854,0.07410719065260718,0.12082019987781031,0.22236498558854767,0.2218338599210588,0.13474821185231486,9.626092,3.1925814
70,11,4,False,L5/6,605.0,0.019331200877358384,0.00010558356053070286,0.007382459222912142,0.05391624978579553,0.06876273925278305,0.17305854082808778,0.061767174799247905,0.17799480927690317,9.434468,5.9890013
70,12,4,False,L5/6,1522.0,0.012573124527362407,0.004162070671523233,0.006438304144458881,0.07298320819185244,0.04716073523787217,0.2927073100676753,0.09605252247855633,0.19145366642187173,9.621994,6.779622
70,13,4,False,L5/6,587.0,0.024247896151883698,0.0006313730152117948,0.005539298592565495,0.11808645183764922,0.008849031526065886,0.18544237138909248,0.049701302512348354,0.046105380149149916,11.617604,7.999262
70,14,4,False,L5/6,716.0,0.004026190563651377,0.0008266772543465188,0.004317316163452309,0.06382692445896254,0.11399338817832726,0.13208373487671,0.06584163409325659,0.12344539956329562,8.760536,2.2053292
70,15,4,False,L5/6,1411.0,0.0016066909672577605,0.00862800602089422,0.00719738781339705,0.1305455192833517,0.021205030256177017,0.19362215101389252,0.09857419338373292,0.08112372293259505,11.285081,7.7598944
71,1,4,False,L4,968.0,0.017387734321664176,0.013717316627429602,0.0057424416647036385,0.0013228129274457901,0.0176286883385238,0.0,0.15843451063989283,0.23169426609332675,4.6536813,3.4801314
71,2,4,False,L4,1339.0,0.0025094685934993976,0.008279514632373043,0.009894222825772604,0.09302858495459948,0.04288040682213879,0.15561514605192409,0.08784280105257852,0.07663225526796234,10.314941,7.7664747
71,3,4,False,L4,1966.0,0.0061415426651158875,0.0063916089510490754,0.00977661513679404,0.08596540407069427,0.02364036682080321,0.23329590931667885,0.006597102425772356,0.09020527132866868,9.569776,8.715972
71,4,4,True,L4,908.0,0.00023109642859071925,0.0032524500059923234,0.0006958600306810729,0.13369319738020102,0.15582945063692724,0.10120737045722093,0.04814630138216014,0.06053121101301171,11.729686,3.7553313
71,5,4,False,L4,1313.0,0.10727052064214078,0.02938513526189717,0.008241255961169296,0.005161305627650664,0.0006300027905622766,0.0,0.0,0.25593454884286193,-1.1076206,9.085083
71,6,4,False,L4,1333.0,0.00012041619367197851,0.015646416521066443,0.009129752205379756,0.16459095822499478,0.0561699747456024,0.21287419567668842,0.04513359045813399,0.06663385491561043,11.335079,7.537716
71,7,4,False,L4,4247.0,0.0033240934951855737,0.008273327778707403,0.002099928634907531,0.1004614335926491,0.11528185658248837,0.23309249643891386,0.15071074466247517,0.22141176157164502,11.131729,5.1608367
71,8,4,False,L4,2062.0,0.00672815773503881,0.004641180934025072,0.008687445348569483,0.10043701439674035,0.07795498178404484,0.18044700118934195,0.0008374053626338308,0.13788112402516978,9.633388,8.03173
71,9,4,False,L4,1028.0,0.00010568518868572353,0.007152560217874029,0.000692307254494503,0.14771537150307132,0.09673205331475664,0.15453663185075087,0.0757318645577479,0.17607890414304633,11.899166,4.5304193
71,10,4,False,L4,1240.0,0.01489991275818804,0.0005078067031575107,0.00708416911380164,0.08116384487797818,0.16183276576302588,0.1527311327896134,0.15102337218391623,0.1768332336868216,8.891922,3.0332935
71,11,4,False,L4,3204.0,0.007343051178101851,0.006825040457010682,0.006520928835436147,0.07050560439155444,0.09961185120430896,0.3097453443451259,0.1622528514222677,0.0934931839940327,9.990294,3.2308955
71,12,4,False,L4,1035.0,0.060166805442530134,0.025361740302986928,0.0038275217692544826,0.001505071214436812,0.0002431597097271843,0.0,0.0,0.15642841842821775,0.58883995,10.743781
71,13,4,False,L4,1142.0,0.00646620515210371,0.006973635404660615,0.010877331923388113,0.020703068008283552,0.08635508580935836,0.20902517802689838,0.11718272379769412,0.17103239083074523,8.534556,4.137806
71,14,4,False,L4,1888.0,0.005011224353891929,0.004627683901570133,0.0031262965747956882,0.09849507183897131,0.05698398790693659,0.14263920639801492,0.011328487425891308,0.06641315527992041,11.684699,6.9342356
71,15,4,False,L4,983.0,0.0035880929365223004,0.0020009503825246123,0.00072879550658711,0.0,0.10805823784615518,0.0,0.2792969735062017,0.05002330005071953,7.719744,2.027664
72,1,2,False,NaN,264.0,0.013982561884442846,0.003617794562824485,0.006836672739336279,0.005227536120526595,0.03510676569002476,0.010823145417088793,0.195337520600883,0.1699078326624655,5.2139125,3.1207447
72,2,2,True,NaN,228.0,0.0005737794159837272,0.013090675900434742,0.010619583536849114,0.1060831557336136,0.08505210378155977,0.06816633950817104,0.06019495866666043,0.024298364708434977,11.158309,7.6092396
72,3,2,False,NaN,364.0,0.012583987317491744,0.004565153537501505,0.007729174735974507,0.0026835406406945225,0.023548991575591892,0.00022560838137550404,0.2763239949077872,0.2161688196079403,4.9126,3.2036703
72,4,2,False,NaN,247.0,0.00012249209735718344,0.004463507147115476,0.0033810863246712536,0.13122742810248725,0.0007754865930917308,0.17159306441511774,0.15109026680483345,0.05133786445911946,11.686106,7.7463117
72,5,2,False,NaN,280.0,0.020809420102236135,0.013375737417836263,0.011441690432870353,0.00012804018362756603,0.010342715099698523,0.0019850599990111546,0.2619391750589563,0.23689167944312262,4.7456574,3.095853
72,6,2,False,NaN,246.0,0.08532684100908866,0.029813906820047347,0.01043421312437042,0.00013917850677246227,5.379110599293038e-05,0.0,0.0,0.3061957582451215,-0.4070365,8.853389
72,7,2,False,NaN,370.0,0.005416336635537494,0.005070737464265063,0.011038347063483004,0.008792029633561668,0.1116524621027675,0.00573559698879346,0.17505893230070618,0.09406960019820246,6.0422034,2.0692568
72,8,2,False,NaN,254.0,0.017081964580414843,0.0024246400444697747,0.01147921426186485,0.057322918523113754,0.04653999503458569,0.23027442979117851,0.23106006431771034,0.15759531383649072,7.8314886,5.83596
72,9,2,False,NaN,271.0,0.021948756625634173,0.0013732801155174723,0.0033120331573058145,0.009183493008644352,0.12657530860008429,0.1877945969107453,0.21514802934225097,0.1664291332795839,8.354352,3.2398517
72,10,2,False,NaN,1391.0,0.016073238797858935,0.0036612931787790215,0.012099295383380525,0.05050750262162102,0.09281049279796473,0.28241145720226035,0.1085283123975616,0.18436912266896957,8.457091,5.826563
72,11,2,False,NaN,362.0,0.015622079931353113,0.00330448763627852,0.008298415721630406,9.842329059720449e-05,0.06942354352296755,0.004329230553120187,0.19208478710964152,0.10846125601234603,5.780174,2.4020998
72,12,2,False,NaN,580.0,0.020845172218937082,0.0015591926378509652,0.00831987838996571,0.1346038629993388,0.012205128089997576,0.18638735862590636,0.10505088391888485,0.1689865268397863,10.83163,7.5166097
72,13,2,False,NaN,996.0,0.011549482255588705,0.00535976879087238,0.006836021075596773,2.1951538924642217e-06,0.07573907764514051,0.05000671819419139,0.12610699469396106,0.16129366628124367,6.4173,2.9562101
72,14,2,False,NaN,259.0,0.02575637706172324,0.0012809834536051212,0.007500381093614459,0.07498166820010001,3.927541863697152e-08,0.18626736079704542,0.20932832575404525,0.06696742206211673,11.003457,8.630563
72,15,2,False,NaN,1282.0,0.0188078279838143,0.0024604810622315984,0.012947957976421271,0.045119080338997204,0.11314337523628316,0.2764415698081617,0.11547487696392107,0.11669409648902147,9.242123,3.8347664
73,1,2,False,NaN,1037.0,0.013531221458446251,0.003476253867202839,0.011601706682216058,0.028539522790028613,0.11330591190555042,0.16771513739756294,0.1376989481878414,0.2525963040766817,8.7288685,4.560722
73,2,2,True,NaN,349.0,0.017763879724895078,0.0001192326736632923,0.007117772364093485,0.01633518644254128,0.0428005766050703,0.09014670377886526,0.010443210273876995,0.16070609745307302,6.8893056,3.3167639
73,3,2,False,NaN,511.0,0.0021463996965848265,0.010625573680543243,0.004052418160618126,0.06915811375925653,0.026957343537082477,0.1338632248025423,0.2417008483312858,0.22523060298981354,7.446263,4.617558
73,4,2,False,NaN,1371.0,0.004537803475369415,0.005431597366799083,0.007146657949446747,0.11426425500660073,0.08916750171797985,0.24570446499812662,0.062329189261547256,0.20777751985384724,10.58013,5.527134
73,5,2,False,NaN,1568.0,0.009191322314132371,0.003367898717208342,0.012234947665953358,0.10293186714047496,0.1147947821431417,0.1940304719144087,0.2152287018143861,0.1690811918385316,9.26753,5.0323186
73,6,2,False,NaN,943.0,0.008000737588172812,0.004293591354155887,0.002774774988977017,0.09076062879144887,0.06896903071949514,0.22385634485558345,0.0843018386153731,0.23260826821073158,10.745843,5.6773868
73,7,2,False,NaN,367.0,0.00010005983754411987,0.000496302623583308,0.006344233617838967,0.17077451671316046,0.13625637913856312,0.12811786954468704,0.03149176052424425,0.06740094973147571,11.4450035,3.8732693
73,8,2,False,NaN,786.0,0.016859212505600876,0.0015836049767514275,0.010648107779163632,0.12427671124473812,0.11802710290664642,0.10957764789155586,0.17945284162809425,0.20923028795586407,10.392156,4.641847
73,9,2,False,NaN,400.0,0.052253466613078926,0.025829071995491257,0.005162372251727473,0.0,0.0014007451157349313,0.0007833305802751552,0.0,0.18671404465955657,0.39500454,10.099587
73,10,2,False,NaN,403.0,0.002375382620533985,0.00566089140431709,0.0022200654876781156,0.0847559891735932,0.0,0.19588383061282613,0.21113417529897857,0.21726444230662206,8.091153,6.879328
73,11,2,False,NaN,397.0,0.010312519702329615,0.0029353298806472114,0.010325346898739363,0.11623302625788162,0.008756758383167633,0.22692541078569084,0.18245908375728825,0.22433385738480932,9.3301,6.810851
73,12,2,False,NaN,1273.0,0.0055428588286378635,0.0061192638509887445,0.006784733738637102,0.1129021371239266,7.419788895116937e-05,0.20361884240893804,0.056315484869633815,0.10324700008331121,10.787618,7.965588
73,13,2,False,NaN,418.0,0.007649868195154428,0.005451711047722239,0.010206074927417385,0.0328613989824626,0.04124633853750205,0.21885268630152377,0.1802466421789288,0.20017739435602974,8.297551,5.7984867
73,14,2,False,NaN,364.0,0.010137850006053007,0.0001,0.011043193891490995,0.02420203794073561,0.07444653024492773,0.10134660132059942,0.10249121938828598,0.19370788336324116,5.95279,3.1438098
73,15,2,False,NaN,434.0,0.0003472958677915933,0.00456939001560937,0.002759893498415943,0.1445137378738347,0.1540759557752168,0.13623923476449423,0.1359861519180346,0.15597643458217358,11.727152,4.235426
74,1,2,False,NaN,6882.0,0.0023846320314318764,0.010590213592025203,0.0037749338093979435,0.11165871753170546,0.05648938192545042,0.18972453231439843,0.05082523189969329,0.13982651319143113,11.078917,6.4146047
74,2,2,True,NaN,1334.0,0.0035848418982153806,0.008788558562324179,0.009995416107605355,0.08067040985858581,0.04359590622378176,0.13100366995241897,0.017913503329648285,0.1743919039593589,9.885915,7.448795
74,3,2,False,NaN,8792.0,0.01676259916610588,0.0036810589922533217,0.006313824624110922,0.09726128217596315,0.11609637087793655,0.1605332758698834,0.0788236767501948,0.24727619828584338,10.826886,5.2037215
74,4,2,False,NaN,1441.0,0.0001,0.005616171589921564,0.002345024814733245,0.041114065016898065,0.06224131536705647,0.23407768085804,0.2605210577072768,0.31578986039163737,7.5836983,4.492778
74,5,2,False,NaN,1584.0,0.10153765442505652,0.028349950294871987,0.0076268667750776925,0.0,0.0,0.017429423597745426,0.0,0.29601812962025703,-1.0367662,9.029635
74,6,2,False,NaN,1552.0,0.0002474791511553255,0.00992347918301779,0.001305008182466701,0.1718305609001193,0.05995551681559242,0.08222812199902746,0.02963243864712933,0.20570640696198295,11.070721,6.7865567
74,7,2,False,NaN,1346.0,0.0104577984992244,0.0123190845813844,0.011104796407421394,0.02737772057856289,0.020131877393348614,0.3147072288080483,0.12173779567666834,0.15493297456899446,7.3941617,6.7567306
74,8,2,False,NaN,2867.0,0.025458576514871177,0.0009858330284694243,0.005913842709172485,0.14479241278587696,0.15638545476890076,0.17752073629805476,0.17600586719905748,0.15545350643561048,11.475331,4.3159285
74,9,2,False,NaN,1837.0,0.008431981701511035,0.009215633971353178,0.013153634441218635,0.00048683401697576694,0.06090985267319867,0.003570266779819915,0.14035678660005374,0.23875247162145116,5.975891,2.9717
74,10,2,False,NaN,2638.0,0.012369999026617479,0.00374984743672841,0.008896820429519003,0.12231283486334879,0.0748241841320149,0.25212713207096177,0.057776735632145866,0.24601120976782856,10.458087,5.5530334
74,11,2,False,NaN,1815.0,0.005768755329127608,0.007728076878957462,0.005830874157973173,0.07648412544764735,0.03941120125742904,0.25769348671623393,0.24662570568623887,0.1328605807079211,7.8982353,5.226602
74,12,2,False,NaN,1905.0,0.008225099204026138,0.00445126553994519,0.00564579050700962,0.08624488552503894,0.055119316987467915,0.17062668445410947,0.1355679155512871,0.13699716583547764,10.176435,6.5590534
74,13,2,False,NaN,2561.0,0.009636052247732252,0.004624340955101634,0.0033095344412326917,0.024267127540030197,0.09320139187187017,0.06350774684289406,0.2201050597070449,0.08086588707869843,7.758002,2.0535924
74,14,2,False,NaN,1723.0,0.011174659862351534,0.008013147775999195,0.01042784245229521,9.795732345433924e-05,0.044078137703278446,0.0,0.2082767751551799,0.12656844519973873,5.0207524,2.578507
74,15,2,False,NaN,2964.0,0.01958580289785675,0.0039413465069728995,0.013342159865941951,0.03480826511847719,0.10909958136093252,0.17864620852838423,0.15549642125001592,0.23718649772858164,8.770835,4.6359987
75,1,14,False,L5/6,2521.0,0.0030539299202958564,0.00937419417693443,0.0028154484187622947,0.07939544754467945,0.08164405392558838,0.12211684828821816,0.21390009306809227,0.09088429269892549,9.955297,2.5469286
75,2,14,False,L5/6,806.0,0.08160632918969805,0.02611637164519095,0.012645982890492341,0.0045852745708841,0.0038415734290602006,0.0,0.0,0.22250708835613087,-0.6147848,9.615977
75,3,14,False,L5/6,3741.0,0.044399368719928445,0.020960393362446785,0.006438251769697989,0.0,0.01277512099631715,0.0,0.0,0.16456357943176728,0.28110737,10.646347
75,4,14,False,L5/6,892.0,0.002884621732537107,0.009805081554943886,0.004902905215541687,0.048020735467895384,0.040750489344589115,0.20625728744476543,0.0,0.09574847184800885,10.078443,8.36423
75,5,14,False,L5/6,947.0,0.0001269870032572602,0.01563585927670992,0.0029028079581975216,0.1311495532623815,0.16116434043894468,0.21056809561890832,0.14973847727354062,0.09010338913318801,11.889943,5.0658236
75,6,14,False,L5/6,971.0,0.10299897825875126,0.02828811327218028,0.00836843204292185,0.0014009452643232966,0.005070156410557454,0.0,0.10982512217675185,0.21343566462420718,-0.9339217,9.424307
75,7,14,False,L5/6,965.0,0.00024058427032313973,0.00010715529288158259,0.002791472089211276,0.10550497237300932,0.10885827947624054,0.11893974459527676,0.04914637843716803,0.24162668636443782,12.083547,4.5876665
75,8,14,False,L5/6,3243.0,0.012063000917827308,0.003919865051760307,0.008771937740614489,0.10836935838043513,0.10774049136566045,0.23623310606926182,0.15671078384028556,0.24848851570066618,9.638406,5.2498007
75,9,14,False,L5/6,978.0,0.14155968001403169,0.028314585236220702,0.004717339814973889,0.0011062773955880162,0.0011558230166406796,0.0,0.0,0.21924190907760766,-2.313932,9.335421
75,10,14,False,L5/6,977.0,0.11545751777444942,0.02698311232018327,0.008566230577770386,0.002476065504592771,0.0,0.0,0.0,0.121301793878567,-1.9630958,9.916561
75,11,14,False,L5/6,893.0,0.004649713769392043,0.010152535242612545,0.011301395302534321,0.002069594556508844,0.06473974191555674,3.198012637094045e-05,0.1998840370321422,0.05365271361143402,5.6127667,2.2670264
75,12,14,False,L5/6,738.0,0.03330408921271871,0.013648373236008874,0.010922515093242212,0.0074401741270408535,0.005018369159751229,0.09438263741464283,0.0,0.10566315245691778,0.97711205,10.793975
75,13,14,False,L5/6,1007.0,0.12852740220857375,0.029442330280551533,0.008187835553309803,0.0015874784835296794,0.00032673267108033463,0.0,0.0,0.23188135998877255,-1.5945721,9.733516
75,14,14,True,L5/6,677.0,0.01939202151247639,0.002956324025357032,0.008454742873590725,0.05675032726062634,0.0589146404213774,0.1843312996858398,0.13950453250017375,0.1520704982284185,8.919168,6.105632
75,15,14,False,L5/6,2021.0,0.01488598482778756,0.0028742431166474845,0.0051210603662875335,0.0770182746654996,0.1162902673072355,0.16372400311361004,0.20687266913865132,0.15191306577279645,9.367649,3.0204334
76,1,3,False,L5/6,5692.0,0.03998445146131806,0.0092252565614144,0.006038886772030662,0.03370133178133244,0.03256634669927343,0.41041279613270776,0.0,0.0904789325179746,8.324901,9.558572
76,2,3,False,L5/6,6739.0,0.06675086007862875,0.007661054096048293,0.005420854898068711,0.028745620028270153,0.026438560793634918,0.3273410179447065,0.0015638995628515268,0.11021816199733718,7.7709394,9.499085
76,3,3,True,L5/6,4683.0,0.047579422802027836,0.026381043024630877,0.011304303500433809,0.044817054583299605,0.02404617818984363,0.0,0.0,0.16607403289041225,-0.01967839,10.738893
76,4,3,False,L5/6,5684.0,0.03120528893191539,0.009382809099749386,0.0036796455310435404,0.028171782695152338,0.032992672079678556,0.2703897332654164,0.008363944826616378,0.11080131268001893,8.138188,9.415751
76,5,3,False,L5/6,5634.0,0.019676280705185425,0.011290493329931497,0.005094452964861504,0.032944420594639715,0.05034865381573747,0.019862141805696575,0.030745358867659223,0.14473782053924525,6.859979,2.9621189
76,6,3,False,L5/6,10869.0,0.0045245728973103624,0.016244388569461227,0.007153617884788597,0.08603923567770681,0.08858843981590563,0.17000982929988717,0.047893062283430377,0.27553986371357925,9.947587,5.98924
76,7,3,False,L5/6,7236.0,0.014634293513712728,0.010252838809070196,0.012684388638619698,0.07426542265692672,0.07095487694928262,0.2970696401148392,0.0033298433276540695,0.14179103249610656,8.973952,8.7574415
76,8,3,False,L5/6,6815.0,0.062551988694956,0.008114232644022562,0.006208981863940654,0.03201276493663307,0.025794918882810252,0.3254841047964907,0.0003982762176392221,0.11731732346901494,7.7214575,9.511654
76,9,3,False,L5/6,6215.0,0.09049440534777746,0.005868905945300011,0.006085757308339823,0.03282880016033094,0.027892029561758035,0.021841863190507484,0.00045963430897313234,0.13710421669176565,1.923575,10.128405
76,10,3,False,L5/6,17039.0,0.11378827975423333,0.031127124099787216,0.002006621875180543,0.010427403715574756,0.008688204955765668,0.0,0.0,0.23824967672047792,-2.3779535,9.243981
76,11,3,False,L5/6,5438.0,0.03379772876556176,0.01116588441432519,0.00474807717505195,0.028504237922475764,0.042925638859178765,0.007200024795202232,0.041075634107263,0.238626022952072,1.5009977,9.655262
76,12,3,False,L5/6,6386.0,0.032137288473873316,0.00944061432213911,0.01202516169772253,0.05503269531755784,0.057425318921633654,0.28236725934747164,0.0,0.1008826505822267,8.961169,8.840722
76,13,3,False,L5/6,6771.0,0.06733845179636895,0.00719126158225761,0.005742825226325513,0.023335588000051432,0.026625896528819016,0.0,0.0006976503250581986,0.2174595501847653,1.6416919,9.659781
76,14,3,False,L5/6,15874.0,0.010930121054675173,0.007526757074431025,0.007408945089992404,0.09062710061446858,0.0962321785987801,0.19852265084087542,0.051907750045464655,0.11552665810644115,10.781364,4.1404505
76,15,3,False,L5/6,14338.0,0.06450375884097438,0.014754659295178947,0.0021183626420513595,0.011119632127078258,0.0004479879413874756,0.002442189076344845,0.00019054970861591175,0.1465210134785088,1.3045115,10.518725
77,1,12,False,L4,2897.0,0.004752401551428639,0.008760642950227174,0.006574621004875499,0.044252420121979504,0.09810674967640128,0.27251006109226367,0.20810886616813526,0.20509716192092578,8.2320175,4.555167
77,2,12,False,L4,1991.0,0.0627126594940279,0.027412968998392944,0.010970497123009938,0.009247370203530267,0.000918870444602702,0.011233002531497718,0.0,0.27847523437543786,-0.3683871,9.161757
77,3,12,False,L4,2896.0,0.010590287137062553,0.00604494436592785,0.011655602474322502,0.07319051570006105,0.056958303872369914,0.2540149822585442,0.1852698622020659,0.11427804827338049,8.213383,6.3817706
77,4,12,False,L4,2495.0,0.007824733876121396,0.006490671374180904,0.012105684742223698,0.05672946732370071,0.11581988375916566,0.15506222566472128,0.20715473101533538,0.23153204945523356,8.943366,4.713142
77,5,12,False,L4,1365.0,0.00675582570192129,0.009805231120659024,0.008520941654289465,0.0003348855191141733,0.05804048869292401,0.043190704533516616,0.20705410828321344,0.08437074762013291,5.616195,2.2752378
77,6,12,False,L4,1795.0,0.061070171772137465,0.026113526567790587,0.005529232741411726,0.0024322343671805344,0.0077297082474111515,0.0,0.0,0.1027469316835902,0.55261624,11.358675
77,7,12,False,L4,1913.0,0.02150849579945264,0.00010161273896127687,0.0004596463831400038,0.1615094857774066,0.16234308091926608,0.12384870130829999,0.1272326376687691,0.2131336861665843,11.888748,4.2953806
77,8,12,False,L4,2197.0,0.013864303004749858,0.0048036723712274135,0.009647159745082965,0.06988468783818545,0.06281929510809868,0.2546038703690906,0.23263541991999026,0.1549568533376246,7.884318,5.6522007
77,9,12,False,L4,2114.0,0.09709600828918984,0.01243701322183265,0.004090451717850964,0.0,0.0006337450538108681,0.0,0.0,0.04378612221731894,1.5060775,10.528288
77,10,12,False,L4,1874.0,0.01940733632135506,0.020737708339865178,0.0041479187177938534,0.013401046312171976,0.003895987254173331,0.2468476317032877,0.0,0.27131119415742244,7.561473,8.727734
77,11,12,False,L4,2197.0,0.052272812410388884,0.025818863179593286,0.007087914818241985,0.0,0.005888968711012608,0.0,0.0,0.1824629440627408,-0.02318668,10.4237995
77,12,12,True,L4,1346.0,0.005552838587794854,0.010926367004550746,0.010280347723338232,0.01990151331100441,0.031209046813733654,0.4125706840810336,0.00015348637650677697,0.150033287450647,8.601109,9.185939
77,13,12,False,L4,1954.0,0.04828948730935465,0.02562568007773483,0.006101239491137529,0.002435262185468243,0.006370775621920119,0.0,0.0,0.07612634956434304,0.61284447,11.358299
77,14,12,False,L4,1353.0,0.015057666957220415,0.006655379346328539,0.007012443519670957,0.008259275733491582,0.03626268507080592,0.0015245837307083132,0.2247412579081298,0.11737301017397257,5.1234,2.8376322
77,15,12,False,L4,2036.0,0.005022808409423618,0.007556928460649369,0.002328589928855109,0.050803621254426765,0.06371904672568539,0.23828817512810696,0.006385451317232185,0.15506698765716767,10.616043,6.879828
78,1,15,False,L4,4109.0,0.07431592809955812,0.020891370430223502,0.002322387799064917,0.0,0.0,8.058227800356482e-11,0.0,0.19535913542275402,0.2548308,9.990837
78,2,15,False,L4,4148.0,0.14574034085985813,0.04,0.002016134478548308,0.0020924212027498145,0.006801025353514071,0.0,0.0,0.20322577435751407,-2.5115783,9.304945
78,3,15,False,L4,2821.0,0.038053321152428606,0.02459863467398588,0.010738409083831408,0.019238282265846503,0.015442157587002885,0.11367022047703793,0.0,0.19006457602191026,0.35954952,10.408125
78,4,15,False,L4,13960.0,0.0045989697201034635,0.010181239731863951,0.004394176187057028,0.0010213910199117762,0.11825774344948409,0.0561475730182386,0.25215067968403504,0.13377079829267874,7.866182,2.243453
78,5,15,False,L4,3211.0,0.011965809887541886,0.007465359167196222,0.00405046697779641,0.026347999304581437,0.04460874343413963,0.04221582538990973,0.20142244672644347,0.07146352856329545,7.5860033,2.0681138
78,6,15,False,L4,4082.0,0.12081736775300149,0.0394142386046622,0.0023593957436350795,0.003559475938148575,0.001614126992109501,0.0,0.0,0.2394398035179923,-2.3911886,9.2108755
78,7,15,False,L4,2597.0,0.0140815231676818,0.008551599130476517,0.011880245962847648,0.03887043857055042,0.04663614326252811,0.31890599876869125,0.3025518823439504,0.11800865008680296,7.594295,6.1692276
78,8,15,False,L4,2379.0,0.008291407003485176,0.012700057309631302,0.005694385591761807,0.02894435784474707,0.042274598264851,0.15697263250836246,0.16306923264781886,0.2081385127143859,7.0015774,4.610809
78,9,15,False,L4,6652.0,0.01028568345147156,0.005699309801363406,0.009162733913885635,0.10676688222261643,0.06540437989208436,0.2188070147032268,0.0034843739680612204,0.19874342557328087,9.370211,7.817681
78,10,15,False,L4,5246.0,0.005817588171475497,0.005355337700468695,0.00992118276416666,0.1306822847790537,0.13761849861465766,0.21354414319461285,0.06800510367731193,0.1786392346355955,10.696381,5.067748
78,11,15,False,L4,5731.0,0.01643635627324197,0.009898018172073171,0.011747665215367116,0.06038564361339274,0.006379016129515406,0.2355989102211758,0.0,0.21172193637898742,8.540489,8.090635
78,12,15,False,L4,4222.0,0.00708410945740121,0.007723617797525932,0.010638560299359369,0.09665477873823403,0.07557336923430755,0.1682234784600389,0.06453926415823724,0.2406899092650347,9.865245,5.8452625
78,13,15,False,L4,6598.0,0.004114262471461525,0.006428104452906466,0.004743813877934623,0.1270945023129759,0.12728980629011458,0.23662367696696365,0.10114600975815485,0.13117834263972733,11.011782,3.8124263
78,14,15,False,L4,3338.0,0.059389373740858745,0.013927683633900727,0.004911273000824824,0.011990243574718156,0.010708519722598321,0.05953039163793354,0.0003768694022447181,0.16291040574021254,1.5538456,10.446729
78,15,15,True,L4,2214.0,0.07165392873140075,0.022235326227464897,0.0019141686362260273,0.003253588700441584,0.0025640212183751627,0.0,0.0,0.05690464787374046,0.68066335,11.344652
79,1,13,False,L5/6,3877.0,0.021018746724829097,0.010230069107867317,0.010836812677646903,0.05677566456831695,0.015370373741322066,0.2336563493260525,0.0,0.11699309261453451,9.088041,8.712322
79,2,13,False,L5/6,24608.0,0.014325500798729473,0.007945430479194835,0.0035499764284118852,0.04087762954795661,0.08898261906578775,0.18552156988011645,0.14482460015945095,0.1627945604952935,8.174953,3.9519112
79,3,13,False,L5/6,4149.0,0.0899113425185438,0.020869856413101837,0.0017850850255158555,0.007547685997599658,0.001733390608204176,0.0,0.0,0.20027294365492956,0.258792,9.98008
79,4,13,False,L5/6,3542.0,0.050261452415298585,0.02620605508853336,0.00780365181708221,0.023013868470635145,0.0010188236942019475,0.0,0.0,0.24052964101052293,-0.1766248,9.582552
79,5,13,False,L5/6,4015.0,0.13087866769552897,0.04,0.0,0.0030520371282992164,0.0,0.0,0.0,0.23316388537500413,-2.4841454,9.263193
79,6,13,False,L5/6,2458.0,0.06920315125627846,0.008159438523021343,0.009903807039927348,0.02863056135331289,0.018176067645749083,0.01675589145464028,0.0007461744202577078,0.17248190915034328,2.0076897,9.97803
79,7,13,False,L5/6,9875.0,0.005282223917157223,0.006940691549224331,0.0030017634713022634,0.1110589380698702,0.1274664541177988,0.19823557195814032,0.2132492949609836,0.20230790079936525,11.221127,5.1028647
79,8,13,False,L5/6,5290.0,0.010976598612093621,0.009334837815875739,0.003373999520912565,0.0432435508445346,0.06051987583315735,0.03612040802903712,0.25880583839787513,0.1520954616008795,6.3964987,3.4258132
79,9,13,False,L5/6,3749.0,0.009147896617765732,0.009626627543751185,0.0024846273221447003,0.04707828024141202,0.054198022833733296,0.04024362225341677,0.18410124591139804,0.12467658081001905,7.0830164,2.6039274
79,10,13,False,L5/6,3677.0,0.012152490450441738,0.010049771043797909,0.00638755240725882,0.03795670057948683,0.04528143583198244,0.012623798147423223,0.21033100707767313,0.11914724986010194,5.1589494,2.6416771
79,11,13,False,L5/6,3220.0,0.03104942292520072,0.013063492809599819,0.011834851186872357,0.03360982832689053,0.03014002200759069,0.0,0.27421497554770924,0.14443569209317933,4.77073,2.624306
79,12,13,False,L5/6,9728.0,0.0045967779815723215,0.010779581980537483,0.010232684215745386,0.11036005476294028,0.07293114147859026,0.24122280191846623,0.05315701945759073,0.1818265941671516,9.386256,7.7620454
79,13,13,True,L5/6,2236.0,0.017441826981096052,0.022899248816933736,0.010623471422376561,0.02622826964405384,0.01235541082154833,0.010818072703861056,0.0,0.07841261600701697,0.13756242,11.459258
79,14,13,False,L5/6,6590.0,0.007948781555225434,0.009221306271696868,0.012520636846731634,0.08614804014288795,0.07174498439781181,0.2813445867736104,0.12411390210878305,0.07691469920356335,8.22141,6.4246883
79,15,13,False,L5/6,6107.0,0.011139424203781426,0.009049162737426317,0.009821843687984987,0.051499890548281406,0.0775344582599892,0.011231578223079616,0.18402307367389578,0.22026410322090906,6.33279,2.829002
80,1,4,False,L5/6,736.0,0.14557499061798856,0.04,0.003791702391469976,0.0030164958354594353,0.0,0.0037520950729689933,0.0,0.18712495607092341,-2.4996264,9.318218
80,2,4,False,L5/6,1153.0,0.0015695826595142634,0.012530826144454409,0.010341129752725909,0.10863706472053686,0.01867859960807892,0.1327824038153065,0.014920229392563248,0.1757315103959943,9.946672,7.465052
80,3,4,False,L5/6,1246.0,0.004421063210839698,0.005219473915784909,0.004310538554247389,0.12116772885359481,0.02015003979162747,0.16707127180134695,0.028197672000920132,0.20360160350480008,10.560234,7.1873965
80,4,4,True,L5/6,605.0,0.0074538573947864045,0.00011413034293514226,0.0,0.12561017001928113,0.01376297976821661,0.08975106005081508,0.08931924402713776,0.06285977660240775,11.717896,7.6900477
80,5,4,False,L5/6,727.0,0.05809723116196622,0.023578750572966545,0.0120327134695296,0.0,0.0,0.0,0.0,0.058178352312630105,-0.052407674,11.554049
80,6,4,False,L5/6,699.0,0.0001,0.006908641545169343,0.0033799048886101507,0.10016613878661824,0.05980111991250861,0.13812067408025686,0.11416558433253181,0.10453256812349387,11.654108,6.8156447
80,7,4,False,L5/6,778.0,0.009817109841416257,0.005905755985310924,0.004942143257266478,0.037259077035937914,0.03774690818613837,0.2050248951004516,0.25542671562806213,0.22818792297551826,7.474191,4.5590916
80,8,4,False,L5/6,1860.0,0.013004078787037588,0.004119142207578873,0.012623112300398389,0.08624455482022977,0.012824563203558185,0.2611158618512106,0.12173322044496168,0.14248279663071142,9.07398,7.7191834
80,9,4,False,L5/6,18710.0,0.011184518769257294,0.005731798979727901,0.0022515296912437666,0.10272418394480023,0.03839127149782165,0.30199338729369757,0.18011035122734773,0.06381412159215374,11.244787,8.339715
80,10,4,False,L5/6,1565.0,0.00044043681442025926,0.015259764188238666,0.003804269870181981,0.1454973110520618,0.03374290061304678,0.1649489237394501,0.13025680703995945,0.2095628955205378,10.945157,6.7599545
80,11,4,False,L5/6,1011.0,0.009771365289762114,0.006844622515164538,0.01268933822852289,0.013446259722906088,0.06480925530089893,0.09060154205174738,0.1411575019194379,0.21691852303310138,5.9235845,3.1147687
80,12,4,False,L5/6,636.0,0.006794306044467263,0.0066812198383724665,0.009513073598663184,0.04318992951713519,0.03918233482679806,0.2559648850940694,0.12751679930179496,0.18796142780720126,8.36491,5.9082766
80,13,4,False,L5/6,2007.0,0.01371721336452567,0.006822645854794149,0.004684502487054516,0.027683355819333046,0.052321454875221586,0.13431333418994695,0.12851369031418533,0.2194252083227446,6.9997525,4.450341
80,14,4,False,L5/6,789.0,0.11103795394889174,0.03253484486629848,0.017069898689391662,0.004071474098532518,0.00020381628930969713,0.0,0.0,0.23035229829940004,-1.3251774,9.347809
80,15,4,False,L5/6,626.0,0.024320246252830215,0.0001,0.002659865049891492,0.1369014329015469,0.11683805013769813,0.09991587438274535,0.04560288873735101,0.17346666507714947,11.693824,4.4183946
81,1,2,False,L4,169.0,0.013855546636985577,0.018338114039450827,0.011162760815521259,0.0,0.0004909377759042906,0.0,0.0,0.12977412573373837,0.31985968,11.108871
81,2,2,True,L4,131.0,0.0014764952251038457,0.010883415261997277,0.011485905250765233,0.016560124706935124,0.030771342649119158,0.24260509925199597,0.17895467150355845,0.05426021115537661,7.125017,6.325643
81,3,2,False,L4,164.0,0.020303042374767145,0.0002933226863654922,0.0039025614407821544,0.0929802404471855,0.07977940562624375,0.05194337096315532,0.12900186839993313,0.15236552237761253,11.188064,6.073383
81,4,2,False,L4,161.0,0.00010774775777152516,0.014163323117964909,0.013262468022305391,0.13204778206119916,0.09560559266725688,0.04860149608099846,0.22397420497589204,0.20349767232170154,9.894613,4.8292336
81,5,2,False,L4,167.0,0.0010167556005898537,0.009185908164380427,0.006586753394434072,0.013647515280878385,0.03041896856738551,0.09486673429620598,0.17200464563827123,0.09276624712831073,6.5622096,5.5912147
81,6,2,False,L4,276.0,0.007611788304892428,0.0020991169378721465,0.011019054897728493,0.001994204206642699,0.14286123798464476,0.15154835464232788,0.14230681010236698,0.12408954293541581,8.475657,3.010553
81,7,2,False,L4,185.0,0.0003123246454251751,0.01186852076072638,0.015413898097547238,0.029973702990417656,0.01302666790414583,0.08442058060386132,0.11635800476639994,0.18370031506137025,4.888076,3.9796362
81,8,2,False,L4,1134.0,0.011335086751467141,0.002772331338988744,0.006970383003204709,0.12421846771478319,0.05088656211946263,0.13016162906105247,0.1501127318535358,0.21285238300049847,10.714514,5.951367
81,9,2,False,L4,168.0,0.05577744786436088,0.024800083661295175,0.010187539798238266,0.0,0.0,0.038460176744047885,0.0,0.10996205105420714,0.02726788,11.2392
81,10,2,False,L4,280.0,0.0041473343200864946,0.004115123666990436,0.010916154744726389,0.13309638724908587,0.050960851784392254,0.1315856215229539,0.10141395124410378,0.21516672685280488,10.105601,5.8868585
81,11,2,False,L4,193.0,0.00010054098519002243,0.013943741374633653,0.008282301148521262,0.07675175222421057,0.024767367900637313,0.21749784172397774,0.19578724499144468,0.07273091788401997,10.739429,8.65698
81,12,2,False,L4,2189.0,0.0029469956632914886,0.0067922652302711516,0.005536469466051218,0.13387497548283184,0.023374165299807546,0.18522919023538315,0.12214035573324748,0.1621881077317706,10.988079,7.497362
81,13,2,False,L4,186.0,0.007881443886622501,0.0013102608312143451,0.021091366311367255,0.0,0.10466628343810917,0.14948613618134227,0.06236507135326943,0.1351847650452003,13.366616,8.870782
81,14,2,False,L4,1202.0,0.009270340158779878,0.003172033609118242,0.00909895100638535,0.12433880725054795,0.1326074431781893,0.14087777769935156,0.0830457811548481,0.12611467549626193,10.815572,4.1785693
81,15,2,False,L4,542.0,0.01718723023766155,0.0008486148808030618,0.0015513357235816168,0.08471590896950688,0.13617507795723244,0.17251723380364242,0.1952912640772456,0.09207662781796612,9.584009,2.5913107
82,1,3,False,L2/3,142.0,0.008398491799119326,0.01155974085891731,0.005721892684842257,0.006159883461899725,0.0,0.17707959265215667,0.0030830349493142224,0.04370281613874692,9.572187,9.330425
82,2,3,False,L2/3,137.0,0.0072854568109323265,0.0033121790236179524,0.0031066227377518113,0.006165203883436053,0.04682084827750981,0.18278091563930982,0.18602217134448604,0.08730770338615498,6.725176,5.2324805
82,3,3,True,L2/3,129.0,0.0001000094043383966,0.004182506267243055,0.001905172841177521,0.10965198281413716,0.03182157231368748,0.20494995839422447,0.11271723825391547,0.04305164570568214,11.401857,8.033368
82,4,3,False,L2/3,134.0,0.00010000466363315132,0.006374203628436231,0.009694075139801115,0.10932723358701571,0.1527072163931035,0.04675699724466181,0.18695192312115957,0.21233239005854362,10.390618,4.6095285
82,5,3,False,L2/3,137.0,0.003262028025938637,0.00010096773054313468,0.003169410306676485,0.13494974510394087,0.014285379571811925,0.18193970484936556,0.06274866547129562,0.060356579563446235,11.573975,7.8537884
82,6,3,False,L2/3,218.0,0.010317609056692177,0.003321443620204211,0.005043840091046805,0.015792525793221046,0.026243608875017508,0.12394972989113168,0.163759290128995,0.1398560071151141,6.775634,5.5449886
82,7,3,False,L2/3,717.0,0.0008965326669119804,0.012896773169336516,0.006759796080343597,0.14034422056933155,0.1031918126200865,0.19032476488678057,0.07792934102319624,0.12491740004569987,11.521427,5.8372498
82,8,3,False,L2/3,347.0,0.0022564057977367898,0.009833002827037685,0.0022350398440860574,0.08628750288129715,0.018041519867905528,0.17192123996249872,0.06795083067756302,0.141259246811256,10.850742,7.6030707
82,9,3,False,L2/3,135.0,0.00010023838852179277,0.0002944109405951862,0.01157078744472172,0.0454435248869402,0.14844792808205182,0.09886464747176364,0.023852106417392417,0.08034773269009811,10.391402,4.002601
82,10,3,False,L2/3,160.0,0.02243291219245123,0.0014869384780524968,0.003894246747831015,0.025421134085353507,0.009092660140824159,0.10230923575639088,0.16925356634051783,0.06947514088209628,6.5859704,5.4210615
82,11,3,False,L2/3,6624.0,0.008344806655817502,0.004162493067894929,0.002746621916804492,0.1078261932130949,0.0987154451813085,0.17985330728017368,0.19555467989028139,0.11244329424206548,10.76974,3.1487615
82,12,3,False,L2/3,134.0,0.1205564673292088,0.025185824655932814,0.014035971059007108,0.0,0.0,0.0,0.0,0.05136182103337942,-1.6654524,10.0477915
82,13,3,False,L2/3,141.0,0.0004942619363827175,0.011564281182228025,0.004186861520512342,0.09586345006275081,0.11096008506085726,0.18011277180397028,0.1577863183424395,0.17899329800616828,11.194657,4.8050857
82,14,3,False,L2/3,134.0,0.00010355024018633418,0.005115491310243088,0.009334132350736287,0.021350123160417872,0.0,0.2261640409951501,0.15042118629086598,0.07470478027710306,7.0951066,6.270078
82,15,3,False,L2/3,430.0,0.0215935057256883,0.0015041484736407343,0.008931844628538388,0.12019477328114486,0.023182188552767526,0.24111330949015744,0.09097789132366926,0.14239350367328912,9.587017,8.464973
83,1,8,False,L4,1640.0,0.013997226410807893,0.012925518133324775,0.0029949877507729874,0.0013019166556518119,0.01564712865431108,0.000479748070446275,0.17414911917770642,0.1344354717124171,4.3050427,3.4206333
83,2,8,False,L4,1541.0,0.005627483590602599,0.007719908351908866,0.0062014074632851905,0.057424118987156936,0.03195041295705803,0.1800957797412294,0.09756794807186588,0.19134329225319993,8.071828,7.291744
83,3,8,False,L4,1692.0,0.00011408119094134187,0.010205257628097602,0.003667005970043154,0.1728043795377023,0.11978642026646802,0.04096970803766014,0.0666059578321441,0.050275440511888266,11.757308,4.694844
83,4,8,False,L4,4007.0,0.003827442592690079,0.006826514738629964,0.005985893327617214,0.057862386029665064,0.12865655771053341,0.08153830019612732,0.18012924985423148,0.06469251534230414,8.789441,2.255371
83,5,8,False,L4,3363.0,0.015339883944641999,0.004316310444270092,0.010332541862751309,0.05459619129936474,0.09733939677455059,0.2720294018638074,0.11258014902124892,0.26364755654369243,9.003442,5.010701
83,6,8,False,L4,1654.0,0.07522244169747978,0.026580191603825687,0.009332526721288896,0.001831467664550191,0.009050717451260107,6.650410460867957e-11,0.0,0.25059124626966206,-0.33194795,9.415046
83,7,8,False,L4,2115.0,0.0040589791348586285,0.007837618821249703,0.010343032592575203,0.09721360709224772,0.07479314148894647,0.24278215872927797,0.09743750703462976,0.0874583642174888,9.562502,8.033391
83,8,8,True,L4,1211.0,0.02206662661921646,0.012775901392740582,0.008127419737310017,0.012895517996077943,0.012703995516827151,0.12818704160153138,0.1673325744312588,0.11474095072630881,6.671731,5.729405
83,9,8,False,L4,1291.0,0.046125530719327436,0.023706071417343905,0.010414446031118787,0.007879424039435397,0.0,0.01192396722996598,0.0,0.04565243807069356,-0.033376608,11.583945
83,10,8,False,L4,3242.0,0.012048424235640967,0.004405445987885857,0.006722918408141275,0.093872881775635,0.028838444513132413,0.24542633880391324,0.1607467108070241,0.124855360585847,10.992347,8.326253
83,11,8,False,L4,1737.0,0.01272037544914904,0.004335230354643796,0.01279348280547713,0.08238378794175365,0.07003699851688114,0.18770924907548947,0.2028983354270757,0.08661226061100372,7.958291,6.0732646
83,12,8,False,L4,2479.0,0.016750314424400687,0.0037087392811580504,0.008289495103284441,0.09998658940865358,0.03295403799328071,0.17570589148299837,0.12763564776498115,0.2403136940109902,9.402314,6.8364344
83,13,8,False,L4,1346.0,0.005467699690401843,0.008486415445028444,0.011970601950778242,0.04867376778300922,0.0509704049524979,0.228100543927398,0.15537163831427236,0.18945362093235737,8.3640175,5.924737
83,14,8,False,L4,1563.0,0.00010055592773553067,0.010151870897323775,0.001697561882379368,0.16659343261125475,0.07460002650585147,0.07684999222867417,0.11959485752712123,0.07016507108588962,11.79052,6.581164
83,15,8,False,L4,1749.0,0.0731495902705251,0.026768041609704727,0.008631745950852584,0.0,5.1584555769291685e-05,0.0047440076667964225,0.0,0.26421020874873774,-0.28900483,9.403502
84,1,5,False,L5/6,6270.0,0.014316019916314484,0.006757181064052111,0.005792538005283272,0.06816238791627482,0.08132781213968793,0.20965759083173488,0.16354471193616119,0.10467433962751035,9.845362,3.4312012
84,2,5,False,L5/6,3012.0,0.06349029974604467,0.020493668848862574,0.008836441996821051,0.014700143435670903,0.0,0.004387605325495329,0.0,0.1758033986898126,-0.050849155,10.759286
84,3,5,False,L5/6,8382.0,0.0020487021881087416,0.013281455339628502,0.0019851128805278935,0.06147535371438715,0.11689603596498249,0.059642202656546746,0.15568219357226135,0.07569943883698713,8.604736,1.9715099
84,4,5,False,L5/6,3308.0,0.05305165060424249,0.01636309781861399,0.008105970471915774,0.02133977613779361,0.013190491584485027,0.16820097253096913,0.10302250359224663,0.302532807387695,7.284641,8.911796
84,5,5,True,L5/6,2054.0,0.044865709626982914,0.02158420328796405,0.005654448218589084,0.018000508674746493,0.0,0.14364989528024477,0.02117617695557347,0.190347136051397,0.6985034,10.072201
84,6,5,False,L5/6,2481.0,0.02746723034319996,0.01608289788166801,0.002712231560286715,0.008203417303540335,0.004878960400871043,0.09906944348923434,0.10400099751711915,0.03507692217238916,6.3481426,5.052638
84,7,5,False,L5/6,2600.0,0.06096728235772298,0.021005491530571473,0.011357580837656292,0.023501189143161835,0.0,0.11949602289371151,0.2593027260203503,0.22511365620244325,4.6276445,3.0963113
84,8,5,False,L5/6,2637.0,0.06571375075941337,0.02571591340169628,0.010532185563686652,0.015841347346961094,0.0,0.08051098512335259,0.0,0.33590580882355586,-0.19482818,8.789848
84,9,5,False,L5/6,3443.0,0.005990540107833354,0.010227394096692988,0.010692700228677918,0.08088326976502545,0.06233762030089138,0.15021632350825226,0.07286325937343598,0.2896811634961003,9.83938,5.9353247
84,10,5,False,L5/6,4549.0,0.004386566650964778,0.007733011335388953,0.007538974225839733,0.12581884920889172,0.041663277816465186,0.2176177847910401,0.009786969847118016,0.10039160305389228,9.907892,8.146191
84,11,5,False,L5/6,3616.0,0.016144427771105956,0.016161485470919775,0.008125194747271719,0.036057112170800314,0.0016890005717007167,0.34004200521923644,0.0,0.17232800979244825,8.413154,9.113037
84,12,5,False,L5/6,3383.0,0.006918788350489377,0.008628784752907657,0.006532489642644785,0.06863713864173634,0.06367288082330826,0.10221222759529623,0.1465083126068366,0.16110605704552597,8.862712,5.9331193
84,13,5,False,L5/6,3570.0,0.1132162913902282,0.04,0.0016649734037233583,0.005608836294418232,0.0019660091724754466,0.0,0.12416942126907848,0.28428121248113963,-2.368208,9.206925
84,14,5,False,L5/6,4961.0,0.09969204026578865,0.03031835610652621,0.011678109696159525,0.002997314768719208,0.0006955222996302052,0.1323709639581833,0.0,0.3247584430095832,-0.23000385,8.792165
84,15,5,False,L5/6,2784.0,0.08992976604019234,0.008187096670488841,0.012195643382043786,0.03154025213217098,0.020198639573389236,0.3138539063992284,0.0,0.2627689430885814,6.863274,9.478808
85,1,2,False,L5/6,3192.0,0.011074261732807377,0.010306211258878796,0.011246650978405302,0.05941233137210321,0.06470826601285722,0.15148155757928575,0.2599497124906839,0.115757141360704,7.760693,5.781534
85,2,2,True,L5/6,2835.0,0.07984785405206453,0.0068022448582513925,0.012922905418439021,0.041991572124991945,0.02702898029202051,0.14033534969232406,0.0004913450144788745,0.27362365354395307,6.806394,9.454924
85,3,2,False,L5/6,2934.0,0.08957283381026813,0.005949435115462455,0.008904595228671467,0.034631983998243375,0.021536714783548384,0.2252410895718145,0.0,0.18904165649259047,7.2266016,9.529547
85,4,2,False,L5/6,6666.0,0.0031143312075761456,0.01444469950252139,0.011309734031221706,0.08508903407162101,0.11688160542621791,0.1570256167599224,0.1529496389863648,0.21818420707636826,9.718487,4.7718315
85,5,2,False,L5/6,4204.0,0.09300058228954315,0.005289720742933375,0.010997093203028347,0.022195856591133916,0.024399082912134048,0.0,0.0,0.20544508412980536,2.0809085,9.823868
85,6,2,False,L5/6,18763.0,0.016313592938336143,0.004339908541848288,0.0021044768227743028,0.09774746041334058,0.09630112380443079,0.16228665274508108,0.17880015643008768,0.18767980811554272,11.214524,5.1878514
85,7,2,False,L5/6,9339.0,0.005840514868770877,0.014505679857693386,0.005616193785691469,0.08165028799941208,0.014084460957010273,0.2622695356147132,0.0018374473310885664,0.10803115294743272,9.36011,9.082824
85,8,2,False,L5/6,8400.0,0.004390248774456809,0.009916793587981797,0.007762082658401934,0.1169520909260407,0.07114444448556514,0.2282017711918562,0.03404852628387083,0.11696638824351183,9.750532,8.068229
85,9,2,False,L5/6,3144.0,0.07208573057824252,0.007477535484138611,0.013500747641640887,0.04564065207297807,0.032048716036876215,0.22639422619371352,0.0,0.2747256153926723,6.8216662,9.4628
85,10,2,False,L5/6,5299.0,0.07597937134997286,0.028045949056017518,0.0035713851415337403,0.008475468314686738,0.0007649415147450896,0.001014698491765799,0.0,0.12691095489513976,0.6446145,10.967972
85,11,2,False,L5/6,5733.0,0.005514333921395964,0.010419157573264675,0.013209342965828371,0.06953290536558744,0.1165545720476233,0.0003408378500311023,0.1620165279280982,0.09561481268447909,6.3564353,2.2298553
85,12,2,False,L5/6,9946.0,0.020801619064883432,0.022998284993574702,0.0032160798177855916,0.0,0.047339678375944515,0.0,0.2813582890183342,0.142100863323388,4.2838373,3.0207283
85,13,2,False,L5/6,5314.0,0.04944903116904131,0.008502839158053376,0.002511133981911124,0.004156140535044074,0.005649667605580782,0.0,1.1365437551523125e-11,0.09996195597469382,1.485469,10.529181
85,14,2,False,L5/6,7855.0,0.01286263249742336,0.0070425948638449054,0.005655687846043884,0.08605354824579174,0.06171751795341587,0.18666745421315645,0.15411438197720304,0.23928215213494347,9.59589,6.0558057
85,15,2,False,L5/6,6905.0,0.016718707291265247,0.005309077134416997,0.0050902074686762985,0.07687624841984399,0.0835545350222826,0.14810269529995326,0.14250706326421658,0.15104130177246,10.118523,6.4965506
86,1,10,False,L4,798.0,0.011491881886418037,0.0038395956797955227,0.011529155674609149,0.010644236570837726,0.08782478329039485,0.04819326634795771,0.13391887515377066,0.18586975152040838,6.056406,2.829882
86,2,10,False,L4,580.0,0.10774448733156122,0.027797652247090323,0.014306252376824797,0.0026008394254826415,0.002660673125766217,0.0,0.0,0.2314918198982433,-1.267216,9.339752
86,3,10,False,L4,772.0,0.003509225900737661,0.009423941939506533,0.00636640605509017,0.04923153518566352,0.012569012291285896,0.19027456931031356,0.17322157297259402,0.09652416623979554,10.550235,8.79322
86,4,10,False,L4,593.0,0.06492333269511255,0.02423467029733093,0.007614036944788848,0.0,0.0006535592255867656,0.0,0.0,0.06433293181914594,0.20767629,11.473591
86,5,10,False,L4,647.0,0.018167794995506185,0.002078979054576345,0.009573953936510787,0.08212545473265659,0.06947573526778311,0.11019999765063185,0.21614162822615668,0.0842617083777403,9.507234,4.147944
86,6,10,False,L4,628.0,0.013966266768064428,0.00010161104105357182,0.007911810119228242,0.1102139405263174,0.023557535161640684,0.193353033766028,0.19997506363645795,0.12981715685769674,11.355573,8.117458
86,7,10,False,L4,2246.0,0.004339693994276784,0.008252072442067587,0.010170258499749651,0.005685568950996552,0.12129209025419084,0.0055873698076554495,0.1152442689751618,0.1041279389267425,6.0546937,2.0290344
86,8,10,False,L4,737.0,0.004645070324687705,0.006775885558677385,0.004079214529335252,0.06348728538391583,0.01756345596097793,0.17950528409501232,8.674869003543163e-05,0.1445827340003312,10.115139,8.33832
86,9,10,False,L4,896.0,0.004834731678531844,0.007574953768546301,0.008718511096366332,0.003832536896067952,0.08660128067931398,0.0029824624030238838,0.2300066022523886,0.05695231895144078,5.6538067,2.1492496
86,10,10,True,L4,482.0,0.008813372963733974,0.0007773772544245689,0.002012321511409524,0.06234502151426017,0.15722343487396107,0.14406029261358783,0.21402841427616776,0.10641594430177266,9.279464,2.3888242
86,11,10,False,L4,2783.0,0.011956561203829989,0.0042651416685131095,0.011206979371364344,0.09447441733572096,0.09360007511185217,0.21618238641572524,0.1922776016504057,0.1903840526862598,9.221503,5.1432743
86,12,10,False,L4,596.0,0.08911726106781812,0.028488615910831343,0.007154433363655619,0.0,0.0,0.0,0.004209737733249023,0.20669355087538432,-0.44729897,9.864349
86,13,10,False,L4,780.0,0.007781579777423572,0.005897235516055022,0.0032645400476524517,0.014318689849454119,0.06301359177432002,0.12265038439417626,0.23914257444042117,0.1621504936550425,6.627982,3.8860533
86,14,10,False,L4,556.0,0.00492233917951939,0.000418532308370207,0.0008840885539633078,0.0687077126085227,0.07236316688407793,0.08040578704661737,0.14893472134287444,0.14506057480031784,11.162193,6.0008926
86,15,10,False,L4,2341.0,0.011753548707644425,0.0035572274253032874,0.009894138652395095,0.05733942032062394,0.12684143908264628,0.1538329893982016,0.25687641934705363,0.20662044061178492,8.996511,4.8670025
87,1,4,False,NaN,1343.0,0.00529781528567604,0.00421950172600023,0.009303246919174479,0.13057480637875465,0.08980976035957049,0.18953019736683296,0.1475191618847997,0.20443921781524566,10.0606575,5.548259
87,2,4,False,NaN,2933.0,0.015337411672422762,0.003916676256843738,0.012652689613061424,0.046455823563420054,0.11271526395246988,0.21367640130523843,0.15620573440028374,0.14161471384206634,9.167648,3.8695052
87,3,4,False,NaN,773.0,0.00895025823649127,0.008249642490686826,0.0002548016983846471,0.016955619340949947,0.014197707310825534,0.22447725997594475,0.23230241392132234,0.17181677964153955,6.9765034,5.209139
87,4,4,True,NaN,719.0,0.0001000000087400308,0.00010000000352394281,0.0,0.17805391277239918,0.12876439094543457,0.10348440979788599,0.18685492873191833,0.19943575595571428,11.91314,4.2390604
87,5,4,False,NaN,1104.0,0.1380236295004488,0.04,0.003777630331990515,0.0016273681780790397,0.0,0.03679398784017742,0.0,0.20336038230840892,-2.4848192,9.289858
87,6,4,False,NaN,1027.0,0.08367117691724069,0.02396564826395366,0.010149350173041752,0.006362386331229344,0.0,0.0,0.0,0.12889285409709697,-0.46888852,11.026549
87,7,4,False,NaN,2144.0,0.013325404677144452,0.003723666149424567,0.00801478068488596,0.09749610412581453,0.058692839665298986,0.13281156375797326,0.07204424109875848,0.23935668011683076,9.7397,6.0148087
87,8,4,False,NaN,1030.0,0.13747927726076353,0.03877047938351751,0.005025595526507874,0.0015051001822728343,0.0,0.0,0.0017380116260387098,0.21047496501640328,-2.37026,9.25388
87,9,4,False,NaN,1875.0,0.00878222583821965,0.003775002870316965,0.009529546226783111,0.11820630930400425,0.09914530406030818,0.14690061278248237,0.11197489896043894,0.11388018842301989,10.681525,4.1450844
87,10,4,False,NaN,971.0,0.004063103785429674,0.007483986099336777,0.0028289512827049,0.06914099665467416,0.05900529600278931,0.11115097446442955,0.19742414938981254,0.1843108476813085,7.4911504,4.506364
87,11,4,False,NaN,1501.0,0.003579436505380829,0.007331958593391779,0.005413189712605322,0.10419856108228692,0.01006315552584608,0.11343418370739443,0.039267348165816424,0.19910682612549593,10.459699,7.24594
87,12,4,False,NaN,3140.0,0.0048938031257789675,0.007758099057593068,0.008621193777229468,0.07099369225098336,0.1114568063431855,0.30099352473612145,0.2099295823687997,0.0944557702388071,9.837854,3.811583
87,13,4,False,NaN,1228.0,0.11013851899323095,0.030294452206461982,0.007773364228570458,0.00194116654694888,3.8325350024527466e-05,0.0,0.0724775900004374,0.15316779706781788,-1.961247,9.930536
87,14,4,False,NaN,2002.0,0.01870596911755693,0.001998462113399876,0.0068263383556291055,0.13288344792661175,0.045190900106740976,0.07018008569657506,0.008910395935494028,0.184119909258166,11.111157,6.3873935
87,15,4,False,NaN,1485.0,0.01300307294066932,0.007876983698129659,0.007456688774875574,0.017215423410436286,0.04104373166803646,0.17765843865403005,0.20387576762156598,0.19505761592049464,7.0691323,4.750258
88,1,11,False,NaN,1552.0,0.006587268230228123,0.004445436787089586,0.011212848377260484,0.09628462818076312,0.11460826030606844,0.1949286074009732,0.20085403281398984,0.13209027386789846,9.933197,4.2213387
88,2,11,False,NaN,1158.0,0.00591470968805744,0.006606399636078796,0.007076646310301022,0.061001441581603255,0.030108294867789993,0.28350711967428777,0.0036879105566800874,0.0751809414976135,9.210869,9.19148
88,3,11,False,NaN,2506.0,0.005750030104526253,0.007036447277123485,0.010600092182655205,0.09472392982394023,0.09029049164657027,0.18772907798948568,0.11096241417346593,0.19455372467224805,9.7480545,5.2460294
88,4,11,False,NaN,1368.0,0.010880656991190422,0.0066237605095425325,0.003978108956330876,0.01389849197923824,0.05578162209798218,0.08115054847897947,0.20198394473133777,0.14449981927752684,6.6534247,3.8489819
88,5,11,False,NaN,1262.0,0.1133601395806314,0.028602086666701006,0.011402728128716805,0.0020063794849671823,0.009439405668498367,0.000344931549339263,0.0,0.16948400583665088,-1.6226319,9.747568
88,6,11,False,NaN,1524.0,0.010766467872712113,0.004386687264050566,0.011279010476458733,0.009010749349265944,0.11490143379670265,0.007741207617855654,0.1774385936943344,0.13181874633612853,6.076273,2.1973891
88,7,11,False,NaN,1172.0,0.014410228959404463,0.005913845500532819,0.01180404776089205,0.01933384029574402,0.06220625175974842,0.09393006385622037,0.2025416817623525,0.16003588497775095,5.6742043,2.745058
88,8,11,False,NaN,1066.0,0.0665752954067841,0.020512250963558517,0.011122002023709485,0.004100867251592282,0.0,0.027785442176180227,0.0,0.10582906129741956,0.0029657856,11.224467
88,9,11,False,NaN,2531.0,0.000853575569944572,0.016096898001710835,0.001495160845100879,0.10173618288647752,0.006366018088665191,0.17453272015889448,0.09569724755978716,0.07815602254979497,11.332113,7.4537683
88,10,11,False,NaN,1179.0,0.07033190913894653,0.023964939777125303,0.008523728821034665,0.0,0.0,0.0,0.0,0.16529795312590137,-0.32952374,10.668463
88,11,11,True,NaN,1004.0,0.0016907194590648207,0.014340214583505541,0.01111120452600515,0.07009418204912178,0.04451143360678902,0.24294399527333668,0.00336599310288035,0.0882570822865771,9.274924,8.600258
88,12,11,False,NaN,1055.0,0.020291407937375574,0.013366420488577042,0.009937096217500873,0.009048981496706663,0.015730101010686694,0.40801008756705204,0.1877631247313767,0.13058911521160196,7.3985767,6.6491632
88,13,11,False,NaN,1402.0,0.0182542121766612,0.0033426540972118233,0.005305415630194264,0.04902738717464347,0.07335187110715757,0.21207886126460027,0.23818626964792314,0.04880943272721393,10.044086,2.4871874
88,14,11,False,NaN,2772.0,0.004148513728532675,0.006691820597639847,0.004285198637772214,0.0990913632971308,0.06838717673072683,0.16047069953631382,0.2106140938718061,0.15823766601607644,8.206022,5.047986
88,15,11,False,NaN,1724.0,0.006598143953148118,0.0048799112035654854,0.010647228983416523,0.05810857856749207,0.11889532730762421,0.1985825470321362,0.2134448107026343,0.15616934144216232,9.099834,3.8978858
89,1,3,False,NaN,1304.0,0.01160068303739329,0.003962766290553728,0.006958011921528445,0.04201316884088997,0.08696143083315384,0.2466642212322242,0.09356234993572024,0.07122602124112346,9.807402,3.4858272
89,2,3,False,NaN,1602.0,0.011997701681521365,0.003612312504524106,0.007038023512904275,0.025356962252287032,0.10456849212782467,0.1607065797464719,0.21314963485716826,0.15899780695541066,8.68229,3.3714364
89,3,3,True,NaN,793.0,0.01712060453553834,0.018299568036831842,0.005962620997280401,0.0009491571329055539,0.013351767914742194,0.0,0.3286863963685954,0.23739957393569253,4.673875,3.1434329
89,4,3,False,NaN,1384.0,0.006116446056611942,0.007193289227193021,0.0066702497438633985,0.07078654257199984,0.04460318811069061,0.15484899443932376,0.07791712921325732,0.19832940580618175,9.628076,6.118197
89,5,3,False,NaN,2427.0,0.01686622654464324,0.004167982830859588,0.012557723173091142,0.07779893185837425,0.009724927563748875,0.18075378232529601,0.08718939508167216,0.1670082954738021,8.908893,7.7670083
89,6,3,False,NaN,1705.0,0.012192323921754877,0.003995206821286985,0.011131046533846205,0.07812213766187234,0.05826494655903997,0.12073719008555851,0.22363111121776413,0.15307451916221934,9.154715,5.4682274
89,7,3,False,NaN,882.0,0.0002693859405601846,0.0034791690744025686,0.0024477819462697175,0.0217466615902978,0.02958203324506636,0.3049466578768725,0.1802855902230412,0.17471998839129954,7.405075,5.1145396
89,8,3,False,NaN,837.0,0.09443364791861548,0.023949791113381542,0.009920751911880412,0.004946832631204576,0.0,1.703966420829089e-09,3.045792114318539e-11,0.24043885980362129,-0.4417741,9.425871
89,9,3,False,NaN,845.0,0.09412351620856496,0.02249627388426908,0.009650026310582394,0.0035526156627244203,0.0,2.5144741999231864e-09,3.6011170140960917e-10,0.17482077603740367,-0.52724487,10.684602
89,10,3,False,NaN,1022.0,0.01610118375569809,0.012053140890882235,0.005555749689503463,0.010740467333293004,0.007184966559986958,0.31685844761427745,0.0,0.06626962678562881,8.71376,9.456493
89,11,3,False,NaN,12197.0,0.011739299513484147,0.005170081434360667,0.0033983053818786102,0.11329553820372347,0.056129335517926246,0.2872301694676293,0.16209376286393073,0.250875468696763,9.603433,6.3719172
89,12,3,False,NaN,8513.0,0.00480515084834225,0.00895656223337587,0.0031376129469297877,5.292959259644679e-06,0.10847339703677616,0.18340757838131158,0.21693260523164898,0.09225557548295453,9.082285,2.5352237
89,13,3,False,NaN,853.0,0.08991389306968499,0.024696980304187197,0.01118091179487829,0.003802613762862365,0.00043739239338498647,0.0,0.0,0.35740326877879386,-0.30253857,8.784903
89,14,3,False,NaN,1134.0,0.0008772755537047302,0.012720532976279628,0.007841290329686404,0.11031902896887981,0.031692410114706075,0.14531066071939958,0.21477786255328843,0.07578025372056846,11.106342,8.213817
89,15,3,False,NaN,1635.0,0.014747026390465073,0.003938890458978235,0.008098183619486677,0.030856621787666474,0.08527087593503112,0.2586539985868133,0.149894724710154,0.17560018416059794,8.500631,4.129476
90,1,13,False,L5/6,3168.0,0.0001,0.0027580084805072513,0.0010952911909088369,0.07126670813520045,0.043799796754448964,0.12545552773842625,0.09372746920601004,0.25368101439964713,7.9652643,7.3486443
90,2,13,False,L5/6,2027.0,0.09722665545489587,0.01269688832568779,0.008724237125132308,0.018286223507557788,0.010924599191104075,0.13074850046720174,0.0019469550247272858,0.2920466087756972,6.779289,9.464273
90,3,13,False,L5/6,2532.0,0.00649750418583434,0.006868580052134955,0.007813321120627775,0.10274150611617289,0.051798271491116286,0.21774885586381634,0.010905415101778108,0.1671689371180261,9.359505,7.870103
90,4,13,False,L5/6,1964.0,0.005934429995859273,0.01100350719781187,0.009930661901928367,0.051081378405150854,0.03523586833470705,0.26852406997688283,0.02437571279389433,0.0587849475771518,9.032338,8.944559
90,5,13,False,L5/6,2565.0,0.06666241449936354,0.010462148385694245,0.005231348105534722,0.023630914187024656,0.0,0.24590380666831357,0.0,0.30002188947290953,7.072059,9.298439
90,6,13,False,L5/6,2538.0,0.013471627331455988,0.006316719115793108,0.007367628904392971,0.06611593702271752,0.03275467443745621,0.15930393861968276,0.1515015344895714,0.1736614187348132,8.399622,6.692379
90,7,13,False,L5/6,3377.0,0.043530305404721595,0.007553163959515035,0.007449708971160434,0.010444082131531019,0.014942924311932572,0.02573434506577612,0.0030094763751013238,0.09966031973764278,1.6627898,10.598704
90,8,13,False,L5/6,2024.0,0.005775079343370585,0.013579866718986259,0.0025817811290252033,0.02188738118881576,0.02372034547346438,0.13688869323372893,0.14748445057893775,0.06880668493673557,6.4615073,5.0752854
90,9,13,False,L5/6,1929.0,0.016162410646142933,0.007955918486565388,0.004873926553630622,0.03594454248245069,0.012252136351787036,0.22796294476422052,0.0,0.1734989978203007,7.926414,8.827457
90,10,13,False,L5/6,2246.0,0.06338839084202888,0.007421760976454559,0.010974733124316785,0.023302266721650026,0.0016575440728948017,0.07621878123745211,0.0,0.21338815902524855,2.1567218,9.733863
90,11,13,False,L5/6,2672.0,0.045783281056231744,0.009839966970114392,0.006247042889378081,0.01112744010298458,0.019367594858502375,0.0004231149063013811,0.013583461729969944,0.23000760246265375,1.5419116,9.631643
90,12,13,False,L5/6,2488.0,0.025209264698740106,0.024817596851815518,0.002977028119997439,0.002390525813335171,0.009982633033961949,0.0,0.0,0.14092894959300997,0.66780394,10.643974
90,13,13,True,L5/6,1795.0,0.0037234643182803683,0.014539229972986342,0.004842853102171602,0.03195375114417347,0.05218798580874019,0.03100913626277283,0.1350411161298164,0.2157529481972869,7.1772823,3.0487754
90,14,13,False,L5/6,3785.0,0.10382614066809769,0.014498526397739025,0.004196485708355283,0.0,0.0,0.0,0.0,0.183340421501231,1.4263585,10.285837
90,15,13,False,L5/6,3334.0,0.02547738866993608,0.0005186662846942186,0.0027727590811046357,0.14697153922046544,0.1727205184597038,0.034787003634051746,0.05302426767390674,0.06313570500737192,11.697379,3.720087
91,1,4,False,L5/6,4022.0,0.01699177471261266,0.0035202562656286717,0.010699432777495663,0.10316301549758213,0.1037872084164091,0.19808695704677085,0.23317022236600654,0.09703455081628361,10.078962,3.9909074
91,2,4,False,L5/6,3381.0,0.0024344725848154704,0.010107825324407382,0.01162906743137031,0.12034329879782027,0.06368771135154301,0.2589085743111702,0.03460150853738742,0.08409432579618041,9.497183,8.1906185
91,3,4,False,L5/6,3491.0,0.0074894519410225804,0.007841729463322452,0.008038370281062373,0.07492291451189763,0.060743704447233746,0.1968968697429236,0.10140190763127993,0.23745068023565571,9.668713,6.0028887
91,4,4,True,L5/6,1705.0,0.04458881321315506,0.02548930836069841,0.011600304682341689,0.008530732461027632,0.0006898825734824713,0.0,0.0,0.08022216453442511,-0.03659393,11.533257
91,5,4,False,L5/6,2033.0,0.00310957148444569,0.012176820910374754,0.0037188625254621606,0.05406369011590705,0.047527850600515884,0.16186683319365372,0.21765660953632437,0.2144705395132372,7.452913,4.5636425
91,6,4,False,L5/6,2393.0,0.050623083909299996,0.026112454221802854,0.005449550604308205,0.0,0.01195113758451933,0.0,0.18725618453205384,0.12960689472525272,4.221021,2.9475486
91,7,4,False,L5/6,4139.0,0.012464017454485587,0.007302314807043747,0.010474133275087717,0.020580772741262136,0.08170085424064234,0.0703233514268833,0.21087359651589335,0.23744871790068453,5.8450236,2.8621857
91,8,4,False,L5/6,2271.0,0.010246089517420887,0.0067781730545376576,0.010393565161562465,0.03888420876458716,0.07627952184739993,0.05106111611764175,0.28248335832033883,0.19629128923841302,5.209885,2.5613878
91,9,4,False,L5/6,2420.0,0.006803378589843548,0.007173901234197379,0.005244971004612494,0.07511404092449708,0.045828148689171275,0.21467200640620446,0.006671462661205438,0.12535209421102195,10.014255,8.329261
91,10,4,False,L5/6,2391.0,0.005624703295269273,0.008964156612024984,0.009805677880393956,0.06668308405649388,0.04314878504752885,0.2318102016702185,0.10795908824425382,0.063711642127775,9.333976,8.742122
91,11,4,False,L5/6,2284.0,0.004826072100422623,0.009953932081227544,0.01055604216210109,0.015213919106620824,0.07652311322179763,0.0,0.34736441184623046,0.2049253454168135,5.1549673,2.5580769
91,12,4,False,L5/6,2700.0,0.058612489103058996,0.027828085066302133,0.008857803245270046,0.0008288440740755272,0.0027728514135233135,0.007314662609173465,0.0,0.29799781750986737,-0.14431047,8.963351
91,13,4,False,L5/6,1833.0,0.006273720430679493,0.017252834642561103,0.011550823361182745,0.026608931384605468,0.0324638568021676,0.1959265797866473,0.1858960964348667,0.16931074510085545,6.952507,6.201294
91,14,4,False,L5/6,3140.0,0.010184579831821918,0.005210512215086265,0.00905906172873708,0.06943139609816475,0.10050289328875371,0.25259687733391195,0.22521182379170643,0.08349257077141493,9.694948,3.8396175
91,15,4,False,L5/6,3200.0,0.002139938130309547,0.01016903422813052,0.004019504322955805,0.11289592715119497,0.0845671460696361,0.16667372173719117,0.07444247032425838,0.14550252831974758,11.288659,6.1064014
92,1,15,False,L5/6,3016.0,0.004287436639076606,0.01031094861854329,0.010563914799530826,0.06384277559803957,0.009586827409863694,0.18088976753760955,0.012991275356933712,0.0812340735835094,9.256858,8.59833
92,2,15,False,L5/6,4900.0,0.019928253003279123,0.0038234223196325795,0.00378955177970066,0.05492761599978819,0.07024679269179515,0.19900197211641668,0.11903191517622073,0.15229677132702546,10.108405,6.596819
92,3,15,False,L5/6,5663.0,0.008640062943726875,0.003177912154187619,0.0045730451219326545,0.135344430155147,0.011055698957911982,0.2065466095652848,0.04174337885752648,0.09945709229425996,11.253245,7.832221
92,4,15,False,L5/6,3500.0,0.059307437152100094,0.026296882864942805,0.005594111234780951,0.0,0.0044545933652497685,0.0,0.09635162847531228,0.13130143834611532,0.50536627,10.946287
92,5,15,False,L5/6,3218.0,0.003113129838368323,0.013807614021189367,0.0057504185699429645,0.05289383341927624,0.018924757393126556,0.21335632270908847,0.0791381722566765,0.23326413221819176,7.7307773,7.9455466
92,6,15,False,L5/6,3398.0,0.01232906516302156,0.00589222562784122,0.00303450406744414,0.054333574369503757,0.06297912456114943,0.15413193096694455,0.1837422421843951,0.09535906122432955,10.033439,2.4929159
92,7,15,False,L5/6,4861.0,0.004831493211953759,0.005838657906413867,0.012179955900211089,0.1330806755561248,0.13192348134331885,0.15182896336375212,0.1348482302232465,0.10985436007875418,10.457399,4.07424
92,8,15,False,L5/6,2835.0,0.0028149116356806113,0.011416987371048192,0.0039351478895581285,0.06700485716516288,0.006201726649620691,0.13398313295637432,0.012468239696414977,0.08477597236363552,10.264474,8.27445
92,9,15,False,L5/6,6829.0,0.009688214241698728,0.005351213963179586,0.005727902216177868,0.07732296144902324,0.10169751708313185,0.2046662135965181,0.2571389210602805,0.12471668401499089,9.696445,3.1148684
92,10,15,False,L5/6,2734.0,0.04349094608234713,0.021763637933309685,0.013735460873550513,0.012898802022207691,0.0,0.1692294124700775,0.004141037346460446,0.08987459724136908,0.8017445,10.737668
92,11,15,False,L5/6,2977.0,0.033951412129086304,0.022424221508953762,0.0020686261793555183,0.001360325318448018,0.0,0.0,9.942744843738761e-09,0.17334052174082837,0.65483016,10.448489
92,12,15,False,L5/6,3551.0,0.015661986769024316,0.009528894246500061,0.007675414806810713,0.04638134847335263,7.326281568675953e-05,0.33537382907523855,0.05139712010813075,0.13882890130196093,8.708529,8.816171
92,13,15,False,L5/6,3384.0,0.07026998488770832,0.023250019330149342,0.0064734260271697985,0.0,0.0,9.796772408674004e-11,4.3146522508139094e-10,0.1928909419624358,0.052516617,10.051374
92,14,15,False,L5/6,2976.0,0.0054518475585310835,0.009805607138280551,0.005092680938469588,0.045650518536612526,0.0031950032449395453,0.3248519213251216,0.003390572423766697,0.06368811520255278,8.8040495,9.559814
92,15,15,True,L5/6,2342.0,0.015483883202306748,0.00021692381427366938,0.0006279343239565479,0.0674404683109316,0.13054556455400432,0.08713172111124566,0.13002117639354865,0.12860929223113401,8.896192,2.2556248
93,1,6,False,L4,268.0,0.00976590643801093,0.001588948334449521,0.003599791433013696,0.04045365059194178,0.06735908051483994,0.17762190641405415,0.19010154857598527,0.20949830212791445,7.654057,4.477133
93,2,6,False,L4,262.0,0.00010000532313622884,0.00010000194393948384,0.02503101902103235,0.08678871920679218,0.14964751626265094,0.047233694983066996,0.054875723022663254,0.18039923200362856,13.335844,8.933066
93,3,6,False,L4,4694.0,0.012162323448072308,0.004996444345287041,0.004594078762215178,0.06495062792593095,0.09257277190379742,0.2992254632762976,0.16052077598382136,0.12626537089518597,9.779425,3.2120786
93,4,6,False,L4,269.0,0.018795803193552073,0.0018139949278629843,0.007063476996910414,0.010681936913041175,0.060709954322125274,0.10567724334548308,0.1513857771100834,0.050992877414610505,6.576705,5.5665636
93,5,6,False,L4,270.0,0.0001,0.0022168990297183706,0.020958859207988494,0.09988631308078766,0.03713809314068316,0.046806152909994125,0.2076280106852937,0.20923361235370627,13.163816,8.772547
93,6,6,True,L4,251.0,0.01779165956916498,0.000985189157769416,0.007712208201714523,0.09258927674991342,0.006178347777008345,0.15765339538319187,0.10228135988925464,0.11195323227586305,9.666089,8.5001545
93,7,6,False,L4,273.0,0.009510210665728564,0.00015183544649988837,0.015417654588650296,0.02732245200457123,0.05887288961115789,0.03701291520893116,0.07672198617039397,0.12974468480790013,5.989358,2.944373
93,8,6,False,L4,344.0,0.0022304745316185353,0.010439312888955896,0.011150817028926518,0.005868216203707147,0.034012414368667615,0.1639860077920693,0.19779629387468622,0.11178917976893937,6.9861875,6.146425
93,9,6,False,L4,301.0,0.00043888424475264925,0.0016659021227953055,0.005703216702814318,0.11992764522153133,0.12743145213943333,0.12373071262168284,0.08087702796981844,0.1822340043537635,11.412894,4.424139
93,10,6,False,L4,306.0,0.0010916666931882642,0.011190447025213197,0.010580458602860427,0.04866573909176792,0.014643641493245436,0.23763878172419722,0.1429158533982564,0.04768514969681874,9.303777,8.70313
93,11,6,False,L4,727.0,0.0006415562246946093,0.013340317549844835,0.008003222330953349,0.1412190758554369,0.12783033083794076,0.2391731498520877,0.08697799854827273,0.0884108192058757,11.16973,4.1393957
93,12,6,False,L4,925.0,0.005740648200310871,0.004063586480019693,0.0018701537870298398,0.08117634706113747,0.12645439536213005,0.21466834776125757,0.23621972778373315,0.15664455665881213,9.414889,2.9938183
93,13,6,False,L4,275.0,0.007448224468130116,0.004303815866185549,0.011381479058390282,0.05427355176811962,0.033763687437713234,0.24818858906254032,0.20029473872173512,0.19767659039312832,8.280135,5.8652697
93,14,6,False,L4,268.0,0.0001343736726084927,0.006092898827921554,0.012026953927643509,0.0768203928915736,0.1088575858398941,0.06132595604211602,0.11732160263879646,0.21200134701091056,9.104555,4.5717144
93,15,6,False,L4,277.0,0.0438892772955231,0.029316265257418497,0.008555417453953202,0.0,0.005670617945121627,0.0036627967990576263,0.0,0.16297904804176652,-0.09420213,10.595779
94,1,6,False,NaN,399.0,0.0048153736845300684,0.007167517118630534,0.008042771011764238,0.021648342948696726,0.03636203994416493,0.25411087368288127,0.1980395483318177,0.07613715798665945,7.2869854,6.3657894
94,2,6,False,NaN,271.0,0.0001256624593430216,0.014628060179038336,0.0023020861125865786,0.1086584400339611,0.03234832134566492,0.15393522654030276,0.10563235626255024,0.06746468953039217,11.500955,7.296481
94,3,6,False,NaN,294.0,0.10709561296766709,0.025867690745353836,0.00616306094319244,0.0,0.0,0.0,0.0,0.20362113561448975,-1.3092182,9.830236
94,4,6,False,NaN,833.0,0.01061386472210796,0.0022270207416973304,0.004282807150064091,0.12333857870022076,0.12144065587681199,0.06605933235715722,0.07227884891751425,0.17811878875522427,11.565913,4.3998337
94,5,6,False,NaN,275.0,0.002287579933438205,0.007089636187298622,0.010094014403863347,0.04705655403735099,0.0,0.1322758084601768,0.10242091071062523,0.14995789309011806,8.476144,6.727362
94,6,6,True,NaN,265.0,0.13613579171088183,0.0302429385507298,0.007233030067736593,0.0,0.0,0.0,0.0,0.10486651671597025,-2.2456763,9.924134
94,7,6,False,NaN,5339.0,0.0035602744944472344,0.009509060351200006,0.002226574698230853,0.07715234957689686,0.12447672996521282,0.09921977835236052,0.21728062852251934,0.20587297898465226,8.049561,3.153103
94,8,6,False,NaN,291.0,0.01730046041813905,0.00010448383189902289,0.0018310285622701106,0.13004912653502582,0.018932295150085984,0.19842132484268807,0.1484622498284157,0.024534233925467844,11.738498,7.7558775
94,9,6,False,NaN,1419.0,0.022479923485625886,0.0019423954266929832,0.004872557424856398,0.0036688987907048934,0.10002145418464195,0.04538828958246975,0.24566876659613487,0.06050797855576812,7.7475753,2.0306394
94,10,6,False,NaN,321.0,0.002807179885229758,0.003102980011113469,0.004899458839283134,0.14197039571562373,0.06432864612521114,0.19028077613504887,0.1291175820598784,0.04432748056970655,11.90449,6.741557
94,11,6,False,NaN,1487.0,0.0037935047062993875,0.006832731392155766,0.004066276922616922,0.09021936560292938,0.06283791464325848,0.21293636573833757,0.22098929631016687,0.226128825748896,8.086566,5.0265813
94,12,6,False,NaN,463.0,0.016651739435888456,0.003298891028225469,0.012324274242488813,0.0,0.036962051283133984,0.0027858257521121864,0.19213812031840855,0.18198881097406228,5.3446374,2.981398
94,13,6,False,NaN,282.0,0.003767845556093995,0.00010000124981839185,0.01537454260524829,0.0,0.010974882409318805,0.2356214448870596,0.2659850632261889,0.17458596181729932,7.7959943,5.8993707
94,14,6,False,NaN,273.0,0.13631415296293986,0.032520804225870836,0.009684138403546204,0.0,0.00018316542232062598,0.0,0.0,0.13095382709147754,-2.0622506,9.865131
94,15,6,False,NaN,420.0,0.023143743589700855,0.012052539858507657,0.010065802123675619,0.006155289869711927,0.005561977502540855,0.0,0.23248899886193447,0.251920704551948,4.7581973,3.1920476
95,1,13,False,L2/3,1150.0,0.00019785892417565528,0.014861950546632634,0.006119813071450213,0.06692100905030154,0.14244439996898559,0.1758431156375108,0.16756096093536507,0.12403768862127099,9.06225,2.7384214
95,2,13,False,L2/3,1222.0,0.007255189287258655,0.0034978534644908342,0.0025653277541078374,0.10229154981938866,0.001697469126303394,0.23083333435042408,0.09756359541825306,0.06134125035138804,11.062286,8.161894
95,3,13,False,L2/3,1046.0,0.012859938846167273,0.00327216199072713,0.0024744674719764464,0.018553503634110104,0.056452893048258915,0.024017572796520344,0.1149644007037011,0.1878355008970064,7.011887,3.1647303
95,4,13,False,L2/3,1067.0,0.010326464678265299,0.008612065269100728,0.008025519790446524,0.0007457989770430474,0.017188997897738877,3.8864301514678336e-05,0.11377357612049331,0.08893058701895791,4.3419194,3.3408177
95,5,13,False,L2/3,5097.0,0.014893185698458834,0.005963901769616278,0.0054934728327806015,0.07672957739477275,0.0010188889210197179,0.3371263140486404,0.24446556085216767,0.16363525215723113,8.430572,6.667753
95,6,13,False,L2/3,1482.0,0.024633124087128908,0.0010718911250820035,0.007559118683409977,0.026243872012905754,0.14135447830599485,0.16150485340026635,0.11574086220831076,0.0751480157898564,8.887816,3.1063454
95,7,13,False,L2/3,1391.0,0.015839841444895243,0.003706050696326871,0.007246935857495253,0.03620891828328114,0.0884431449083521,0.19833556411202238,0.2609065267798522,0.14939972555923303,8.009099,5.2520676
95,8,13,False,L2/3,3964.0,0.005056027782822743,0.007499679766042195,0.0074352479015442315,0.04755949838562849,0.11395332103546925,0.20560935620660806,0.12763433765726467,0.2521450560772581,8.60662,4.2991295
95,9,13,False,L2/3,3132.0,0.015472321358150217,0.002415095451033754,0.0037153465139133078,0.12590543116846012,0.11861471099980134,0.10057537803486374,0.15954627578137368,0.18681674872988627,11.429225,4.8422327
95,10,13,False,L2/3,1570.0,0.004770458421508279,0.008380908341662836,0.006031230716768267,0.0,0.07591930578083597,0.006742244711253377,0.08140107801060462,0.09712226156780682,6.4865146,2.7022064
95,11,13,False,L2/3,3264.0,0.004551110216451673,0.007281311286097438,0.006725075242799148,0.09375995069405402,0.03519610422255495,0.2679487196127537,0.1597245881992641,0.21979876146719646,9.42839,6.421318
95,12,13,False,L2/3,1094.0,0.00626636274710053,0.006269875096041283,0.007813194743433862,0.018574364571835027,0.04286413638565832,0.19438902194694058,0.13730073367554504,0.22421471088774936,7.0888305,4.725812
95,13,13,True,L2/3,791.0,0.022323523647869107,0.002681779747534743,0.005255815589024657,0.024752981644023186,0.011488357011727532,0.07804206090520567,0.1838249935505766,0.035495624711780985,6.571337,5.4418783
95,14,13,False,L2/3,4563.0,0.007063528977548537,0.005155066977391563,0.0036377544544781344,0.11930709077629092,0.08263965389207058,0.19043110344653671,0.060837722472797624,0.1781478719562673,10.985564,5.6725273
95,15,13,False,L2/3,1160.0,0.004941200107659034,0.005444362791758695,0.001795805021526886,0.0401357002420746,0.0,0.21652214558694094,0.04767934615316281,0.11407304517286126,10.435825,8.507452
96,1,5,False,L5/6,1243.0,0.048606767225737965,0.025715179587929186,0.009584498227536806,0.00027921104889760056,0.000756715117221124,0.0,0.0,0.04596351824926644,-0.040396325,11.601343
96,2,5,False,L5/6,1533.0,0.11540521387109116,0.028655466677145698,0.007723186048360321,0.008840246761250945,0.0031765832964877018,0.006104874761049233,0.0,0.16811523312769533,-1.8514075,9.90361
96,3,5,False,L5/6,1998.0,0.007792502467425914,0.004528626453020271,0.010930121305773224,0.10650671865898119,0.11180920791697711,0.19956525464177902,0.1797083090602094,0.13685100331817332,10.071552,4.1788173
96,4,5,False,L5/6,767.0,0.013726399841177619,0.005494939301790702,0.0092076075745903,0.046223441547802245,0.019223213628881356,0.14306803661111384,0.18123611692614788,0.11260721032944909,6.9926906,5.8620644
96,5,5,True,L5/6,663.0,0.015022071314540876,0.004073310194911246,0.007514956992029423,0.05860840750634719,0.030562352840521705,0.1418431599761374,0.14284437566871253,0.161045251761766,8.390889,6.643723
96,6,5,False,L5/6,3130.0,0.0058077964579761766,0.005936028382957952,0.008501141946512728,0.1200763318805661,0.12883320670525153,0.1751628073811166,0.16774195080509344,0.19945186186689426,10.9271965,4.973335
96,7,5,False,L5/6,1145.0,0.002431366175681608,0.011117657779467233,0.002741502041458497,0.04407183829952744,0.03183218706508081,0.21920189177363622,0.12383683701751677,0.1312101188176872,10.252736,8.309076
96,8,5,False,L5/6,2300.0,0.018618964765289073,0.002446101974674884,0.003158138884617914,0.09735081095892131,0.0646819551262597,0.0649999969696646,0.1575972762681322,0.20911238927179288,11.070356,6.0200405
96,9,5,False,L5/6,4331.0,0.012843714185695632,0.004465308241016202,0.005833788007830593,0.09434090846636546,0.09841403321088571,0.16402314605524287,0.15323186782861656,0.19628337989832165,10.882528,5.4035687
96,10,5,False,L5/6,1316.0,0.05389269189160767,0.02582789118991377,0.005994024394399798,0.0,0.0,0.0,0.0,0.2112922881590372,0.3110139,9.979732
96,11,5,False,L5/6,1345.0,0.10239846815156696,0.03718418371229827,0.009432058784704395,0.00032783063467980707,0.008593457752431536,0.0,0.0,0.11628723446971363,-2.2852266,9.911884
96,12,5,False,L5/6,3903.0,0.01603081388162122,0.0035296628352555646,0.00864624097351131,0.016084758630546786,0.1207571840980627,0.00414308182355522,0.19351452208033657,0.19380226839354378,6.405648,2.618824
96,13,5,False,L5/6,1373.0,0.036259139554153996,0.027147189423137066,0.0035448378898861573,0.0025519742236343873,0.001505075209924346,0.07163538007004405,0.0,0.22441148462688754,0.6365241,10.053835
96,14,5,False,L5/6,1132.0,0.01694286062310015,0.014293390276098434,0.011548814092388669,0.005006524259898988,0.011382165005939892,0.0,0.054326715646514596,0.0800402622564807,1.5200936,10.88281
96,15,5,False,L5/6,1265.0,0.007346291700117842,0.0074448830775258905,0.012838040992475212,0.027314645853124885,0.07052529722497326,0.06883749754885073,0.11797591419322337,0.1959776695766876,6.0273,3.075552
97,1,15,False,L5/6,6508.0,0.0055238153922478744,0.008743160053281773,0.008527544898094108,0.09311015797729069,0.0744243556585623,0.22263611482595927,0.0004098809897817324,0.13000365326767477,9.609285,8.180818
97,2,15,False,L5/6,3132.0,0.049219977987080527,0.023933907079124336,0.010007813035334556,0.02079500094818546,0.0,0.0,0.0,0.18800164432821637,-1.7759516e-05,10.712492
97,3,15,False,L5/6,3814.0,0.08212193336060089,0.027228817995817736,0.007709673952839404,0.012981093203355427,0.0,7.839742378007891e-10,0.0,0.1622701426351661,-0.4962356,10.705535
97,4,15,False,L5/6,2855.0,0.04157730872204576,0.02371982793757213,0.011150643742867247,0.020326028021353935,0.0,0.0,0.0,0.27635601792929626,-0.36378163,9.259997
97,5,15,False,L5/6,2940.0,0.04997297587552023,0.02541491354873841,0.0061433940384314,0.013792076971593958,0.0,0.0,0.0,0.14545429640464044,0.53632176,10.85043
97,6,15,False,L5/6,3271.0,0.04523130848753357,0.024790421217397263,0.010534458093435074,0.019753279188002005,0.018091343527033846,0.0,0.1206697956207747,0.329934219253786,-0.13543919,8.9228325
97,7,15,False,L5/6,5179.0,0.014238892093488262,0.00011626685342162314,0.0,0.17076310712063766,0.17600141192560534,0.035486092107397574,0.09720185672173706,0.21981690711767365,11.900288,4.2992744
97,8,15,False,L5/6,4629.0,0.012749038029422179,0.006819635658401075,0.0018765049797939558,0.04663412994615165,0.0711848246827021,0.15742725404928498,0.08487943831677155,0.20098254535994448,10.435851,6.1136
97,9,15,False,L5/6,2945.0,0.049153221503669256,0.026663110311282004,0.0037801778468230995,0.009517658947624328,0.0,0.0,0.04883538456503336,0.18757851547866566,0.5152467,10.110431
97,10,15,False,L5/6,2905.0,0.04246846169683706,0.024614909523879267,0.011610054180308485,0.021598228789926326,0.016295513206201408,0.0,0.11158182368418987,0.295101676377135,-0.14299761,8.934403
97,11,15,False,L5/6,3317.0,0.04912562530978333,0.023646615540459277,0.012346474643738732,0.02238730225498674,0.005981489103477179,0.052558177766412806,0.0,0.2508662396002496,-0.40315986,9.299399
97,12,15,False,L5/6,4550.0,0.00025006700074178633,0.00010871413359050788,0.0,0.17284226553404702,0.005379262380301952,0.1283386634123883,0.17207257449626923,0.06469475742718042,11.751294,7.732081
97,13,15,False,L5/6,7113.0,0.008667336721288865,0.006601565744726487,0.007967867191269127,0.09458282227869166,0.07631827556844063,0.28299624545686003,0.07736131586642125,0.09915935249750804,9.627681,8.115951
97,14,15,False,L5/6,4763.0,0.0001,0.003287598750154829,0.0,0.059870679603414384,0.09023981502695953,0.30153187400011855,0.029915577079649487,0.1469911216456241,10.664313,6.77345
97,15,15,True,L5/6,2611.0,0.04254230083040501,0.02444474140765271,0.012536591821765811,0.02421771962373348,0.006281457123538897,0.0,0.1578333613440737,0.12251121925576337,4.301947,2.9164922
98,1,1,True,L4,85.0,0.0001,0.011310944057411808,0.01090844471073071,0.07008497574337709,0.03936026334153694,0.19098242987462372,0.18145560217010698,0.1766988042902744,8.385997,6.126601
98,2,1,False,L4,395.0,0.0008073969582400291,0.013906021897942024,0.009468390733556306,0.12284514072748035,0.009909352956012085,0.07732801355843716,0.07326807117249894,0.13273893172438236,10.274515,7.672276
98,3,1,False,L4,407.0,0.0011380455294244026,0.012282658949106875,0.009074496894095544,0.09613971121842013,0.004693949733172321,0.24072867496001624,0.034180536692415796,0.2307315842283961,9.328101,7.149207
98,4,1,False,L4,184.0,0.0026289519594264944,0.0026855799661471462,0.011342414683084931,0.14336400779494757,0.12738981700744273,0.24747961484028103,0.17332104708563903,0.027699894632900814,10.403074,3.8564093
98,5,1,False,L4,143.0,0.0019732981844681405,0.0032076051559395756,0.005174154949503001,0.14384152891813393,0.10868452096638598,0.06265039793918542,0.10818616023039702,0.19319616213064997,11.590299,4.553664
98,6,1,False,L4,2236.0,0.0075252199181662545,0.0060065522218926215,0.008201437379714117,0.04585240826361385,0.09229247644022837,0.24840641024620005,0.2832776723891047,0.14664356659686786,8.021423,5.346191
98,7,1,False,L4,101.0,0.0008364175691073695,0.007325684765352717,0.009284695368350693,0.09846076507853319,0.13482412622499182,0.05943513387465554,0.06436456249202621,0.09105031030351389,10.528254,4.1045284
98,8,1,False,L4,304.0,0.008555141587009376,0.0015180774573331822,0.004935647787394384,0.04990428044960609,0.1385048318376268,0.20410025344750868,0.1667322159568298,0.09103265266057166,9.536709,2.721731
98,9,1,False,L4,87.0,0.007605626921458953,0.01913324408374904,0.002302171331268369,0.0,0.0045044600917008345,0.001964153735594736,0.1827611674677468,0.19258272545422925,4.3022957,3.4238148
98,10,1,False,L4,196.0,0.016496086554138926,0.001902567067419249,0.006545318519645534,0.1068374383745344,0.09165709285825764,0.10757104674288936,0.14893681353550997,0.22389744865105599,10.743813,5.774214
98,11,1,False,L4,3798.0,0.012786031894244872,0.005168106725553408,0.010217925354943464,0.08603405199495322,0.02152380715536466,0.2019093941733827,0.12161900219631218,0.23467276295219117,9.359155,6.954844
98,12,1,False,L4,764.0,0.010576206601545705,0.004211104726410149,0.00861252908763347,0.08488413459129562,0.0,0.26012678793991995,0.13843945790713738,0.22966736520288125,9.360312,6.7956853
98,13,1,False,L4,140.0,0.008378508416160578,0.0026802445613373,0.0031949306018330286,0.061324881125330064,0.01140269796336568,0.12623702101313122,0.06797962645255254,0.21500879350759722,7.9384623,7.385747
98,14,1,False,L4,92.0,0.021060427510575564,0.0017220329895211576,0.003027289134292019,0.0002795843899323084,0.008391328024937212,0.11268734378549047,0.15338096164094628,0.09276155030753082,6.62116,5.3718386
98,15,1,False,L4,326.0,0.019036927264133904,0.0013548351304256054,0.0035200392383175115,0.0653821930222924,0.11442348148783106,0.06564817492779684,0.19077337871445482,0.19552543749920342,8.337926,2.7560792
99,1,5,False,L4,1028.0,0.019029772210421,0.009901144996768012,0.012431989695534868,0.011923482542155918,0.0006018859869751584,0.3130344911915844,0.0,0.10536054344606645,8.504077,9.103833
99,2,5,False,L4,1096.0,0.00022620157132514533,0.008411860488211065,0.008234759806178922,0.11042289907698011,0.17531297753059602,0.21436700555443372,0.07800510363076114,0.07674861706955859,11.220372,4.067834
99,3,5,False,L4,973.0,0.0049892238179128235,0.00010052641477446882,0.0004203053487996753,0.07598516345024109,0.04988684943406749,0.1553802639245987,0.013302506040170633,0.14203270672901208,10.634016,6.8516273
99,4,5,False,L4,1651.0,0.014871518246031655,0.00411336514599723,0.012766236637003759,0.05341024023384968,0.07855152538249065,0.24001173010048704,0.293089647830083,0.08289790003303445,7.5868063,5.993134
99,5,5,True,L4,611.0,0.0319699731796287,0.0016446571149454797,0.0067856811542544235,0.06592684320719067,0.021254603281330123,0.0020548900312523572,0.2868569059764686,0.24158867986342986,4.873772,3.2983675
99,6,5,False,L4,2489.0,0.008123674130917078,0.0035902504576769013,0.0026944101061136387,0.12856917129278597,0.016496040061695645,0.12423931417004513,0.18052048461383477,0.2121883051986796,10.909692,6.656348
99,7,5,False,L4,1134.0,0.0010931874119008637,0.010280388689767569,0.010062267291899242,0.1221767843523707,0.0,0.11144744687410361,0.0,0.20044730727066756,9.898159,7.3877225
99,8,5,False,L4,1499.0,0.017541828412649674,0.0007554923883326534,0.009231183565406928,0.15705603165009277,0.055959333743467995,0.11907652559695797,0.06716211969787403,0.12542038093757632,11.622263,7.8881893
99,9,5,False,L4,2587.0,0.014791524373272646,0.0037480699389075473,0.012747651261923685,0.09666065127392576,0.00015863889237240967,0.246246961674449,0.12027188231062803,0.11400845780233325,9.156513,7.7499413
99,10,5,False,L4,1035.0,0.02237045943451027,0.011317779274964317,0.011006872078340033,0.0005981495197489902,0.013749490393194185,0.0,0.11539704725215919,0.2246806394806186,4.716866,3.775786
99,11,5,False,L4,3056.0,0.002711077652028266,0.007733144181001837,0.0025236228940230805,0.10238993862292112,0.1242768278460413,0.19906389079384362,0.09423597747849315,0.04352199336557647,10.908095,3.3648932
99,12,5,False,L4,1008.0,0.011570997066950469,0.0033772827087633593,0.006910181317683736,0.041406941016582925,0.09263532883713727,0.20202053524660105,0.22824536904360496,0.1333896556743086,8.924804,3.39204
99,13,5,False,L4,1083.0,0.01928400045627214,0.000924921432834338,0.010797051077813632,0.14529132692979776,0.061574376174842085,0.15510286294906825,0.1990192710478331,0.08694140762166747,11.720877,8.0337925
99,14,5,False,L4,1691.0,0.015553466234265225,0.004269297583507559,0.008009252857146362,0.06096352397022992,0.06711696568739979,0.24583336594740846,0.16971309904957313,0.09136340869849843,9.808541,3.5113482
99,15,5,False,L4,2126.0,0.01631537904016123,0.003936633914845531,0.00456900782349624,0.07824802742788577,0.02747460838902145,0.2580631252778478,0.11091623859228252,0.09710983640468632,10.72556,8.344591
100,1,2,False,L5/6,787.0,0.0005842848231177474,0.016683713350776338,0.0029604518088516747,0.013170042073541928,0.1259298678558427,0.21493287768159042,0.09717700794133739,0.034775644147510165,8.918521,2.0968409
100,2,2,True,L5/6,298.0,0.00010000020804713759,0.0018189591064143877,0.01411471355017471,0.05229723688148408,0.06820065994969816,0.09051501282296251,0.19640011718753791,0.312470590811931,6.298915,2.9243054
100,3,2,False,L5/6,1890.0,0.0025663490510424766,0.010182984983583884,0.004856531030250979,0.06794138489402284,0.09920836623394629,0.27542200623921054,0.1616468058838089,0.06964625313951472,9.925602,2.9792886
100,4,2,False,L5/6,516.0,0.014671553269786327,0.0020621019094757415,0.006574148333057505,0.0906962421981822,0.07967290855579715,0.18121241782155825,0.09945402115612438,0.10088268624318154,10.596581,4.119436
100,5,2,False,L5/6,314.0,0.005876057438965247,0.00010004405562223312,0.0021650030110322905,0.14788654173515667,0.03145976855139569,0.06375391681904252,0.18283476207625277,0.19876740833265805,11.179103,6.7220254
100,6,2,False,L5/6,303.0,0.0036417482524684665,0.006029239496935992,0.012732975103976436,0.04301315236135638,0.05770530805075004,0.13834380435038718,0.1969009601897834,0.19578082684321316,8.684468,4.911659
100,7,2,False,L5/6,479.0,0.020423232838158507,0.0007052834214428738,0.0032153375763996576,0.09984667205916249,0.1525604699347663,0.05576340707757609,0.19623152791186016,0.12779946571936096,10.842227,2.911828
100,8,2,False,L5/6,311.0,0.003582545500143837,0.005848517874150493,0.0018391177880537517,0.029766052480136352,0.045048540282988055,0.0603011134737843,0.11283662509256424,0.16418055463657835,6.984368,3.1557317
100,9,2,False,L5/6,14799.0,0.01734494837819148,0.004579072312101891,0.0019813127474564533,0.08652896286780576,0.09679916654433804,0.18746978972524644,0.10365107140739217,0.18706130659772735,10.949116,5.552386
100,10,2,False,L5/6,315.0,0.018155804735411542,0.014278969251832868,0.006805302132871374,0.009863169025907698,0.0065717791790146805,0.1660214187014536,0.17736572252940894,0.16466687457425067,6.769284,5.871798
100,11,2,False,L5/6,357.0,0.03220971624728246,0.014833978722426725,0.012504079851536424,0.0,0.0,0.03344218626314331,0.2411137256527702,0.2390011854141237,4.7112136,3.1139622
100,12,2,False,L5/6,429.0,0.0012603305795244517,0.015111314666279732,0.012054999569783327,0.0125944559892251,0.028850616515222242,0.0016104494940628986,0.19795526219750992,0.05424858677246119,5.429051,2.3542182
100,13,2,False,L5/6,1991.0,0.01714682542391495,0.002238872678628709,0.008615204462471503,0.13201244513981839,0.0025719239192776543,0.10853942079477152,0.23041031371914866,0.14443992256746266,11.48273,7.725901
100,14,2,False,L5/6,316.0,0.010503662105518407,0.012675760095323433,0.018074604919546735,0.014939144862282452,0.0,0.10902571799512781,0.0,0.17590959571834394,4.876587,4.0452323
100,15,2,False,L5/6,1469.0,0.01664134173062006,0.002208635846224541,0.00701980073727182,0.09051484160764281,0.12722045048128006,0.13387987682252914,0.06405899281279605,0.19216285183632362,10.913956,4.6840134
101,1,9,False,L5/6,2865.0,0.004147468337426457,0.008413328672241965,0.012592336922292028,0.09318283552654644,0.10637094703161275,0.17545125697212574,0.23787007311797967,0.17184756608496593,9.214659,5.0442324
101,2,9,False,L5/6,1325.0,0.056486931617039,0.023008532313445997,0.008855978900405482,0.006827334838354322,0.0,0.0,0.0,0.14347047846758754,0.11020035,10.847588
101,3,9,False,L5/6,1380.0,0.007758355519488293,0.011462188550709396,0.010811541842112218,0.013618793789056446,0.043690225061499104,0.053414817084764726,0.20435379015281252,0.13690859018746654,4.8879666,2.7144897
101,4,9,False,L5/6,3318.0,0.004742001680448914,0.005774025011854274,0.011053426647654267,0.12505944601939015,0.12186708636421524,0.28116979237081147,0.020207399940545566,0.04597571423247235,9.514427,8.124198
101,5,9,False,L5/6,1805.0,0.004585607919574744,0.009457728264686278,0.012432176163227695,0.06841841123187228,0.06342942776861012,0.20295527322279527,0.23113280169641628,0.21087992010513668,8.396137,5.6442766
101,6,9,False,L5/6,2385.0,0.001901485061982884,0.013477543862961232,0.003496095408132521,0.02948067696066123,0.09704803076528087,0.1671665924596955,0.11886956359828481,0.17008076947374343,8.165649,3.9830558
101,7,9,False,L5/6,3642.0,0.0013653388119109096,0.0106754180090611,0.005431892293682769,0.13705137420787197,0.07953599737069969,0.1673414907802773,0.14564889826877014,0.13673397773683257,11.579004,5.926042
101,8,9,False,L5/6,2159.0,0.004749645149054493,0.004466972185728762,0.004811538255884029,0.12225613579367069,0.13196407082241454,0.20846959703358742,0.15500426429491135,0.10252188516123044,10.809084,3.6253667
101,9,9,True,L5/6,1085.0,0.014693354446299071,0.006044521762745086,0.012271574203750663,0.028690870232082038,0.049794870801612295,0.33498128101376135,0.07738434855567314,0.05252944049526452,8.963241,8.940329
101,10,9,False,L5/6,3031.0,0.001680720512185396,0.01275278955227965,0.0030444444052608864,0.05692733181314432,0.1155853962792571,0.13516281407484645,0.2249155775065556,0.09987954659062616,9.251585,2.6842935
101,11,9,False,L5/6,2415.0,0.0072236852620918305,0.006817066275031164,0.009038016499962274,0.07290080931353146,0.0716458279734267,0.2530768067965042,0.014766875120808468,0.12178905142078486,9.457406,8.276351
101,12,9,False,L5/6,2337.0,0.006937151312842668,0.006018220195767553,0.005635788958936227,0.0851113025298736,0.05435505171154495,0.1657505218510945,0.005813765305612549,0.11545967163288537,10.017469,8.151749
101,13,9,False,L5/6,2068.0,0.0023500480816171843,0.009800857119277629,0.0011756011883039999,0.0388421108844446,0.11766991087184786,0.19116838590785182,0.11304406297722051,0.08486606714794523,9.168208,2.364806
101,14,9,False,L5/6,1304.0,0.008110327677377478,0.007520722966457533,0.003473468715609328,0.02730423898236846,0.03665044839108021,0.2687254222133883,0.00302073787032634,0.18104241912355956,7.9886117,8.894501
101,15,9,False,L5/6,10344.0,0.020419753190047248,0.0031170495615542838,0.0034858645482022913,0.028812183407975013,0.11616320733979468,0.20591887752926777,0.11044835380181993,0.11869898667669902,9.193943,2.44792
102,1,9,False,L5/6,8654.0,0.008543470687398165,0.008114788783154988,0.011551732128397453,0.05497233347235735,0.08844155625494687,0.3583306845742103,0.011552902400423356,0.08196343278702552,8.934077,8.894604
102,2,9,False,L5/6,8956.0,0.05122515510534392,0.0237389939001245,0.0058940165426062605,0.00778808975205932,0.021278487153945525,0.0,0.0886018572625086,0.1486700057319427,0.5081472,10.8751745
102,3,9,False,L5/6,5546.0,0.03991857067013062,0.008475968926621606,0.01254212405300095,0.0,0.02920355043736569,0.0,0.0,0.08726072522534503,1.6377091,10.714304
102,4,9,False,L5/6,6892.0,0.014555569601636452,0.006074471473698583,0.006313974392315124,0.06768916833584117,0.07337283377174142,0.191231326861774,0.05299887699405989,0.25812725844170575,9.8924055,6.035218
102,5,9,False,L5/6,9980.0,0.03828703224044187,0.021220514705239373,0.012013402286429602,0.008260945542034954,0.024464944927835772,0.22380318813930297,0.0603682301041816,0.20777602771316558,0.5590348,10.277046
102,6,9,False,L5/6,12610.0,0.0012553547414508473,0.012918321053675815,0.0031415246080978942,0.13401748525624027,0.09511145010258688,0.18839748857080604,0.18288047648086747,0.08880971242082783,12.00746,5.256783
102,7,9,False,L5/6,7337.0,0.005907140216610013,0.012681317997434995,0.01057436543356823,0.023083076170489335,0.050850275787978946,0.3470091745124676,0.00015460373712913538,0.09550697841019354,8.766185,9.044222
102,8,9,False,L5/6,6563.0,0.019189318090873552,0.01752925061700034,0.003614370914329604,0.00137974747094774,0.022177146132028314,0.048199939698891484,0.2758259015106412,0.15502444380547964,4.348685,3.0723648
102,9,9,True,L5/6,5186.0,0.018467679097800827,0.004936814505820597,0.010776248133701977,0.03999626246819492,0.08527644169746716,0.25292605121656114,0.24421513763773983,0.14509837147040555,7.7626495,5.8358335
102,10,9,False,L5/6,7525.0,0.07467646054672711,0.001731536389199039,0.004426423723838129,0.0029480299978122187,0.04926372699918522,0.004199089483951213,5.246023620088365e-05,0.11597247461054605,1.9185704,10.172335
102,11,9,False,L5/6,7989.0,0.08363872080642562,0.0018495807844209522,0.0,0.008002953828357638,0.0516399417127365,0.32498811757323964,0.0,0.08757705082750786,7.8561783,9.502261
102,12,9,False,L5/6,6968.0,0.08609652549226318,0.002583023120070805,0.007853683677921264,0.0,0.04690147817966457,0.0,0.0,0.04039882957363375,1.7474815,10.419072
102,13,9,False,L5/6,9093.0,0.005245326032986119,0.0057987381972703905,0.004295502632706154,0.09118755729011772,0.13468445744548907,0.27330074230424073,0.06662371011885626,0.22184642348783362,10.752468,5.217659
102,14,9,False,L5/6,6380.0,0.05512799521044492,0.0023734456671596986,0.005160235460079552,0.0,0.05705401984742262,0.1328594635973848,0.028907471343371474,0.0,1.6572406,10.623899
102,15,9,False,L5/6,11231.0,0.07476374226879905,0.025744684011970328,0.008467829154312422,0.000314720216480679,0.0,0.0,0.0,0.20954162240748062,-0.304191,9.704328
103,1,15,False,L4,877.0,0.0022236734341768353,0.010950421950073256,0.011981892425032323,0.03713834250668473,0.05424298049374196,0.20232727469306996,0.015897152709926393,0.1295423487454262,9.165986,8.513414
103,2,15,False,L4,923.0,0.0012404715612369284,0.00859277713310588,0.004845726600180895,0.12872038502413155,0.04931599317392863,0.11108874187863246,0.1540785171904444,0.09573087144113879,11.739948,6.664932
103,3,15,False,L4,1351.0,0.004124479724472439,0.006649186909765918,0.010948096896365177,0.12153247127811062,0.11245183824290253,0.19198492184072308,0.22928312548119129,0.2207368280291879,9.244442,5.0622454
103,4,15,False,L4,926.0,0.0003602410275973562,0.013601591726599816,0.004999091168984361,0.08313069529874623,0.08552498773236775,0.20223096927540332,0.002561962375764067,0.11030251168806601,9.905076,8.203731
103,5,15,False,L4,899.0,0.005426341399906907,0.005957686073350407,0.00808431007641967,0.07090818228554449,0.06282214297392064,0.2123114044520223,0.011082386158265983,0.1627690073657771,9.263423,7.989588
103,6,15,False,L4,13438.0,0.015577887174312497,0.004066019875518687,0.0031749493765922546,0.11599844620215778,5.195470789345364e-05,0.1827901839889251,0.10898088802851433,0.18541808034561977,10.831017,7.579411
103,7,15,False,L4,1229.0,0.0007900948050942804,0.015983171885319614,0.00885766847305585,0.10234369112840774,0.033959495240596334,0.15033431389026666,0.038800367099707606,0.060638189814987635,10.309713,7.8377843
103,8,15,False,L4,821.0,0.017504414062500504,0.005877791423947144,0.0029188002400455182,0.009964524953851769,0.020801665097500782,0.10077436599917837,0.25009850774881026,0.05970659899301073,6.570828,5.2938695
103,9,15,False,L4,1253.0,0.0008861061433450896,0.012472398285551602,0.008845746030590814,0.14074958040730287,0.026563655387817343,0.08922728285990447,0.013868086109735158,0.13732098698052417,10.149172,7.55609
103,10,15,False,L4,849.0,0.009862014547058786,0.011129454227060933,0.007038519619888741,0.017464856749476836,0.00730942256823611,0.5460894826495699,0.0,0.16016009917328666,8.578245,9.306278
103,11,15,False,L4,3744.0,0.006495881906393046,0.007220364832641666,0.012324580814401862,0.1035567431251652,6.41299786070086e-05,0.17656682711042318,0.08590099668994138,0.28276385217626177,9.474752,7.104957
103,12,15,False,L4,958.0,0.0001,0.003570562782961618,0.004297296480254259,0.07668734207288623,0.056393695982442094,0.21269390336356303,0.1272140235977935,0.12399139402004812,10.203225,6.672409
103,13,15,False,L4,1012.0,0.00010596620665090065,0.012516207352714177,0.0062590577321002885,0.1511835403425451,0.054744825732034055,0.10704148607133779,0.09325908265143677,0.12527526402611472,11.568367,6.490415
103,14,15,False,L4,911.0,0.05084259989327031,0.025783373342854205,0.006358230995445993,0.004624512598522912,0.0029321681412076694,0.15652786875416883,0.0,0.10340583736021478,0.60246503,10.67397
103,15,15,True,L4,805.0,0.06768949173130866,0.025063144745536805,0.009804509785029359,0.003509162769242378,0.004693197654235097,0.0,0.01483892509404984,0.16208005160799813,-0.20477898,10.717566
104,1,1,True,L5/6,1610.0,0.042511420962891504,0.024033140468688482,0.003356063802021012,0.004949432794146872,0.0,0.0,0.0021061090909637406,0.2535987282157683,0.45737812,9.741818
104,2,1,False,L5/6,1849.0,0.028714971290358784,0.020439365672920734,0.009682920285793786,0.01707624514935636,0.005955917816761891,0.05755479415974841,0.0,0.24621780437049787,-0.14859408,9.477887
104,3,1,False,L5/6,2029.0,0.04343813497412675,0.02250415940200901,0.012779079411596006,0.01126525634801644,0.005987680236448151,0.13498755927250125,0.021136483118148995,0.1319515512795049,0.49558294,10.6674385
104,4,1,False,L5/6,1821.0,0.057779588049117266,0.02386148381746477,0.008124148308803225,0.008979625219539157,0.0,0.0,0.0,0.303338424523132,-0.093981385,9.021756
104,5,1,False,L5/6,1915.0,0.021818094062503006,0.01514050393994551,0.005668767873792911,0.01147812934406721,0.016038170673400427,0.05948122408082644,0.1743031697580904,0.15636471756727957,4.2915654,3.4359112
104,6,1,False,L5/6,2119.0,0.0062435065201252036,0.00837164557233673,0.006657822463950667,0.04135000542512076,0.050805370134166236,0.35251114555677093,0.0,0.11787433847909588,8.838622,9.239607
104,7,1,False,L5/6,2099.0,0.0015259383385939247,0.011971644869042435,0.0,0.06947281296270577,0.05887516231848954,0.1805488910085105,0.009308642056782905,0.17310694038205957,10.592439,6.428649
104,8,1,False,L5/6,1929.0,0.05008074832803947,0.023538221986999765,0.012331144091937694,0.010909451738223157,0.006280695387660891,0.0,0.03471415590192313,0.10336146139272823,0.013797255,11.349844
104,9,1,False,L5/6,6271.0,0.015739456139523045,0.006217594980231889,0.007227765232887601,0.0716037529175855,0.0011865289363426068,0.3268479805751777,0.06452737482031787,0.13626550226750636,8.796435,8.669514
104,10,1,False,L5/6,4252.0,0.004948774601624678,0.007860591876442039,0.0029582318077096166,0.04185919572287422,0.10345174005713316,0.21608367690757205,0.1160122489066462,0.19560240364737122,8.129104,3.935582
104,11,1,False,L5/6,1866.0,0.015457198174404463,0.005233698828432201,0.011413860818986158,0.03812011431686358,0.07685774568227921,0.16611121239929424,0.20231920665898923,0.22311138974595726,8.665582,4.906088
104,12,1,False,L5/6,4030.0,0.013521756259982825,0.008633648933212437,0.007904692391977894,0.0,0.05657225526485309,8.647036514811513e-05,0.1710475082009233,0.13602097491915577,5.7268853,2.7213247
104,13,1,False,L5/6,9302.0,0.018308561810412603,0.001961930217822576,0.002145347266113937,0.00022579820741321004,0.14549677811841336,0.18087449814360623,0.1973857360206965,0.20748389430181383,8.283875,3.3374279
104,14,1,False,L5/6,2937.0,0.036894656368237126,0.023463600416771258,0.007184603215131607,0.006023796281102024,0.0088652425353871,0.15450169439512704,0.0,0.24142575041365527,0.57487404,9.945737
104,15,1,False,L5/6,2935.0,0.0010427584930059162,0.01216294910093513,0.0028056525201761956,0.1265672684143975,0.045500025523117466,0.07445708257547685,0.18163941719204024,0.07405942736044918,11.679679,6.633801
105,1,15,False,NaN,134.0,0.10445033280915157,0.029765441376182176,0.022499771685366175,0.0,0.0,0.0,0.0,0.051178414994915135,-1.3410317,9.689506
105,2,15,False,NaN,2227.0,0.012958216377158806,0.004190072771689204,0.007399900656183362,0.08343208761742477,0.05292489673014769,0.374751989692152,0.25610148084305034,0.08539633626415011,7.6906085,6.3077283
105,3,15,False,NaN,1150.0,0.0025324698475100585,0.007169997975758621,0.008197111268477148,0.12866397653602923,0.11344765847047827,0.1227099083282817,0.12602253829975274,0.12897293446564392,10.882756,4.132014
105,4,15,False,NaN,139.0,0.01386324712990224,0.0012435029593867877,0.005063585074942575,0.0988382694174935,0.049824529121717,0.15913127406614164,0.11737823668053489,0.10068486881759953,11.59258,6.8494763
105,5,15,False,NaN,128.0,0.00015559365161030636,0.011022131817551217,0.0024425609341251196,0.06630817294711112,0.0631817047583141,0.06956270250248649,0.06004146154735314,0.16770865112316405,10.638685,6.3252516
105,6,15,False,NaN,1816.0,0.014087497322237874,0.005053815133647945,0.0037486830541444034,0.03931403902170266,0.05675834283194331,0.23337625741495227,0.14038590867044676,0.20338843669112255,7.8329597,4.408261
105,7,15,False,NaN,282.0,0.015827366802860898,0.0005538677610615946,0.006109223991492462,0.14732320601948568,0.16667554467634194,0.1542929540581222,0.061170159466929,0.03583948086702364,11.385365,3.753592
105,8,15,False,NaN,660.0,0.0039047321011409274,0.004932291848528372,0.004503376151131385,0.11181987707257689,0.09615210791483843,0.12766710880122853,0.12414469420570023,0.06465551529244944,11.149199,3.4080024
105,9,15,False,NaN,247.0,0.01127071136796095,0.00162535811869995,0.009749795614144208,0.0,0.11307466762110857,0.18199566130167527,0.043627839082859846,0.21321654799845302,8.480408,3.887701
105,10,15,False,NaN,136.0,0.024035105100150767,0.02140940924776552,0.003257660733698323,7.052569010968857e-05,4.49803270935131e-08,0.01495600225095951,0.05438081748855429,0.04175763792352066,0.78286785,11.313436
105,11,15,False,NaN,155.0,0.003754155503699004,0.004532030193351678,0.008209889406882482,0.044312360116283436,0.0636690894603948,0.1707171809293251,0.1448178876706827,0.17690285416454604,8.789558,5.9687076
105,12,15,False,NaN,236.0,0.012658258443082673,0.002512355873330172,0.006730153492169355,0.11100088936525013,0.06239868942438611,0.10595104767513745,0.24091092228129776,0.14026755140425462,11.436632,6.37166
105,13,15,False,NaN,174.0,0.015582251826239872,0.0015648241096468552,0.011278475009508189,0.0863956901865652,0.05994963725721551,0.21762031450091496,0.05856151204514254,0.1465625467535451,9.249441,7.8058214
105,14,15,False,NaN,119.0,0.0001,0.006938957721633747,0.029548302207016396,0.017704236728129968,0.0011214894391670545,0.16362541890645932,0.1463573709845339,0.0,13.385841,8.932282
105,15,15,True,NaN,104.0,0.0001,0.014202739879470473,0.003938300938076964,0.15697602726919485,0.1340110101210249,0.06573559830189706,0.16461308030446828,0.14028383929173477,11.78318,5.0656595
106,1,15,False,NaN,8480.0,0.003397453650105506,0.009511610643138243,0.005331006734969892,0.08950765909259445,0.13233250433486143,0.18989391904138495,0.002874197268587292,0.09908069873393646,11.179861,4.2250967
106,2,15,False,NaN,4739.0,0.047162563049193224,0.02089144262979878,0.009487130650696255,0.008996670426301239,0.0076023871936256706,0.0032892506297653307,0.0008082872762226018,0.14955075456583813,0.11134065,10.867559
106,3,15,False,NaN,8168.0,0.05751013110672761,0.023556299108325542,0.007413290084731466,0.0,0.0,0.0,0.0,0.3253372362658588,-0.073752314,8.976079
106,4,15,False,NaN,4520.0,0.05436486930762356,0.022133690173952808,0.010713109319473233,0.016667493929526128,0.017445800901721268,0.004541703084651856,0.014756325575360735,0.13083572946428595,0.05856747,10.890037
106,5,15,False,NaN,13814.0,0.018740109033285227,0.0040037461255841966,0.0046763332973283715,0.09482796221261851,0.07450416560184311,0.21323299763972622,0.22089126315242086,0.1698215312956583,8.096044,5.0409293
106,6,15,False,NaN,9365.0,0.0018758076034263616,0.015636620700822928,0.011408367826022319,0.09644911525877665,0.12118924072898855,0.34331475553300944,0.000612577499212745,0.09328579434074641,9.172861,8.4835205
106,7,15,False,NaN,4691.0,0.06316484516521674,0.022682646633755715,0.008386084243814684,0.01454197900926425,0.0021760037136389467,0.0,0.0,0.25177920120288494,-0.1950574,9.426185
106,8,15,False,NaN,3964.0,0.006605496774619189,0.015190466470424048,0.012931793755711303,0.04266931698678059,0.057073687072325976,0.3488748284024899,0.0,0.15962621170854152,8.786693,8.8779955
106,9,15,False,NaN,7342.0,0.00013463190326248878,0.01540441657130313,0.0021694068830950667,0.03551946865673628,0.17362691907796146,0.0953127380548384,0.10772390669082056,0.03305008144215527,8.827585,1.9380156
106,10,15,False,NaN,10626.0,0.0018828112996137202,0.01250583140646497,0.00450347364785941,0.12645879468761503,0.08177689147120011,0.11090971381286881,0.08442278945729681,0.10299607021257019,11.641218,6.235906
106,11,15,False,NaN,6714.0,0.004438370046327678,0.011371929306886406,0.009770862071959933,0.03670142159686069,0.10600057517349147,0.19121105821718068,0.18046007494269045,0.19079621878049813,8.611283,4.048569
106,12,15,False,NaN,3871.0,0.03724452643622481,0.008669524045268592,0.005597703596250848,0.012639290412051363,0.01701859939378008,0.033422862037423604,0.004199236156371856,0.13137856515199398,1.6480817,10.579887
106,13,15,False,NaN,19525.0,0.011141655851670122,0.0047315551427380585,0.002889993123313961,0.10843181528898438,0.08068571330074399,0.187697457109664,0.07361729002187868,0.08901308032107282,11.731573,6.7500668
106,14,15,False,NaN,7020.0,0.007436239528829409,0.0077642895650471095,0.006271715342627135,0.05158497504396245,0.10303118205634572,0.49562547766565185,0.15593910406355857,0.21764018694342596,8.507664,5.7667027
106,15,15,True,NaN,2981.0,0.03311491080029011,0.017466985218974454,0.011259089590803607,0.011360285137897429,0.034307473017196104,0.0,0.20402492206273992,0.14311670882794353,4.534714,2.791491
107,1,9,False,NaN,8751.0,0.01086176582729205,0.00481818653077105,0.005575904048530705,0.11118070260826514,0.11763361963571288,0.31280272673220566,0.17633157064649352,0.10826130878275105,10.17622,3.3578298
107,2,9,False,NaN,887.0,0.12787353183960604,0.04,0.006859504243533023,0.0016738493438019227,0.0012083134722983323,0.0,0.0,0.12945433721033636,-2.2883773,9.848544
107,3,9,False,NaN,2208.0,0.015311286939079596,0.0025010276137856493,0.007539837038697056,0.05636215544844066,0.1297825564745621,0.06497154846405101,0.14158798840270254,0.17553346289309257,7.477379,2.7936447
107,4,9,False,NaN,964.0,0.0006036353769473177,0.014369494043896912,0.007585468959668404,0.13778614974879602,0.07315140144141664,0.16281330624296536,0.10849633443337307,0.06387815202666854,11.402404,7.4410334
107,5,9,False,NaN,1010.0,0.00715944041329309,0.007815840746863967,0.01095983727792691,0.002322520488085567,0.060191824645231755,0.0028816727252066743,0.16401628709583826,0.07436429194541928,5.6462736,2.29664
107,6,9,False,NaN,852.0,0.030107300643966075,0.027893219080219772,0.00434089308897511,8.871285207109174e-05,0.0002555412566560575,0.0,0.02247500883977868,0.07998855584795371,0.6970492,11.310976
107,7,9,False,NaN,781.0,0.007277826838098317,0.007326376381223418,0.010462201801589905,0.04992597261575799,0.02151087886058205,0.17754783953620243,0.14089034517369048,0.16629440582404537,8.398356,6.503982
107,8,9,False,NaN,975.0,0.007057561891430893,0.00488368744351292,0.011304053743859345,0.08572817650898074,0.11869261466116679,0.12894524875664828,0.21007642296687562,0.13844266648038547,9.389166,4.8631167
107,9,9,True,NaN,543.0,0.007084587975033424,0.006340951175010427,0.006757749872234487,0.048506843650778605,0.053286076392408885,0.2103187929166172,0.20310384406671914,0.14719907273591806,7.90555,5.1158376
107,10,9,False,NaN,2527.0,0.008244637961899148,0.004542628023200359,0.005129999255810942,0.00037248260306395055,0.13456078519965733,0.0059206400299473775,0.0947873399938966,0.19033842742846957,7.46734,2.7925327
107,11,9,False,NaN,612.0,0.007044494376190278,0.006567498598808158,0.005432171742461069,0.04864030787844693,0.04967916588026811,0.3577932984984514,0.31825997309605014,0.376336022675679,8.520259,5.372655
107,12,9,False,NaN,829.0,0.012120981075486119,0.004302193958108392,0.0021036266415527358,0.021125439570674778,0.07193164810848915,0.10267793391304257,0.1452227294030856,0.19450221552489075,6.906821,3.686367
107,13,9,False,NaN,878.0,0.010150929788562642,0.0001413225383912349,0.005711968329613517,0.14067243181612685,0.07411359492218693,0.04112230896558524,0.14009999818281849,0.14379282425630496,11.402949,6.4033475
107,14,9,False,NaN,859.0,0.0573252318093885,0.025124989190053716,0.013107899347947633,0.0,0.0,0.0,0.0,0.26243971421862716,-0.5318528,9.301003
107,15,9,False,NaN,1337.0,0.011987878886043263,0.004088037964603134,0.004854699970646558,0.018569621045766673,0.08864687882438381,0.004975951841305792,0.21415839846501364,0.22314336414061015,7.2233777,3.4128785
108,1,7,False,L5/6,4994.0,0.012362809718505738,0.004149218191082914,0.012264774189255109,0.1077355587048477,0.11247443365059513,0.19864732940211446,0.13446245608538965,0.20599751539593344,9.657348,5.0944715
108,2,7,False,L5/6,2362.0,0.05057441457014621,0.02675831407154894,0.009402452332494935,0.00088484286501311,0.005145408915979279,2.546940620252899e-05,0.01772827476970658,0.13652530425584788,0.015941454,10.790744
108,3,7,False,L5/6,2510.0,0.04440604597510887,0.011009109242734464,0.006256253256005662,6.273849109267623e-06,0.0,0.0,0.0,0.28657271659693484,1.4906298,9.587449
108,4,7,False,L5/6,1977.0,0.012124642540687817,0.010693402894945461,0.011124717326293122,0.004242713903306204,0.033925538209916076,0.001988546483508938,0.28199261765013395,0.12742413347040532,4.8964944,2.5735052
108,5,7,False,L5/6,1996.0,0.010432255333405948,0.008102784268375136,0.002054647692447284,0.03271519567001222,0.02316348196699893,0.2626589915220891,0.18197273228876518,0.21647507028856786,7.5049996,5.026276
108,6,7,False,L5/6,2668.0,0.06832013675944337,0.02653668347819706,0.005544280270993044,0.009174678722442244,0.0027473891778634837,0.0,0.0,0.20748326014054433,0.1431375,9.982343
108,7,7,True,L5/6,1726.0,0.010240116857341377,0.00024660339322914887,0.0,0.1266237305439376,0.13854378397113168,0.15640938977603025,0.03247159694676701,0.23777210013656216,11.990113,4.4754486
108,8,7,False,L5/6,1778.0,0.013166507386593519,0.013126041110518826,0.010585917518782663,0.00574516467069697,0.022495833214501996,0.0,0.29238751359020476,0.13817293462655827,4.76021,2.6269019
108,9,7,False,L5/6,4177.0,0.01342163037623156,0.004611009410449156,0.011821734870433994,0.07364418335702966,0.1030696933671947,0.23065920455420344,0.11691182016111946,0.18951745536974604,9.620472,5.1622133
108,10,7,False,L5/6,2321.0,0.06342634516182293,0.014904328675117208,0.010866077155636254,0.0,0.01852100847894736,0.0,0.01214765947590181,0.15773481656647506,1.9645786,10.00574
108,11,7,False,L5/6,2369.0,0.017685732963124014,0.0044465362700328295,0.0033971712183718233,0.059731863927686916,0.028402891839081672,0.1365106646665119,0.18025539182736666,0.1993566509118636,8.019366,6.940341
108,12,7,False,L5/6,3935.0,0.010746371226357852,0.002294236441584974,0.007268947289982472,0.12008555861779548,0.14210655041548492,0.16331310900392554,0.17315731430602707,0.05159437327933398,10.729054,3.4044466
108,13,7,False,L5/6,4945.0,0.004029638807302667,0.009613424826704091,0.010024579534076736,0.0007262259915909852,0.1263227126683497,0.00500837470295409,0.20393665392499608,0.11245210911409452,6.0758634,2.0901198
108,14,7,False,L5/6,1957.0,0.04605658392320914,0.017843014689994243,0.0060611550279529545,0.0,0.0032824317737660527,0.0,0.0,0.23116982471177405,0.90766174,9.678037
108,15,7,False,L5/6,2809.0,0.0001932418989194828,0.015382012344818027,0.009762646125713667,0.1392390204707984,0.13179969381391166,0.2107453383288885,0.04787187285925197,0.1286899175661461,10.915973,5.1008177
109,1,3,False,L4,1206.0,0.01473068960530428,0.0033316908897630055,0.008178824796032751,0.08639948515751915,0.023759162342585537,0.1416584161099396,0.1558174942296918,0.10256909712386694,11.284748,8.459244
109,2,3,False,L4,802.0,0.004270346245794503,0.009663299567615306,0.004675563718688356,0.004724309962301681,0.0588567488176682,0.00395391185988711,0.0564237300397692,0.1555798668978798,6.919772,2.9711275
109,3,3,True,L4,650.0,0.0183570924859011,0.0023530966716412117,0.0017490627166894745,0.050199889021661295,0.05728405500416577,0.1704282086702825,0.1522355758267985,0.033992076085146546,10.033305,2.4663885
109,4,3,False,L4,2103.0,0.0198927074240099,0.002853299062170459,0.004014891035867765,0.08262220436556574,0.004548523954897711,0.16244430140226546,0.003955287027690169,0.09148328849727015,10.385177,8.566247
109,5,3,False,L4,710.0,0.001641451540976489,0.00010001456915765867,0.0007320149083749955,0.13352832425214814,0.1270789085329759,0.07469583823801652,0.24104103350739559,0.10520810318110817,10.97543,3.038471
109,6,3,False,L4,1045.0,0.012941312111176832,0.004498919405742596,0.007993164608010419,0.049705295792535985,0.051740159818834654,0.2263536096106163,0.1329855699515097,0.08681606843823077,9.819675,3.5142424
109,7,3,False,L4,802.0,0.007167200863573866,0.007302462959063356,0.01026533206136023,0.005858959402401571,0.04531967493244198,0.0,0.08779939690396303,0.24841235561056252,4.9442782,3.6749613
109,8,3,False,L4,1024.0,0.006885935345833074,0.003330304644972411,0.011520813613749303,0.06024188096987456,0.1405583070141253,0.21954964434883625,0.13199165538731755,0.11298288176312839,9.930096,3.8979514
109,9,3,False,L4,1081.0,0.006271957901399654,0.005030009920694256,0.005787862062511924,0.08288579079610653,0.020629710092402713,0.295370870656209,0.06659462736687517,0.05122247155463966,9.463984,9.195112
109,10,3,False,L4,4547.0,0.004578617107612268,0.0048403054670663834,0.002915037954806037,0.12596941170939197,0.14456422916620407,0.1432472637667677,0.25326321421713627,0.05690032329653279,10.867909,3.029718
109,11,3,False,L4,9326.0,0.014130468511494864,0.004525778871172696,0.0032428159823170363,0.06742843814646395,0.10903357600151581,0.12705265661075976,0.24556438363769406,0.23171169014388335,8.048844,4.2316628
109,12,3,False,L4,762.0,0.15462743586573832,0.02775131755467576,0.008152805823867619,0.0007195520873631764,0.001857844200265185,1.5899826993981958e-13,0.0,0.16120350157576152,-1.9146456,9.838902
109,13,3,False,L4,1606.0,0.001588708392386016,0.01011871320594715,0.007544657709787857,0.1379832132263585,0.04760375932754766,0.21529341255798598,0.2092260011927173,0.10596693708405824,11.332795,7.9465613
109,14,3,False,L4,1963.0,0.00849094602135928,0.0059823297683977645,0.011351178606814413,0.09012842249990119,0.05425568083911354,0.33414701451052264,0.22622836332063087,0.10075019961266649,7.8135014,6.280428
109,15,3,False,L4,933.0,0.00462113863214324,0.007303270279595875,0.011901755061889079,0.04003516088334234,0.08780658219341972,0.21885450017068733,0.20892364124177756,0.1813162546771329,8.112204,5.7479305
110,1,14,False,L5/6,2018.0,0.021701635548286344,0.003104174325189652,0.0017664047169537963,0.02077974620784167,0.07556008166992574,0.21027657008203884,0.1788160303976718,0.20699104269013874,7.7984743,4.4264984
110,2,14,False,L5/6,3230.0,0.0075054198697939315,0.00787729524390471,0.012179902170386414,0.007778910035857801,0.09809587879506501,0.004562041681960181,0.10626746724355997,0.2272959827409594,6.232928,2.883455
110,3,14,False,L5/6,1755.0,0.09169646151122612,0.026503660013979115,0.010034258981267504,0.005760466606014185,0.0009510412627853569,0.0,0.0,0.13692230162570634,-0.5159568,10.992186
110,4,14,False,L5/6,2011.0,0.03518484950455204,0.02330401908991598,0.00882791975229713,0.007765010411762997,0.004201972196862219,0.1860416508630569,0.0,0.1724926969689206,0.56062984,10.283551
110,5,14,False,L5/6,2296.0,0.0025220983766281136,0.010271078897385955,0.0036147973874858436,0.05854400312875375,0.10629883940516863,0.11496656695634651,0.20257381845410868,0.1916121076387481,8.021863,3.1202135
110,6,14,False,L5/6,1786.0,0.02361113815634241,0.0029945187454420087,0.007033783683006597,0.07191467936511409,0.0754170550492067,0.1734674313444164,0.09647051122015839,0.16723054432926387,9.399586,5.9052134
110,7,14,False,L5/6,1632.0,0.019742441358459262,0.014556327864764263,0.007298207343702,0.016201200429790813,0.022026432936598363,0.2431824812872323,0.1335175102018697,0.19209742887031708,7.745276,7.891963
110,8,14,False,L5/6,1766.0,0.02239314739795889,0.018916691304549118,0.005364562318302291,0.00840167492362755,0.0,0.2380292663302116,0.0,0.12271707263955599,7.8992877,8.9685755
110,9,14,False,L5/6,1262.0,0.003631856849650774,0.00010001431932247042,0.0003942941876942342,0.047911030323733644,0.09902682006735727,0.0,0.10609345772990264,0.1555040853223773,8.267359,2.4046845
110,10,14,False,L5/6,1257.0,0.12826473090750964,0.029725276372550503,0.0002737890338484047,0.0010319498574216956,0.001624349934361093,0.0,0.0003510699956027509,0.2141958219597795,-2.4226515,9.267524
110,11,14,False,L5/6,1406.0,0.0022808247184127927,0.0001,0.0005403385984806005,0.1546424749021048,0.12427575613241454,0.040346392365130324,0.0399970607153756,0.08190747909198631,11.767825,3.8384018
110,12,14,False,L5/6,3863.0,0.017823892528472003,0.003614052726056101,0.008966587966681417,0.03541375555409941,0.10479092083022258,0.24457662281335607,0.25615621954554146,0.0918208559198185,9.64558,3.768183
110,13,14,False,L5/6,3057.0,0.012250480828668045,0.005116289154479186,0.009644215415564232,0.022882510892037623,0.09050951799620954,0.015297949630686165,0.17346550164365446,0.07912506325712054,5.973007,2.1558774
110,14,14,True,L5/6,1252.0,0.03079412441148763,0.013526279905182235,0.005175679333592344,0.004358005627261396,0.012040367016844642,0.0,0.14307666409342737,0.10246114756651131,4.2891316,3.395196
110,15,14,False,L5/6,2837.0,0.005313344777310546,0.00783161421889515,0.009666594701866376,0.06767270312200288,0.10692732075133657,0.21784702790701133,0.13243777060397474,0.1261985120572299,9.639317,3.7987158
111,1,9,False,L4,6865.0,0.00630458701621111,0.004437033704037658,0.0024850340500688715,0.13275689476967914,0.10146130710743177,0.14647066980213697,0.0811839176556512,0.15922094426963257,11.815607,4.7339106
111,2,9,False,L4,3054.0,0.01578688023309029,0.00874115889771808,0.006407392359746974,0.028458192843023002,0.04271012591784675,0.11441652631849714,0.25371143156116494,0.24114557429156086,7.2835665,4.387156
111,3,9,False,L4,5633.0,0.008326422911832769,0.011294185219474865,0.008536169190886502,0.059481260480410976,0.008405870892220684,0.25344642677991924,0.001124946976451196,0.11914309999446165,9.067321,8.8036
111,4,9,False,L4,3610.0,0.0638793499508061,0.026674552082516914,0.003555590286626174,0.007481896842903492,0.0,0.0,0.0,0.11870152106791723,0.66001356,11.002316
111,5,9,False,L4,2952.0,0.07365461905047703,0.02945826842649758,0.004460697352685146,0.007714792886388485,0.003842027046887667,0.021146674058638376,0.0,0.30675322377199843,0.025425486,9.09095
111,6,9,False,L4,11343.0,0.012860387553385753,0.0057015912078735385,0.006331981770241498,0.09342933097284105,0.020866229445740122,0.26673256233712866,0.13144278840527687,0.11396507877731911,10.878973,8.326654
111,7,9,False,L4,4495.0,0.008609660150963852,0.008728734386401227,0.004344132813241744,0.02015809914802545,0.07454821035705876,0.18756330554492573,0.26855271284155513,0.24735379272391403,7.4589505,4.3831487
111,8,9,False,L4,3424.0,0.013168783314069439,0.00775402407868096,0.013154522997579207,0.03741371967755839,0.0610164293366575,0.4337836900276225,0.4006899698195896,0.0707598638804219,7.5910187,6.202461
111,9,9,True,L4,2379.0,0.03887333438085819,0.026628111343950267,0.0029789880393684635,0.00527486541218499,0.0,0.0,0.0,0.26818213842903543,0.4405861,9.719232
111,10,9,False,L4,3377.0,0.005726991272626455,0.008511124015800528,0.007741889817348508,0.06382470638860067,0.03647493508279782,0.25227394587743396,0.013307779612613795,0.2424593847410135,8.524173,7.948972
111,11,9,False,L4,2786.0,0.04901854167377837,0.02620402767366685,0.008450286049251762,0.01139993930107661,0.009039938986212914,0.0,0.17056736642480771,0.1652652985378282,4.2229505,2.9631212
111,12,9,False,L4,2618.0,0.007560205533513982,0.020952964791026298,0.00870911114599621,0.010413719506306547,0.043991981880727817,0.0,0.25274934843727304,0.2256462454466252,4.6165843,3.1411579
111,13,9,False,L4,2411.0,0.00017952984143778937,0.014553762279013765,0.0,0.05069571688315417,0.06535716096974166,0.09141478910408281,0.040745968819039476,0.16804531182207677,10.596157,6.333191
111,14,9,False,L4,2852.0,0.005145772271718908,0.010807726924868498,0.0035534999499447825,0.028117701871489417,0.047383943174819726,0.14803278136956713,0.11379075970165466,0.18430379353145035,6.9492197,4.476547
111,15,9,False,L4,4263.0,0.00790652214738124,0.009585018040467018,0.00782162257135343,0.013999390260625596,0.06834851261669517,0.007751610024145824,0.21698789972943514,0.17185737892782613,5.3765073,3.1356356
112,1,12,False,L5/6,2954.0,0.010045467855630315,0.004643209119497054,0.008343002668349175,0.05697146446976487,0.11012578827079413,0.020331752354303,0.22344152067374673,0.119704197137919,6.530926,2.1743128
112,2,12,False,L5/6,5842.0,0.024065557330569903,0.0024726346758854544,0.009390697787241744,0.1258186337272463,0.04956591738415264,0.1577602959082562,0.188749713512388,0.14332149607936312,11.465962,7.916345
112,3,12,False,L5/6,2364.0,0.050361469760876756,0.019932458970494917,0.011097837668065942,0.0013699401594113381,0.012522836408112028,0.0,0.06907430289575012,0.16569009978405475,0.017040998,10.827631
112,4,12,False,L5/6,14144.0,0.012120964726497886,0.004305088956682153,0.0034864891508579856,0.12240674522410286,0.012121059989131872,0.32433156689532666,0.08451438268360245,0.08192491557729682,11.152374,8.364853
112,5,12,False,L5/6,1937.0,0.07567560780947831,0.025985141497483336,0.0077378591860477715,0.004727123002877023,0.001864712247799257,0.0,0.0,0.15763516301611888,-0.4148754,10.692272
112,6,12,False,L5/6,1953.0,0.031882739982190586,0.015382003544702667,0.009112707276657167,0.007297237261170495,0.009904762359679837,0.0,0.23986842394840963,0.0598162810698244,4.575837,2.7732246
112,7,12,False,L5/6,4965.0,0.008324996359133299,0.0074466846556603015,0.01122172117198031,0.08500630440119285,0.003261558663671883,0.2395368434823488,0.0022142322065187396,0.08512689902444848,9.525726,8.705505
112,8,12,False,L5/6,2691.0,0.0016548060550226785,0.013830850078310272,0.005231484445819674,0.041206590974796904,0.10476713503685975,0.0570586516430395,0.14067720598168404,0.09500240565536401,8.293523,1.9416444
112,9,12,False,L5/6,2076.0,0.0017149216210822415,0.014995610668656132,0.011609717869772216,0.08258337852036442,0.053373314709999745,0.19901001677297653,0.04276546643996738,0.2185311877785024,9.263751,6.2162566
112,10,12,False,L5/6,2320.0,0.11528623764866036,0.03163739569511454,0.00507754857926872,0.0016014281144863154,0.00024918637542168645,0.0,0.0013003288144866883,0.13565596697197813,-2.2130756,9.915971
112,11,12,False,L5/6,2346.0,0.14016068284147593,0.036434167720336016,0.0061187991886081875,0.001007433579011685,0.0018826664664962798,0.0,0.0,0.09156303155812007,-2.438977,9.956867
112,12,12,True,L5/6,1723.0,0.00010161016390307857,0.010964880115184483,0.00016299612443320923,0.07591975435814306,0.0,0.5186498082102008,0.0,0.1088662615044298,8.693461,9.598789
112,13,12,False,L5/6,1994.0,0.01260758620004999,0.005411998599961054,0.01183225277524177,0.06532817913578395,0.05158196180973408,0.22625126120557434,0.09560500675910687,0.11135997912111073,8.6202345,6.5170894
112,14,12,False,L5/6,2096.0,0.014913154172194167,0.004829394907338932,0.007232672355693116,0.05204859426395553,0.0652994526542921,0.1675733572226271,0.25885640131288706,0.17842107584428743,7.9255586,5.1327763
112,15,12,False,L5/6,1860.0,0.003325649762706598,0.00010214866149483697,5.271344349118578e-07,0.1404227153755088,0.14906404738607826,0.01962062107672587,0.16323980829734233,0.08491065754907712,11.467772,3.3853524
113,1,3,False,L4,1680.0,0.0030880781547902242,0.0027864485886593625,0.000713957269411965,0.12380850034040641,0.10913844183940662,0.21834171246944803,0.09353582584551713,0.1643583552073447,11.692414,4.7035804
113,2,3,False,L4,2045.0,0.0068418558992996365,0.008216010202466663,0.012431957083262482,0.06969713569579998,0.03315379683392093,0.17625531150323911,0.0057355014374874235,0.24808345195825585,8.524683,8.027147
113,3,3,True,L4,1488.0,0.01020802845747244,0.0001,0.0005350369665765228,0.10924674670911638,0.13022572225682186,0.15811769581497645,0.17239096908359197,0.10025579169539764,10.731035,2.8749633
113,4,3,False,L4,2555.0,0.011281448590938407,0.006631566009015902,0.01161387207219827,0.06145005736763575,0.03415935869203346,0.20205248252847074,0.0,0.10776618505464174,9.195306,8.549947
113,5,3,False,L4,1675.0,0.032657603945955405,0.022881488337598146,0.004994212896421366,0.008494180094408131,0.0,0.026303191795710574,0.0,0.14146397429556748,0.6228478,10.758067
113,6,3,False,L4,2125.0,0.013699861194609874,0.004073795466170192,0.00846790342907085,0.08271096760200604,0.08419867663689619,0.159015090590476,0.21110456119462315,0.08841486127986362,9.554363,4.013909
113,7,3,False,L4,2242.0,0.007371465979000377,0.00917622565938893,0.006875821309451968,0.007878206788882403,0.0466018931391194,0.0018075491867208214,0.2748136393267251,0.09441356968775592,5.006095,2.5923955
113,8,3,False,L4,2242.0,0.007639233544786503,0.0066406055423271805,0.009711858262770072,0.030965744177893204,0.10027341233020114,0.16594695863344072,0.19389031156668993,0.1984187281952935,8.660854,4.0047703
113,9,3,False,L4,2445.0,0.022828107113589038,0.0011370178313286558,0.0012797816666386894,0.07291476099599889,0.13333975140397974,0.19812016025270293,0.15214762357236353,0.09323167730720094,9.503182,2.5936768
113,10,3,False,L4,3567.0,0.008718606125612099,0.003671630135370195,0.0029464235058205587,0.04576474017745345,0.13221531495196603,0.06317794282859569,0.10725150871418894,0.20436196102696072,7.9619718,2.713464
113,11,3,False,L4,3135.0,0.006845315838060613,0.005903050481219713,0.012672670606294796,0.07723105093527442,0.1271265771206543,0.15853682734314642,0.11806071170167387,0.10080827479195997,10.143403,3.9433568
113,12,3,False,L4,2247.0,0.009225257412881702,0.009012713140019037,0.006731042843747153,0.0032224432126605,0.047257695443782076,0.0,0.23076794765905637,0.19225946900367702,5.192958,3.1841247
113,13,3,False,L4,1585.0,0.025006683442043393,0.0001,0.0006275475259616206,0.0668877896400776,0.17444189818248904,0.11524942655068994,0.03566632145840063,0.14626044730662377,8.507483,2.4559267
113,14,3,False,L4,35233.0,0.012514104336882199,0.005101786132971839,0.0021154315200452435,0.11277238891834991,0.12118190801301926,0.20847304355435486,0.14200310089435147,0.2246609892179362,11.159361,5.1821833
113,15,3,False,L4,2607.0,0.004595689211418167,0.005867064286286436,0.010693779242920105,0.06234678742557275,0.1421484583765658,0.013719613252548226,0.201888582377003,0.10737119860172502,6.444478,2.1772027
114,1,6,False,L5/6,413.0,0.006644373990470873,0.005999964280701781,0.012769012322999559,0.04499249939952729,0.023772592640701917,0.2925043212701779,0.09512406359194388,0.20518045951654448,8.692599,7.603869
114,2,6,False,L5/6,378.0,0.016666446898805816,0.00042622956798301726,0.00484209265731789,0.16463785631753602,0.05850237334749484,0.2102050410573229,0.14764061571809153,0.2102853120512518,11.130106,5.647603
114,3,6,False,L5/6,296.0,0.0006478318268684463,0.008880619880608558,0.004243219130370417,0.0,0.11782449046347816,0.1598435575981236,0.05471341278631509,0.07509537126205154,8.8136635,2.0555508
114,4,6,False,L5/6,487.0,0.01691729094845621,0.0019537442234787055,0.011674673678400346,0.050493953763076076,0.08019496084058321,0.09716281215787742,0.18684910355493847,0.13910535195925136,7.9353333,3.1287363
114,5,6,False,L5/6,567.0,0.003879470399763233,0.007823158525894013,0.012581220399007331,0.04681378206294516,0.08658950888372736,0.13118510418175652,0.19781568414767073,0.21088377380535453,8.785603,4.802304
114,6,6,True,L5/6,270.0,0.006215529929238094,0.003660975267121893,0.010944810414372291,0.0968593432461212,0.05446592437740461,0.13036607307490491,0.20970841219550854,0.1862405846157002,9.215078,5.4845576
114,7,6,False,L5/6,299.0,0.0001,0.008266113606588686,0.004048154034764464,0.17775788008497753,0.05123495741575172,0.10546907737614405,0.08149881803202308,0.1512781714536196,11.299289,6.77809
114,8,6,False,L5/6,5754.0,0.014116938957554061,0.003948582119904636,0.005919455014279209,0.10754514936706311,2.713606168213579e-05,0.2646914710685788,0.10540139562294662,0.15392587477915412,10.756445,7.884293
114,9,6,False,L5/6,432.0,0.01434044966769307,0.003660039254115845,0.005785987305249355,0.014931264870701172,0.06980869785543647,0.11744723593577147,0.2261620192872547,0.2365475357097548,7.292184,4.063335
114,10,6,False,L5/6,277.0,0.028975226907708533,0.008850379888701269,0.0065618318480503875,0.007972914490480893,0.008690675476714281,0.15846497187544817,0.05566892454026118,0.22707398191110637,7.4484916,8.33973
114,11,6,False,L5/6,467.0,0.009579038158350239,0.001037627111206308,0.009335394892462672,0.15820998571975012,0.06295033162883518,0.11445137976638103,0.20836947747578016,0.17255193103742106,11.296864,6.6630535
114,12,6,False,L5/6,1408.0,0.0009923881375937132,0.013055807458971537,0.006679911204267255,0.105285930533749,0.07859840100411569,0.19515534447281963,0.13922688612318332,0.2015721459586249,9.993095,5.5665607
114,13,6,False,L5/6,1313.0,0.012608111018231448,0.0032403992162698143,0.012089559373251691,0.11602039717526531,0.07876186807050996,0.1931334205624263,0.13289388205901967,0.1332481975724374,9.765957,5.0716805
114,14,6,False,L5/6,315.0,0.0010533875391751742,0.01365483954958671,0.004793226369779284,0.029550205557645495,0.05967819838364687,0.23209916099568098,0.20355731629301155,0.07984747288762284,6.7829742,5.271973
114,15,6,False,L5/6,333.0,0.0028998300636535585,0.009274888374448014,0.010429965868534972,0.01596058477809322,0.053295647379996175,0.22151832854787742,0.14655739282540786,0.19657677765176076,8.263296,5.692562
115,1,11,False,L5/6,396.0,0.02133585306488556,0.0019962772075933334,0.009159240916417866,0.10060677407748447,0.007254723815617453,0.22180535717652794,0.09194195603199698,0.10418504515497189,9.5639105,8.505224
115,2,11,False,L5/6,3933.0,0.01675013330505681,0.0037183157881283857,0.004459235834983832,0.10859455770112683,0.016209282608923785,0.1872532751179513,0.17685158960533273,0.23588678416990136,10.496543,6.744956
115,3,11,False,L5/6,391.0,0.00841526057517139,0.004623093758551377,0.010020276368297302,0.06507275452308468,0.05774601272862545,0.195060497532887,0.16518005160057345,0.16111590161284012,8.6598015,6.06617
115,4,11,False,L5/6,2364.0,0.010636079424418899,0.0037186070995436273,0.008751880350406012,0.11434625203168777,0.0820283684263448,0.18735116417986078,0.20710648085688524,0.1948259318329845,9.195134,5.256564
115,5,11,False,L5/6,1697.0,0.010329088475122419,0.0053776473185833005,0.012776700966167226,0.07641625022570092,0.04950766801581461,0.3160620021258191,0.12223670901676281,0.20437057276687695,8.476738,6.2210784
115,6,11,False,L5/6,240.0,0.0003371779474581315,0.005532884617624668,0.0031775649622685673,0.15545615746622996,0.03149098114597936,0.07712504779972085,0.08689847570707022,0.1252692218020937,11.325949,6.995259
115,7,11,False,L5/6,439.0,0.017593124965669532,0.0020465719534246314,0.0015389140298717864,0.07657832986870272,0.003231865161806497,0.06058859077816652,0.0334759157192789,0.14674775209046734,11.02588,7.382866
115,8,11,False,L5/6,745.0,0.024029554502183626,0.00169977259813008,0.0027722207157060827,0.0003654064943529633,0.08548575611435336,0.08819341182732589,0.2777250831407347,0.04852453717469155,7.691597,2.037428
115,9,11,False,L5/6,4195.0,0.008240056809437376,0.006332682810235508,0.006792979119624474,1.124964133269714e-06,0.10680983215867103,0.125192994278477,0.12210524023903813,0.24929040030976646,8.342763,3.671329
115,10,11,False,L5/6,251.0,0.012911480939759109,0.0014948370391132874,0.006318689023391397,0.04816386021407738,0.08564529512428272,0.21904887592701933,0.30606146168574555,0.21550094070479023,7.8772273,4.57833
115,11,11,True,L5/6,238.0,0.012628466475941173,0.0001,0.010645373982532774,0.013871257498274676,0.0,0.2447916490377321,0.21046015068866222,0.08462117426806634,7.1704392,6.2216544
115,12,11,False,L5/6,268.0,0.1518272520956202,0.026053337834662994,0.009749472047225824,0.0001261948302454043,0.00011025033679348128,0.0,0.0,0.2370696203773192,-1.6145035,9.742495
115,13,11,False,L5/6,1350.0,0.006695869746285881,0.006637410230372542,0.004657726128114423,0.0894205000840719,1.4644054029587788e-05,0.31685775369630453,0.15670890480482225,0.08257750231345812,10.969437,8.526035
115,14,11,False,L5/6,253.0,0.01959681189445575,0.00012729828948674252,0.008178061207154336,0.07484115082624129,0.014856691609936662,0.14052677815250084,0.2049087160448471,0.12195351873767137,11.262164,8.479821
115,15,11,False,L5/6,257.0,0.0016772936674180551,0.008779855633514721,0.004007320650868178,0.04537759692695343,0.015092537873546419,0.1720193673326415,0.08663034759121238,0.1880294344070927,7.866894,7.542822
116,1,15,False,L5/6,7351.0,0.014577385292818917,0.0034416060519595467,0.003219265718302782,0.11374457500563438,0.10469162391527378,0.15338893775788387,0.059003062970368746,0.181834083003341,11.162118,5.4908967
116,2,15,False,L5/6,2515.0,0.024136118042123626,0.01166006183531809,0.006166729178330469,0.02055971866311759,0.014251703039606014,0.22005811110537934,0.0,0.17002885135050289,7.844528,8.90243
116,3,15,False,L5/6,7058.0,0.010142461602634307,0.004753944289702551,0.0023596263895161026,0.09534002409707873,0.06888769514128079,0.1933328889563773,0.00828085981693799,0.13874892180236087,10.823852,6.728773
116,4,15,False,L5/6,13841.0,0.008977681490115219,0.007436169216377731,0.005907979253003335,0.09455905685220527,0.011775235847407793,0.2462179127561772,0.05340989653350607,0.1432761786967386,10.680953,7.940773
116,5,15,False,L5/6,4005.0,0.0035752924833127456,0.011367777495421783,0.011854718124433826,0.06516327126271372,0.10803835333484932,0.3198476297656642,0.19822406885110067,0.09383838654306666,9.8417635,3.8230686
116,6,15,False,L5/6,7247.0,0.015096817654561192,0.004398503351648724,0.004334147485610269,0.0302230738976048,0.12264067045097082,0.18388684742830574,0.14730626216416695,0.1768636420723075,8.358473,3.432902
116,7,15,False,L5/6,4420.0,0.12426614264751928,0.035939740813002045,0.0054739305576317066,0.004620242401998312,0.0,0.0,0.01553899744666025,0.23075783781750897,-2.3179114,9.255723
116,8,15,False,L5/6,2789.0,0.08748612153677583,0.023757746724532697,0.007338122279666044,0.006616582468009731,0.0016687310363273538,0.0,0.0,0.2479819044163035,-0.3345696,9.376787
116,9,15,False,L5/6,3015.0,0.01390321485684544,0.006937073650165588,0.011085905421472331,0.05635448191673379,0.07208216341090186,0.18566581490697795,0.06631509406743955,0.23549600313076016,9.478753,5.926472
116,10,15,False,L5/6,5583.0,0.008925616764310139,0.005747034727339578,0.00469748218423576,0.05420572055322805,0.10743264890923208,0.12076781872458185,0.20651944111787615,0.12741405546215392,9.146256,2.8331797
116,11,15,False,L5/6,5053.0,0.0021536915783725292,0.012661296954238685,0.006841522221438244,0.08420140601398587,0.1189427815202001,0.19729215831415434,0.059053104255653154,0.09111087494407635,10.855191,4.110198
116,12,15,False,L5/6,3022.0,0.06824677981271673,0.022790125530756173,0.011460459406208481,0.012145325387532076,0.0,0.018345120902173318,0.0036028938560134743,0.13119590361586578,-0.10135344,11.053837
116,13,15,False,L5/6,7709.0,0.002187610198577096,0.012927779370358834,0.00861007534585866,0.11176745384084123,0.08557959088963787,0.20459519531550505,0.03519537371259242,0.1081468065185773,9.742265,8.048029
116,14,15,False,L5/6,7525.0,0.015998407755357345,0.006447872519306716,0.010926469886273561,0.07681472643986541,0.013357225783939398,0.22024706772016753,0.0,0.15813016166046734,8.738899,8.2085285
116,15,15,True,L5/6,2487.0,0.005616045070117518,0.011386691405469577,0.01282057463128214,0.05472809435346039,0.05484763328665433,0.34464555637556693,0.0,0.13200688033761726,8.852315,8.881675
117,1,1,True,L5/6,191.0,0.06066309529555927,0.024788615371068953,0.010470892789031376,0.0,0.0,0.0,0.0,0.07250143806225248,-0.049007125,11.53429
117,2,1,False,L5/6,207.0,0.0001,0.010739389087432829,0.010898428151090734,0.005930346050424568,0.05094832343679989,0.1657201196713087,0.20857784965610018,0.15889386131030572,6.9746428,6.113157
117,3,1,False,L5/6,1540.0,0.017796164864049866,0.0019482791657036507,0.00708399372881542,0.0482858758863808,0.11460122251518463,0.2399853235028879,0.08752065173641377,0.16386914528333404,9.047523,3.6089365
117,4,1,False,L5/6,192.0,0.01757522869493365,0.00859820645713393,0.004792469186209324,0.010520047550300171,0.0001615091406028034,0.215880886515689,0.0,0.13437406176158062,7.864025,8.8930435
117,5,1,False,L5/6,3132.0,0.011164349121457055,0.007777458894307074,0.002178278399148008,0.0007901674940864662,0.06308512829294911,0.10252490900964477,0.2650994646288854,0.1605813709647372,6.5750694,3.857606
117,6,1,False,L5/6,1197.0,0.0033073492678905698,0.008650303197203921,0.0061034962280556325,0.08817333195021265,0.014665353076799536,0.13440600048075066,0.047379154833211715,0.1732127832275483,10.278024,7.3144274
117,7,1,False,L5/6,214.0,0.0001,0.001014460699573924,0.013948097097947572,0.03963062910001038,0.06125178271025839,0.106672763538844,0.2835764694578615,0.13267049905530515,7.7670975,5.7834015
117,8,1,False,L5/6,1844.0,0.0031071046161463326,0.00822284151192003,0.007045594585897601,0.12575434314217235,0.056391284331984495,0.26283809342756065,0.10347456940810636,0.1594177350476802,9.636727,7.3903494
117,9,1,False,L5/6,895.0,0.002308637833392253,0.008432716846263578,0.0025472097551614797,0.09962538452301854,0.017823256922085175,0.08898424289801157,0.08363915731658494,0.11594665256938365,11.233882,7.411984
117,10,1,False,L5/6,204.0,0.015505722766918336,0.00037608162887080727,0.010062319544232215,0.015664114276717964,0.1453819227797359,0.0,0.18713166461315692,0.029549122637822455,6.037656,1.9969437
117,11,1,False,L5/6,980.0,0.009047120504078474,0.003043749045433626,0.011469067865884903,0.10144576622814175,0.09463611382569705,0.09076372205759735,0.23759206988325673,0.16967004582548587,9.320572,5.1841054
117,12,1,False,L5/6,237.0,0.01444468602485319,0.0026642042779180604,0.00974937775644822,0.043701512846803355,0.023785819839209184,0.13820795395699131,0.23507497584007683,0.15775654727221308,7.532436,5.8026333
117,13,1,False,L5/6,821.0,0.002341936241976948,0.009858535713490199,0.009398210247148086,0.0773479451503388,0.11192993740219893,0.2569320613051138,0.20413691105079879,0.10205500700369535,9.797154,3.8104546
117,14,1,False,L5/6,199.0,0.004506824619141399,0.005004255511590131,0.00909000756894585,0.034230222404000823,0.09248084227519072,0.16572146641498356,0.08030842307910338,0.13689830839732292,8.817147,6.141704
117,15,1,False,L5/6,3442.0,0.0025368287576865265,0.010289186075237055,0.0033843063893267506,0.07598988850223418,0.1048689661157909,0.10707491974613936,0.1462543854154725,0.09832452748840641,8.857511,2.2319314
118,1,12,False,L2/3,2405.0,0.006490521524287365,0.004762350141504326,0.002202949642381512,0.1163341136269262,0.037605792826274756,0.160293774693449,0.11463451681992265,0.10864715428080218,11.622787,6.9240303
118,2,12,False,L2/3,3456.0,0.015844032873849983,0.004536138538652807,0.006616083691279815,0.07746977222191637,0.016981621268698212,0.2761348171793238,0.07190341647163223,0.20902361764272015,9.604057,6.931103
118,3,12,False,L2/3,964.0,0.0039205883319296374,0.0062454595777306455,0.010624604840350986,0.07300092685906708,0.05664846510096981,0.1487371580441094,0.13753442577318337,0.21307235190561044,9.465767,5.801605
118,4,12,False,L2/3,936.0,0.05892213242037843,0.027194305266373342,0.00596526673480583,0.00044676254870205646,0.0002069943269607243,0.0,0.0,0.07997157019946988,0.55580443,11.394607
118,5,12,False,L2/3,1464.0,0.009743838212436741,0.011929280024015826,0.008423598507827238,0.022395402062316303,0.0007578833290530016,0.3371479159561862,0.00800036440555953,0.1731787041211099,8.425416,9.102135
118,6,12,False,L2/3,3094.0,0.0028703344817411136,0.009386236215052926,0.009815962470318781,0.10750818646344486,0.007821677192137794,0.19296479436844555,0.07674897146252374,0.2316365320455942,9.402689,7.075267
118,7,12,False,L2/3,950.0,0.016018374731214598,0.003158865478688434,0.010124631944166377,0.031188349141357714,0.07530333297962273,0.24348841634998628,0.22718175897627385,0.059458932806305785,7.358694,6.2263975
118,8,12,False,L2/3,931.0,0.14588834057810926,0.029758857080473138,0.00883558746183302,0.0014734391577234554,0.002485435017711496,4.783968951030351e-10,0.0,0.17653464442309125,-1.9357325,9.839417
118,9,12,False,L2/3,1443.0,0.0009387299991586387,0.011364649427629976,0.0026672621549065374,0.097008750236225,0.1347011478346311,0.13749827442598087,0.08502376860839518,0.12900480410493784,11.599527,4.4600773
118,10,12,False,L2/3,973.0,0.05117914727817462,0.024542223933096807,0.0033685695098460734,0.0,0.0,0.0047435774016205655,0.0,0.08706516551413168,0.71189845,11.330463
118,11,12,False,L2/3,987.0,0.006607527064007153,0.002633266477980976,0.0067953130838391655,0.10794925999157888,0.13739094461265583,0.08214444019992874,0.241970358057373,0.12720072470203372,10.844128,2.9383261
118,12,12,True,L2/3,886.0,0.029247123084081218,0.0024891376133913913,0.01089961204483195,0.044452053443586485,0.020080997567162022,0.1891745195095273,0.06718255039378482,0.22029277951846213,8.454792,8.04359
118,13,12,False,L2/3,1226.0,0.01059353207368011,0.001471587703806501,0.004316120669281999,0.13092435513601733,0.06714998126708605,0.1643490450553979,0.17965277278352812,0.0713397554252165,11.911304,6.6803045
118,14,12,False,L2/3,1094.0,0.00010846426899030602,0.01362935584282834,0.0010945990921998779,0.16444349115539728,0.07254396130527614,0.20722675401416166,0.19277225124782532,0.07455974779840777,12.018216,5.312988
118,15,12,False,L2/3,1318.0,0.013382962147099267,0.0052245633334592236,0.007645499443043501,0.01334701949485378,0.05258299751974145,0.1481014387033766,0.2560420896437944,0.11087990481044448,6.494966,5.3070745
119,1,10,False,L5/6,2444.0,0.018780064590718255,0.0031516648257058823,0.005969387661136874,0.08645796766895987,0.0002907906893353387,0.2389557034947836,0.1487788610413921,0.12881870584466942,10.785196,8.236019
119,2,10,False,L5/6,604.0,0.07760199647499541,0.027576710037592985,0.009916987021285024,0.0001959104921328917,0.00011892076906250096,0.0,0.0,0.11108930746677634,-0.20611319,11.237189
119,3,10,False,L5/6,635.0,0.07706108694897676,0.028125519761697755,0.012072124367692021,0.0002970003514719375,5.636711858000471e-05,0.0,0.016327305794577425,0.12998845313647445,-0.431261,11.076546
119,4,10,False,L5/6,2253.0,0.011440993673640685,0.003676010979626625,0.01013523065917258,0.10733792744698563,0.12265565947337105,0.20193350366008783,0.1606295951027623,0.11002670785640908,10.261888,3.9595747
119,5,10,False,L5/6,1070.0,0.01974674026433878,0.0020954463655607383,0.006027384897910401,0.10792796296623901,0.02148020453143145,0.21703730299087398,0.06255427764637389,0.05003941841549886,11.483804,8.133947
119,6,10,False,L5/6,624.0,0.08826554072528102,0.027642886124573593,0.008963051385265288,0.00029506250598559523,4.4720965255437156e-05,0.0,0.0,0.14874915651076295,-0.53478944,10.830868
119,7,10,False,L5/6,2093.0,0.013729425901476683,0.002700437584989572,0.006881335341361092,0.08571196122504128,0.11219259878207688,0.23168908263983387,0.15135554416467115,0.09784974950721881,10.209808,3.5057478
119,8,10,False,L5/6,622.0,0.09069277285897558,0.02708228761246633,0.007308532857807024,0.0003317863073439857,4.187473105146293e-05,0.0,0.0,0.14025013192033778,-0.5584576,10.822158
119,9,10,False,L5/6,2693.0,0.017652926816633576,0.0027010550894163246,0.009488226042451793,0.01804263967127308,0.10876095634122677,0.22498288152971482,0.11779612338127501,0.19786541855770082,8.530415,3.990935
119,10,10,True,L5/6,563.0,0.01620293579132687,0.0033638714514032868,0.010820788344493936,0.050368329159741175,0.06894194938391535,0.2582638704910245,0.11879624569690082,0.21801122847443635,8.59553,5.5740767
119,11,10,False,L5/6,1236.0,0.003653854757447738,0.010018709099067255,0.003251269821207946,1.2925106956746804e-06,0.08537999953849798,0.06891389685370737,0.21211553155481574,0.2309917081903313,7.2600794,3.5651548
119,12,10,False,L5/6,16009.0,0.016488774735822914,0.004028615850706013,0.00395391078373122,0.0763101463460847,0.11797415962638325,0.1887974988394599,0.17087645039401086,0.10570685499930045,9.61637,2.8458643
119,13,10,False,L5/6,1136.0,0.02270373386487817,0.0017410083458640536,0.00751814490707507,0.111875501182452,0.07134026032192427,0.11685576284965715,0.11932285081095356,0.1799111874910812,10.666634,5.848509
119,14,10,False,L5/6,3672.0,0.0011731145334245604,0.01140365416994384,0.0032240459840042488,0.1449351366342063,0.05523428455463268,0.09460539406700878,0.11229010013117527,0.12272697440534831,11.641945,6.6110353
119,15,10,False,L5/6,2010.0,0.002356417470597146,0.009102668475211007,0.004384045983575448,0.041796501772917674,0.128227278143125,0.16200547080108937,0.17508445111639073,0.10100118572664167,9.10558,2.5470269
120,1,5,False,L4,908.0,0.00017553418135189192,0.014923065535343932,0.008025901758582327,0.10279034358930028,0.11570992644742686,0.1440498042518393,0.1377217922786855,0.19432930954105035,9.996799,4.729575
120,2,5,False,L4,920.0,0.12873642140512512,0.034125510161358605,0.009677557706595152,0.00029396066030199365,0.005470748037477869,0.0,0.0,0.10763094072363849,-2.2178457,9.936065
120,3,5,False,L4,1568.0,0.01870586688832081,0.0028948534051960613,0.0026137724591044132,0.06625348069884486,0.0604246779199493,0.1843707802225288,0.20136102908909892,0.054467721632640236,10.048071,2.4878857
120,4,5,False,L4,1967.0,0.012720347018889884,0.0031776979279722005,0.01058002093296103,0.09860836051159996,0.12452352661434803,0.15377781568576457,0.24068492613953874,0.20210531834270137,9.279065,5.01646
120,5,5,True,L4,815.0,0.002931486842663317,0.010219108986693839,0.010713542920380155,0.030681499440781655,0.04761793705039607,0.20829292013526443,0.13187226262401602,0.13423427493574616,8.382496,6.3201594
120,6,5,False,L4,828.0,0.004662926942461816,0.00010003102302310243,0.0011616633486575551,0.15732264654329672,0.17880116538720353,0.17293396456555551,0.10908122970166456,0.07967945424922562,11.755653,3.8232117
120,7,5,False,L4,3691.0,0.005418655967339201,0.005646036651018838,0.010278157788931718,0.1111163666070234,0.05164554815065439,0.16858378026713283,0.17200419899827735,0.15306743730416192,9.302438,5.605413
120,8,5,False,L4,2001.0,0.013982501296006014,0.005994566220322167,0.011267811569679622,0.06362093034278449,6.900857968768149e-06,0.18734594104480096,0.19881938047091144,0.29026170123900386,9.258701,6.836708
120,9,5,False,L4,1114.0,0.0012271395575210384,0.009798449803433012,0.003999487401121118,0.026361075360299836,0.13341991337121425,0.12409356582484882,0.21503418804653013,0.21137057815547253,7.9957604,2.9291773
120,10,5,False,L4,2045.0,0.010292628393043114,0.003830488770741529,0.010252574965097898,0.09980748493048558,0.024581043078103774,0.21839513275150696,0.05695756260757492,0.16725372299322516,9.266092,7.7436924
120,11,5,False,L4,1141.0,0.0020273230665733295,0.010398773678068823,0.005909232742622275,0.10879343512173627,0.0064697664232237825,0.25494545270702024,0.06718849412432258,0.18832794854044982,10.425697,7.3008785
120,12,5,False,L4,1440.0,0.002675742353779063,0.009899487758106226,0.003764491613630076,0.08245043964588827,0.06685053861929777,0.1028161363048179,0.06979135899442916,0.184763508428561,10.703701,6.265147
120,13,5,False,L4,1126.0,0.00034959495863579683,0.01538665188705165,0.004363673281930717,0.14073589067437445,0.12055149985270479,0.07921554367189992,0.04727096550469994,0.17831261822899666,11.691551,4.749253
120,14,5,False,L4,845.0,0.14137488406230136,0.038187114086921915,0.01015766394534215,0.001261351181812838,0.001598339698829819,0.0,0.0,0.15977755433861962,-1.9840342,9.471986
120,15,5,False,L4,853.0,0.13740317690734805,0.03547302577672481,0.007194273229618369,0.0,0.0017037439138601672,0.0,0.0,0.15661398061757084,-2.0981345,9.614322
121,1,13,False,L5/6,1349.0,0.10912638894351274,0.04,0.015820693761660804,0.0010118061527508541,0.0,0.0,0.0,0.20739906504256678,-1.4303887,9.27864
121,2,13,False,L5/6,1278.0,0.11156594242201923,0.037815934375567836,0.010347867279796037,0.009341520756219308,0.0011356027365210747,0.0,0.0,0.23600397452897065,-1.4826238,9.162943
121,3,13,False,L5/6,1356.0,0.013646820284350401,0.00033535179515827723,0.005579000226038325,0.09201467295407624,0.14202980650185426,0.02995952563000153,0.20921680441255516,0.14518328296356428,10.839611,2.8829837
121,4,13,False,L5/6,1271.0,0.03527508081183216,0.011414284018250733,0.002143178559043633,0.0,0.011709782115562221,0.0,0.07481557861148853,0.1840679849655976,1.4846979,9.843826
121,5,13,False,L5/6,1162.0,0.00320520410801242,0.0001010841565032009,0.000437663606481344,0.12515078485012054,0.09948542441588443,0.12474538385868073,0.1994716105289066,0.07756768186294459,11.050063,3.0971034
121,6,13,False,L5/6,1443.0,0.0290404811227512,0.0024186711530781915,0.004802661449248845,0.06416441092568881,0.0027536319528887686,0.2168680588226761,0.005322667825672676,0.08374226867322167,9.694705,8.997988
121,7,13,False,L5/6,2221.0,0.0018637049061580365,0.010814313764087329,0.005511506077029739,0.09659540715041749,0.1180157656552526,0.13564725670043581,0.07280706969097166,0.17891555843463602,11.309781,4.725254
121,8,13,False,L5/6,948.0,0.008802439543186725,0.004976527925175045,0.012105329327718416,0.05504849533833738,0.07183725716100119,0.2273901060157508,0.218997313744349,0.1681687452553206,8.030594,5.811221
121,9,13,False,L5/6,992.0,0.019963534147018777,0.002599670768328666,0.00942289887078638,0.0701088638366738,0.07511451915128073,0.16561398382603237,0.08708902060001063,0.0813961317165388,10.341598,3.9696312
121,10,13,False,L5/6,1297.0,0.009574106651162236,0.005874239729100824,0.011731112186918769,0.05642980724910609,0.06539568336901043,0.2015227991683056,0.23049738736582298,0.12156453057562588,7.7993393,5.8191037
121,11,13,False,L5/6,1360.0,0.022418827674985476,0.0001,0.00657556891327805,0.05669974998108743,0.07719371276491982,0.11097367342627779,0.2570838218535797,0.2441219344569546,7.9280634,4.3864565
121,12,13,False,L5/6,1103.0,0.08315207020267233,0.005781686771478353,0.01056425102605878,0.010149844276960293,0.0005548075389714545,0.17898622359704847,0.0,0.13788413479584252,7.273616,9.512312
121,13,13,True,L5/6,916.0,0.025711552738832667,0.002298079755503515,0.0059547736778340875,0.05270826141761605,0.04070077650375119,0.16368822046333573,0.38156184119239567,0.049079210925486984,6.2838516,4.357212
121,14,13,False,L5/6,1032.0,0.014998072976077734,0.004308023631513524,0.011920283419682227,0.026042641373833914,0.0679045850584488,0.015595120625295682,0.12054138871469797,0.1878284439141461,5.934796,2.9246762
121,15,13,False,L5/6,1293.0,0.0001,0.0001,0.0033660538736182757,0.0459651449783613,0.06847685970523175,0.021337774578866625,0.27757698646384243,0.16431023153518368,6.3837266,3.5271604
122,1,2,False,L5/6,2808.0,0.0132676458871502,0.004723937058278851,0.012781468375359461,0.01478078595140531,0.09562227993843406,0.08323537370825193,0.2101952731303507,0.23073701701452573,5.945187,2.8555195
122,2,2,True,L5/6,979.0,0.0001,0.01171040269061663,0.0026717333358130253,0.07993913242451361,0.03990243887352894,0.11497345341653582,0.07918043449375559,0.17900752560208122,10.646369,6.3830967
122,3,2,False,L5/6,1085.0,0.00012001067201919809,0.010512147967224212,0.009957676468202295,0.16565428280920252,0.06087491999464783,0.1091157617459915,0.03903640667830061,0.06516563639186901,11.263525,7.6677084
122,4,2,False,L5/6,981.0,0.017124890805302034,0.005736631063001592,0.009614345891607092,0.009220507012843765,0.023282721794520032,0.0008831806468195474,0.08215776001214854,0.20667469252276238,4.80758,3.7768724
122,5,2,False,L5/6,1050.0,0.06541089011659869,0.027928997591110026,0.009489334613233692,0.002277349249917438,0.005649576574571784,0.0,0.0,0.23213608207956998,-0.30243912,9.583156
122,6,2,False,L5/6,1422.0,0.014282376942609016,0.0044172502151573504,0.0028597843272527056,0.011810558584889736,0.061895952909131136,0.08785727462510239,0.07334304668789694,0.21591903568373996,6.986839,3.5840657
122,7,2,False,L5/6,997.0,0.014220044410373748,0.011614805769930308,0.011812822110027859,0.015276120070761413,0.0,0.23907061506680496,0.0,0.14969104793531665,8.325381,8.858004
122,8,2,False,L5/6,1404.0,0.0073153741407013745,0.0057689672793797536,0.0027247407398379585,0.016244737362276992,0.08070944686854929,0.09368550971784857,0.10420242920345363,0.21472685216334778,6.9834595,3.5618322
122,9,2,False,L5/6,1122.0,0.048412996547387184,0.02620141004171849,0.0045252187655718005,0.0,0.0013577694554346514,0.0,0.0,0.11081849236924662,0.7281151,11.20576
122,10,2,False,L5/6,1597.0,0.013648878084047081,0.003131882171004219,0.008887295504027316,0.06786762176743286,0.09700980475066823,0.18520327167010536,0.22349791788493384,0.18502694055045701,8.974017,4.884717
122,11,2,False,L5/6,1654.0,0.011537771800985495,0.002551340052218267,0.011584391541648118,0.07235346381934951,0.11951428331943355,0.057255066303223745,0.1587640461133882,0.11940771250824067,6.49181,2.2196853
122,12,2,False,L5/6,1214.0,0.0008526190621717567,0.011852396191755219,0.01011830933226163,0.12270532648134211,0.03949678154270783,0.05178123881451209,0.1274452604078272,0.18035192840028066,11.256228,6.5294757
122,13,2,False,L5/6,1075.0,0.0020221382730220634,0.00848728904554877,0.009110740435341907,0.08420677815352888,0.06663279572977705,0.16689575603039086,0.13024213596215822,0.189939780399836,9.526128,5.726915
122,14,2,False,L5/6,1031.0,0.003630868136360764,0.008573260608495056,0.005570935187053147,0.06468212119804566,0.06408085201297102,0.189539099555123,0.22714763016305786,0.15086931334936335,7.9440312,5.1079917
122,15,2,False,L5/6,1079.0,0.01536869044941936,0.0001201479160788593,0.0030919356575182144,0.039680119333602784,0.12108206884540777,0.07178034251201958,0.14572836323114255,0.18046365981175505,8.163241,2.6615062
123,1,13,False,L5/6,46.0,0.013536022724028702,0.0028856853064587644,0.005298046216576044,0.015111275045736769,0.008549798232981376,0.152605583243386,0.10631984470210414,0.1879632324095397,6.936665,5.594924
123,2,13,False,L5/6,91.0,0.016929121785241565,0.005649758166481202,0.009910283723726033,0.0,0.012842548863528659,0.1186524718377037,0.20530770619187944,0.16591203116108727,6.8678985,5.783404
123,3,13,False,L5/6,632.0,0.0011141685387126682,0.012749842160035406,0.006489555681062726,0.0697746007692057,0.10288839571172213,0.17320702547443412,0.05683828980004242,0.2190222579446955,10.046939,5.933869
123,4,13,False,L5/6,43.0,0.08694911538126061,0.024529045563885805,0.00786955976391726,2.6563799070634256e-13,9.887139094384687e-17,0.0,0.0,0.08936317212349924,-0.50744903,11.148764
123,5,13,False,L5/6,43.0,0.0001,0.0013757039585336453,0.004646771519870238,0.01295950636267662,0.08579615363734965,0.07762856036424637,0.20736776261866213,0.21470729687712206,7.275607,3.6033921
123,6,13,False,L5/6,154.0,0.014128826606054983,0.0011972075596406746,0.011374823979053214,0.0398168417580543,0.09739794951940697,0.07443903858496331,0.21093379201076357,0.18615333766046224,7.6193852,3.0112712
123,7,13,False,L5/6,43.0,0.007757631241515248,0.00035313462777910866,0.0016687919785982146,0.11444189413793583,0.06583947200999207,0.15463390700510585,0.12854236782534925,0.10262113768071472,11.776001,6.7280297
123,8,13,False,L5/6,43.0,0.003385911836794205,0.00010023218474103867,0.001634384501681692,0.07290259754092779,0.03191602005985274,0.19727791257792593,0.11163258852037483,0.15567102404630348,10.372984,6.8401394
123,9,13,False,L5/6,147.0,0.0056445794028956485,0.006631876285834421,0.013016288326867296,0.0,0.026701357893783348,0.016391647409616343,0.15367193136121055,0.05755580219009429,5.5643234,2.3773346
123,10,13,False,L5/6,54.0,0.018978090040594447,0.0008509554336911683,0.004569298999328332,0.05180521592781393,0.11535698125687348,0.20176435937321072,0.22455152951422805,0.11515156499047965,9.35237,2.9518874
123,11,13,False,L5/6,2210.0,0.014769912336092685,0.0034820668102438206,0.008448015916609904,0.007638292435818842,0.11569751743365715,0.08554977500654602,0.1283179468657963,0.11288363065870849,8.42807,3.0111623
123,12,13,False,L5/6,985.0,0.006081650483937848,0.006534671627709231,0.0041146609739460965,0.007266266385476,0.08903670740910248,0.12093824646929718,0.2262920396117149,0.23605945241332416,7.2776637,3.6726172
123,13,13,True,L5/6,42.0,0.0013079400199680323,0.007138125433441408,0.00854291538999831,0.06992100844429827,0.049543161161168775,0.1408700257052092,0.20650467610849682,0.10760518047576854,9.44968,4.2496395
123,14,13,False,L5/6,4419.0,0.009394342175236317,0.005747142120148739,0.004293583834728058,0.08450045784329631,0.044526632463840275,0.23042730546240722,0.10890373935845044,0.11045276430267942,10.692875,8.170558
123,15,13,False,L5/6,172.0,0.009682626580089603,0.005667732492596031,0.010779128341677432,6.131010656309353e-08,0.022567185993154694,0.17546296419934548,0.16701872719871783,0.20254781042281927,7.1380553,5.592043
124,1,14,False,L4,1666.0,0.00013749804089038716,0.014788440194863774,0.00869308023026659,0.1095731287840066,0.15114538623765325,0.10931460759142303,0.11550637616458455,0.1809099686868167,10.211684,4.5122986
124,2,14,False,L4,1202.0,0.023219035649652706,0.002353582568925671,0.011154550671082064,0.10216068748688789,0.05872604391196866,0.18999218752234445,0.17556529035584487,0.2307760578304933,9.217226,5.4880295
124,3,14,False,L4,3153.0,0.009115132547900471,0.004622620522284136,0.004572437671711262,0.036424736778255855,0.1164462962631567,0.06266785749068819,0.14253612042918845,0.10283337213315365,8.463506,2.0560806
124,4,14,False,L4,1963.0,0.006229616793822047,0.005032373845798798,0.009974323121278104,0.08883376937133139,0.11841143947120061,0.20255233026174765,0.1392691277923243,0.059429092985152816,10.11274,3.8590353
124,5,14,False,L4,1206.0,0.011506491088868774,0.007777874949491228,0.010454981542570704,0.017969762192383665,0.028374938101604266,1.725514846875463e-05,0.2342308264816336,0.2391767232173846,4.948821,3.2326484
124,6,14,False,L4,1602.0,0.0011218436809011182,0.012752265633291723,0.0035189476043792313,0.06000620534471262,0.12204609650468376,0.0,0.19467120328271179,0.06554723140652573,8.439493,1.952481
124,7,14,False,L4,1311.0,0.010330798244489013,0.00597590709013332,0.0027584109920787605,0.049508921389931765,0.06498972964530672,0.24050508753165345,0.11988444744885857,0.07585636676849943,10.396149,8.215667
124,8,14,False,L4,6865.0,0.012253511653461552,0.006245031530855729,0.005799418825751066,0.0778392510135459,0.0671401423037313,0.25752632911644036,0.12464780839272427,0.25316370592429976,9.546493,6.0578465
124,9,14,False,L4,1705.0,0.03807151090621537,0.02568804772569641,0.008263538637721064,0.0,0.0,0.0,0.2548358423882438,0.0715911710007464,4.362667,2.8345625
124,10,14,False,L4,4224.0,0.009676778569470789,0.008169984375848453,0.005590811382523422,0.0,0.06956582927828409,0.05169587103924545,0.19833587996312196,0.2660846919488141,7.22305,3.7104468
124,11,14,False,L4,1708.0,0.012890427035584878,0.00253943321635856,0.004870327409004231,0.13042403493889504,0.010572627255510435,0.21942236681593869,0.038881134062858265,0.1315768820185512,11.046428,7.793503
124,12,14,False,L4,1945.0,0.011177071399875095,0.004576070089276685,0.008496604563965752,0.03546731243623443,0.08468108545956507,0.00042627590891103486,0.21992704023288503,0.21455400260740545,6.317387,2.843742
124,13,14,False,L4,2684.0,0.014807169933707634,0.0012625701172842344,0.0053181225628955815,0.13722321168873478,0.14946916822058143,0.17720016772029873,0.23261275352429361,0.11260509303446842,10.743994,3.4250128
124,14,14,True,L4,1074.0,0.005507985581241564,0.0074722262593517556,0.008107102464569534,0.03706819742693962,0.07048113828009075,0.0,0.07114809141890893,0.1336595038920901,6.6008425,2.618783
124,15,14,False,L4,1582.0,0.002433387047937689,0.006281001515590552,0.005425712323058556,0.13588692377556194,0.062030973981676236,0.14993638746736607,0.2176071054089398,0.1356087224826003,11.423791,6.346171
125,1,10,False,L2/3,615.0,0.002560924968981147,0.00935264966277531,0.00589865742981333,0.06340508633894192,0.063869094757982,0.12580768846122767,0.15142970131799882,0.11391993803558284,8.891305,5.8215775
125,2,10,False,L2/3,702.0,0.00699056207933079,0.005497851531352964,0.00459487527523688,0.03838471492767784,0.006074671866847336,0.3461191261932248,0.003615251102306086,0.06493261369057411,8.789845,9.572743
125,3,10,False,L2/3,1458.0,0.012544461422259129,0.004714386587337225,0.006672203731017464,0.06354067482150574,0.0001002902818727419,0.2755411710300662,0.15107994316132917,0.09899974540146803,10.544811,8.81443
125,4,10,False,L2/3,5397.0,0.01616827599983565,0.003913409482592936,0.004548539150774755,0.08990837143284068,5.955768543720522e-07,0.19087197880748508,0.15843815673043318,0.1425048045476031,10.699255,7.921245
125,5,10,False,L2/3,570.0,0.006620524244099307,0.004182517066142014,0.010438211717135552,0.07010351748536581,0.05191162635993915,0.181641296509346,0.10186472902998858,0.11494238606876502,8.816491,6.4074454
125,6,10,False,L2/3,752.0,0.0004068680705046253,0.013688843348382959,0.011531358951917323,0.13807538556867263,0.10884567537163281,0.1754081957241842,0.06778925948861268,0.20598376767754356,10.190461,5.403412
125,7,10,False,L2/3,1759.0,0.022648129975531443,0.0008762649565878867,0.003066018672434782,0.16226759626757356,0.026958783225211825,0.18472626273055975,0.16677497380838593,0.03464513465721277,11.745566,7.737891
125,8,10,False,L2/3,630.0,0.005935104435640958,0.00675729002670363,0.003303445939920902,0.014268270769026927,0.0714087010273427,0.11450242998238917,0.1374231253590319,0.18776485511017274,6.8720875,3.7261786
125,9,10,False,L2/3,622.0,0.010531065462494276,0.006396790752909172,0.010177869328789295,0.004894483256186002,0.02310967131022196,0.012021110921208505,0.2418492714446037,0.21861151316266117,4.945654,3.203065
125,10,10,True,L2/3,531.0,0.0013566330871584687,0.012152123563252066,0.00830077640568534,0.025012515118016578,0.10208541860358776,0.13089435204734484,0.0851309597146466,0.12295330195960896,6.5438447,2.894058
125,11,10,False,L2/3,1651.0,0.007192943959692108,0.007232278887080148,0.00520388424033351,0.07781622646028116,0.022703442126895526,0.19185994338134169,0.23769079709436738,0.18973824637365302,7.8495913,5.214114
125,12,10,False,L2/3,1413.0,0.011896711898502986,0.004345508637238884,0.005772162287191531,0.06194262503022487,0.06411669229616393,0.186441324056722,0.2487601786559336,0.237944015821536,7.74193,4.5425925
125,13,10,False,L2/3,1509.0,0.010380874404849203,0.005098098776295677,0.008582120882557762,0.07019711609022496,0.06541536342401776,0.27043552721788494,0.2534501573533546,0.1869556716806383,7.9485617,5.3064785
125,14,10,False,L2/3,2189.0,0.005373896895869806,0.007989518457861439,0.0033665037162169333,0.034074323565902974,0.07612672317803795,0.2356429773251191,0.2218639175984409,0.24104777882323788,7.545242,4.476391
125,15,10,False,L2/3,1596.0,0.010436470599380597,0.006309524282022339,0.010787209158988844,1.7106426439031226e-07,0.08111685465117749,0.04053328055048252,0.2627179005350005,0.22831385330269904,5.72954,2.8211493
126,1,9,False,L2/3,3100.0,0.05522952219297978,0.027377267523057667,0.00996628231220544,0.0,0.020662705521649907,0.0015502029394831411,0.0,0.15574542391578183,-0.046233814,10.684952
126,2,9,False,L2/3,2074.0,0.005155172673476441,0.009496130714798929,0.010072880794130908,0.02934287116930097,0.07971530794909656,0.2018742957633661,0.21212870638793577,0.07797639498963055,7.190866,5.9352098
126,3,9,False,L2/3,2487.0,0.014749464960207254,0.005036381472945876,0.005087618863450557,0.04748363415250329,0.030855490589057767,0.27745874438401036,0.1625497507124762,0.04753985436281608,10.461022,8.873359
126,4,9,False,L2/3,2822.0,0.0055971754304457106,0.010234984550949625,0.0029804534003206626,0.056244379287532086,0.02850917495142429,0.21628502934453608,0.06237049559881613,0.11373489387377281,10.284695,8.355339
126,5,9,False,L2/3,6725.0,0.010628382593947374,0.004960836959772744,0.002970998894852142,0.036545756563062304,0.10742684601645916,0.18353392997555,0.190074914866466,0.10300836124280656,9.170122,2.576461
126,6,9,False,L2/3,2284.0,0.012942325795969607,0.005840957860523478,0.012065383405653473,0.03612498447595741,0.07933381862165913,0.2125524142384073,0.24206265123001472,0.2517835131518334,8.655141,4.955671
126,7,9,False,L2/3,3326.0,0.00226890274367776,0.011837368134020514,0.01162459979641746,0.08062802712720532,0.10295129788242807,0.1354906102635391,0.11839305098538393,0.13626558515110354,9.787229,5.006289
126,8,9,False,L2/3,4085.0,0.011923679251193533,0.006113791636026525,0.010640394824555283,0.028003815831811014,0.09340911911996759,0.09560102925547227,0.12236588009449974,0.27129262063456766,8.683682,4.5026073
126,9,9,True,L2/3,1975.0,0.05034826569173337,0.027542347636445138,0.008487491187720202,0.009972043704408092,0.0006618887749498992,0.0,0.01418156458460991,0.08870873140644925,0.17289564,11.352631
126,10,9,False,L2/3,4362.0,0.0671543003517179,0.012978405434445879,0.009612219320912094,0.0008463269090045538,0.016074015996278113,0.0,0.0,0.2538008688191022,1.7635587,9.585934
126,11,9,False,L2/3,2032.0,0.003926335212413972,0.014892136401182659,0.004031262568959946,0.016288014545915518,0.05130922489594788,0.17893078836735035,0.12480909151777786,0.1815446795191757,6.9198823,4.520411
126,12,9,False,L2/3,3232.0,0.00014929831054470344,0.007672915534484118,0.006122798402242586,0.1609467922748107,0.12486864271004999,0.05885093160158447,0.07219775672331125,0.11930839671682159,11.650335,4.6367984
126,13,9,False,L2/3,2202.0,0.013350537439169655,0.006773084593052934,0.012479251833354577,0.03868126053708039,0.05590537660525552,0.23515566145178418,0.2263647927220305,0.16445104316720668,7.827439,5.8606386
126,14,9,False,L2/3,3193.0,0.008720652068145771,0.004498132013559988,0.007316604741045669,0.05144969158465959,0.13206461886338142,0.17103590343034966,0.14817870146344692,0.22567564809106158,8.75753,4.0705943
126,15,9,False,L2/3,2364.0,0.053657997601733384,0.026043784290197814,0.004152655619659213,0.003405067426331552,0.0018811042371582186,0.0,0.0,0.1493114547472716,0.5929415,10.788473
127,1,13,False,L5/6,2166.0,0.0004930902307666348,0.01552568592181416,0.0020920494806193914,0.1472286862994442,0.05400460098710611,0.22125015955052837,0.08974828045650177,0.15415712182134034,11.109174,6.5927005
127,2,13,False,L5/6,8613.0,0.005208898360217571,0.008264495618124278,0.009874765652451774,0.0029253827649886274,0.12281034899919845,0.0044949744078752315,0.17527531423328932,0.19626293447877005,6.3128405,2.6080995
127,3,13,False,L5/6,1825.0,0.03187607789124156,0.023963830595084768,0.009425135993708167,0.0,0.0,0.0,0.19129252765553162,0.35370777559529526,-0.073954426,8.918367
127,4,13,False,L5/6,1787.0,0.012238339187910036,0.004164502393332196,0.00745406045657688,0.044115018967420455,0.08757258548601445,0.016921341816993278,0.16076439668707673,0.10254441585948992,6.9936543,2.3023412
127,5,13,False,L5/6,1909.0,0.12636985837903136,0.04,0.008711607420592335,0.0,0.0,0.10881494656827559,0.0,0.16052013842324658,-2.0294237,9.424321
127,6,13,False,L5/6,1774.0,0.12683869228346267,0.03949948176779164,0.008405919315073675,0.001626644686428965,0.0036038244920859517,3.0045219935709547e-09,0.0,0.0974064756954799,-2.3587732,9.9502945
127,7,13,False,L5/6,1395.0,0.011904658836458797,0.005570868371333375,0.0041073501153673,0.0332217239772736,0.04670295549999883,0.13507099403378225,0.21579565358315975,0.17661771490967784,6.850582,4.110679
127,8,13,False,L5/6,1926.0,0.00019658727084931042,0.013087007920681444,0.006260630645139873,0.048768255940598706,0.16836130383494222,0.09243069233587987,0.20758913131392925,0.05491957112439395,8.828321,2.3350399
127,9,13,False,L5/6,3179.0,0.009896333422151038,0.008574750869027103,0.004467146169219369,6.151698573760441e-05,0.048179666042622436,0.015657890710673424,0.2720737599957663,0.14880017398646408,5.2716494,3.173664
127,10,13,False,L5/6,1212.0,0.015265724875628203,0.011493295569692606,0.008796281437206876,0.02385982257659878,0.0,0.3186762484707296,0.0,0.0910812560076508,8.725037,9.23919
127,11,13,False,L5/6,2110.0,0.009660841653301512,0.004602288682464893,0.004451753381448329,0.05278000387895963,0.08828041042453225,0.16092513377189926,0.17854454070658674,0.07465618757800947,10.011966,2.477565
127,12,13,False,L5/6,1458.0,0.0254434093081436,0.0122299705707714,0.010913499398786483,0.00768534779398698,0.010290757075055303,0.0,0.2094991721717918,0.08737536771451383,4.5794506,2.7619486
127,13,13,True,L5/6,845.0,0.011051967147302236,0.018958612583417293,0.010562497484909068,0.0256884133661383,0.0,0.3020265024028289,0.0,0.2120985776237554,7.719568,8.842183
127,14,13,False,L5/6,1808.0,0.00011716156531646505,0.008141804599630513,0.004926048111161932,0.1605061439101364,0.17668870244483445,0.10133113388236156,0.042362537038271725,0.12328575136192547,11.685387,4.65167
127,15,13,False,L5/6,2629.0,0.0071907269592906544,0.0027324909390671623,0.0034294953287056468,0.14268418860841,0.025490843536768386,0.12353780800216435,0.2055420768233485,0.11623804088459802,11.536812,7.325213
128,1,6,False,L2/3,3781.0,0.09053369689932003,0.016868759070919972,0.005218182524228309,0.0,0.0,1.2759380018336886e-09,2.2621900106657274e-10,0.11397045094443164,1.4170058,10.396552
128,2,6,False,L2/3,2459.0,0.03754542726224907,0.022444075603227732,0.010507375618943467,0.009218519112088151,0.006722606780309297,0.15308736160054204,0.0,0.04624220787976721,0.9036412,10.73544
128,3,6,False,L2/3,8184.0,0.0071886443287075275,0.004832739140198317,0.005586191699599898,0.12663149933825477,0.07646275362357666,0.18194387032458234,0.0014038061605579164,0.24504023066453542,10.664518,5.653612
128,4,6,False,L2/3,4029.0,0.0036852907266518384,0.006875483346013741,0.0037871907028858556,0.07858598975291928,0.12653481507797287,0.1291304026399651,0.14395496618352047,0.15053137432818828,8.748971,2.5360377
128,5,6,False,L2/3,2791.0,0.008186010198667354,0.0075200531828401645,5.194687596073415e-05,0.010071156572576557,0.041102276575334905,0.356261197676581,1.2775289974762701e-05,0.2448118960995194,7.7469807,8.570645
128,6,6,True,L2/3,2197.0,0.005151296703172585,0.013310283373819844,0.007478913259797803,0.016455438815322,0.04513786885950621,0.428911918450827,0.1659458652764416,0.1393274073724407,7.4101467,6.633904
128,7,6,False,L2/3,2592.0,0.048441391910129666,0.023260091007194728,0.005348569189418318,0.008545471474209698,0.0,0.0,0.0,0.21161383517464483,0.4733495,9.965987
128,8,6,False,L2/3,3045.0,0.07948144964499694,0.02531348516276347,0.006443212080215607,0.002594607994442854,0.0004895450624204354,0.0,0.0,0.1966336995734357,-0.18298364,9.953064
128,9,6,False,L2/3,3343.0,0.013101796022302326,0.0062538351519051925,0.009097162621543463,0.05139122574523148,0.055400137114173055,0.2964459800861267,0.18530947313479407,0.22339058174327278,8.470887,5.6821465
128,10,6,False,L2/3,3934.0,0.017575286113864844,0.003951331964001144,0.002838166102800622,0.03110940452160216,0.09115294714524587,0.2633638144863378,0.12432641821258614,0.20628431390932517,7.9526687,4.2398973
128,11,6,False,L2/3,16726.0,0.009448650096885768,0.0069453544497159354,0.0031368261564109876,0.07558835812161212,0.09629526576990886,0.31548537806388316,0.26024033656146545,0.1096937809015086,9.792703,2.987663
128,12,6,False,L2/3,3285.0,0.02158685494351906,0.0245839876478464,0.0043235268016249395,0.0009863617380758962,0.01675742689957627,0.0,0.26693760040063236,0.1727416992945598,4.305064,3.019504
128,13,6,False,L2/3,3301.0,0.08955547138904024,0.011234554372995703,0.010137913265825112,0.0,0.008082726379439801,0.0,0.0,0.16016777036915003,1.9645473,10.038615
128,14,6,False,L2/3,2701.0,0.0048429763235615046,0.012189042435393605,0.0129212324662742,0.03218234705575328,0.07034039748042574,0.37014329386957134,0.09090557680979068,0.2306465833851892,8.58977,7.7075214
128,15,6,False,L2/3,2579.0,0.06348345723427008,0.022597645037641778,0.006416681799100767,0.005427236845609794,0.0,0.0011845348404798946,0.0,0.27721202774204073,0.058013495,9.137573
129,1,13,False,L4,791.0,0.05881018308047534,0.028657946910487102,0.012227871857911712,2.8894448866465398e-05,0.005480201295115053,0.0,0.0,0.2513740888759274,-0.54332376,9.319396
129,2,13,False,L4,1179.0,0.01421661155532991,0.003696158261921209,0.011733993255453913,0.1057307880229454,6.605484084162121e-06,0.19711580442912388,0.09843051091523007,0.24466550059573958,9.470481,7.0998697
129,3,13,False,L4,793.0,0.004412778419672274,0.002978051366644773,0.0015235500643084805,0.0981248989701271,0.08332422375679016,0.1492750197649002,0.12317194044589996,0.04514513164758682,11.138956,3.359894
129,4,13,False,L4,1670.0,0.0049812831713909045,0.0066675549450208255,0.004979994197243459,0.007588651805041917,0.12095805702823677,0.05021252557516964,0.05850625273170368,0.20671111007858453,7.3906884,2.8331146
129,5,13,False,L4,1851.0,0.11621180566467469,0.029986607292506216,0.010311858688475613,0.019402563647302307,0.0,0.0,0.0,0.13809190989257525,-1.7707417,9.814915
129,6,13,False,L4,922.0,0.004211279178846178,0.005809629417148555,0.010172901638691518,0.08938822446861419,0.09422001955818156,0.13359311761894746,0.05381835638384362,0.18984100454457978,9.888281,5.3483877
129,7,13,False,L4,858.0,0.008455301587545675,0.0005141322455989173,0.0066524239389231035,0.1413754675358928,0.16214135028334767,0.2084568774051044,0.10614110305459117,0.2022861993378111,11.237023,4.6909313
129,8,13,False,L4,1062.0,0.007392034320381769,0.005578999773474682,0.0073719589436580975,0.043240308786066245,0.06242254133252495,0.21504340207163658,0.22874043038980912,0.1627865421195707,7.918201,5.1362906
129,9,13,False,L4,859.0,0.0631861460242161,0.027304409993388585,0.007061519661731254,0.0,0.0,0.06118786862310842,0.0,0.13128321517256614,0.34266612,10.8716755
129,10,13,False,L4,2209.0,0.0017397022300236914,0.011082467493016744,0.006833314910061592,0.11667761919538157,0.12645101890920069,0.17940705935981546,0.1657485406377537,0.23868104240070948,10.978212,5.0147815
129,11,13,False,L4,1194.0,0.0034528103584614365,0.0053672256443464935,0.004613924729303602,7.875613472401309e-05,0.12845448321731934,0.012220848625984701,0.11296774342023402,0.09115739363276634,8.33639,1.9794487
129,12,13,False,L4,1538.0,0.016363299605569235,0.004131895988931281,0.011189542118725556,0.016743951898748475,0.0690042918941947,0.08721257060533974,0.20242519936489403,0.2375395446777053,5.8320866,2.9093516
129,13,13,True,L4,753.0,0.0069157987589605055,0.00625976784440948,0.00796916927458545,0.02385246949366481,0.016713994667545005,0.2815428449541508,0.18686164955157805,0.1291798425703484,7.323553,6.5075254
129,14,13,False,L4,2887.0,0.009749673634138901,0.004451725784444696,0.0042711438964105255,0.028431390417924154,0.11230289711341543,0.26264914246230664,0.11904819486510777,0.09668182547927337,9.220755,2.4536653
129,15,13,False,L4,843.0,0.008552685165522622,0.00010005580524575601,0.004552543343795633,0.14905045992636162,0.16836396781256585,0.2179823808513332,0.03122507568453191,0.20692523954315384,11.519189,4.564824
130,1,9,False,L2/3,1321.0,0.08011600102651373,0.024725094702343145,0.009662145286078748,0.00971380775329159,0.000989646771257889,0.0,0.0,0.16365087269611173,-0.4861896,10.713538
130,2,9,False,L2/3,4306.0,0.0021385418143424428,0.009591224607418014,0.006641941215540757,0.12779977247491636,0.12542172543553817,0.1125346549213232,0.07802489966515623,0.12783649716842674,11.204658,4.3713493
130,3,9,False,L2/3,3293.0,0.014165879802410722,0.004009401206714696,0.013044062077788897,0.05348938813380024,0.12095849320327026,0.15586025413529997,0.21590586261351613,0.08829947017860168,9.475162,3.8501136
130,4,9,False,L2/3,1228.0,0.08235246736012522,0.02530689197792709,0.007674055591059792,0.005732529504359329,0.0008456235046836063,0.0,8.43799730638117e-05,0.22597829850311618,-0.36343572,9.53864
130,5,9,False,L2/3,1889.0,0.015100630089888607,0.005776295696153442,0.002636955673762969,0.0063770042531746795,0.06107213810725601,0.002922517571659231,0.15377370891452377,0.1518038040624393,6.997868,3.033189
130,6,9,False,L2/3,1747.0,0.008165875232794566,0.008341789112743244,0.004004574395733246,0.022407995692447773,0.06364626548799668,0.09603015749000605,0.17473331065580866,0.1867293256029184,6.8218217,3.7536576
130,7,9,False,L2/3,2079.0,0.004312417992896967,0.008498584136603293,0.007200326607139677,0.08159444697445448,0.020627385105348287,0.2948531165212312,2.0994324396838953e-05,0.05915756990257706,9.305879,9.224035
130,8,9,False,L2/3,10063.0,0.003675730682109422,0.008376601380002143,0.0024924175526173475,0.1265250501545704,0.022675550202136307,0.2284372517841294,0.06529015735460794,0.08064050682686315,11.326441,7.815678
130,9,9,True,L2/3,940.0,0.0018595360099211721,0.0001,0.0,0.1025643847641455,0.07362932930528909,0.1567153963280747,0.19122697008999462,0.10909394498752802,11.058089,3.1171894
130,10,9,False,L2/3,1264.0,0.02067544146377595,0.014394580544667721,0.014172733831272663,0.001148741371548924,0.018736827544496085,0.0,0.38977570587252214,0.16402412617093595,4.6703796,2.6895385
130,11,9,False,L2/3,1061.0,0.0642667659742215,0.024275977825673405,0.004821369257632644,0.0035185789433230088,3.914002668078472e-05,0.0,0.0,0.20907818233395062,0.24231838,9.970921
130,12,9,False,L2/3,3600.0,0.014013213715384838,0.0047607858742828996,0.009387438511871632,0.023948100521515168,0.09191014520787831,0.01870755402387156,0.08172914464099833,0.2310570626168249,6.7015543,2.8821275
130,13,9,False,L2/3,2351.0,0.01375363968423343,0.004600303122755784,0.005890124701581831,0.08441024712096325,0.05473403555274144,0.17192066959693483,0.13863863916946928,0.23664906838332045,9.633305,6.034061
130,14,9,False,L2/3,2042.0,0.05927834599628274,0.026846057393799284,0.0023886628559444028,0.005847012929626558,0.0,0.004591481754848663,0.0,0.16760364252525398,0.57978034,10.648008
130,15,9,False,L2/3,1569.0,0.05698682600026216,0.02452737989264208,0.007413462609159751,0.0,0.0,0.0,0.0,0.13980810969350016,0.35565418,10.874289
131,1,13,False,L2/3,2703.0,0.003932482170367858,0.010020691920252579,0.008677240302293795,0.09081295515710204,0.002467855381125428,0.2019280125995948,0.04874730381594663,0.12518597366924328,10.350817,7.7954087
131,2,13,False,L2/3,1627.0,0.11720491573762899,0.037352160251795274,0.0038008720697879977,0.0022583418940714177,0.0019080931613573104,0.0014948453812080207,0.0,0.22494523132866476,-2.3789604,9.234818
131,3,13,False,L2/3,1432.0,0.06879729170427215,0.02889689684038402,0.009896968328936247,0.0054440346292349805,0.006308429838490967,0.12423902108447914,0.0,0.2740079380904241,-0.2228047,8.925606
131,4,13,False,L2/3,1354.0,0.016334319973293054,0.013260870043539534,0.011071114812691676,0.010822843848264834,0.023389378594729015,0.009305754229888401,0.11769756453945102,0.18836202511074654,4.698748,3.778799
131,5,13,False,L2/3,5458.0,0.01485280060280362,0.004012151588567385,0.010545503257662079,0.09988065173284634,0.0566606880557319,0.2390653237066269,0.1682719168655839,0.09988337352058987,8.3065815,6.417202
131,6,13,False,L2/3,5975.0,0.005927441265249771,0.005200302161849205,0.009110663354501374,0.12474879905661403,0.07321370194919083,0.20442006223685122,0.0614696352004568,0.13124228929893153,9.648323,7.8827734
131,7,13,False,L2/3,3014.0,0.0031105994210647533,0.00903826300483106,0.010147494501540876,0.09837556822587727,0.11680488673778587,0.26125914335628986,0.18331058958126797,0.07994757818574402,9.990483,3.8622491
131,8,13,False,L2/3,3385.0,0.011312315261959539,0.003699520202070679,0.0021697254641753288,0.11489063719727609,0.06853911634146416,0.16750181205435877,0.13951732794361527,0.1916568160412299,11.10946,5.7990117
131,9,13,False,L2/3,3583.0,0.008693061760014427,0.006752020772244526,0.0113361144406439,0.020686429410483747,0.09867893107832722,0.014475260621867945,0.11624396827170026,0.17711424086586597,6.2421527,2.668179
131,10,13,False,L2/3,1794.0,0.11123795779521133,0.027733073552012447,0.0103743410613133,0.0031534665461004103,0.0007727488313327559,0.0,0.0,0.2705145211843083,-1.1130424,9.072127
131,11,13,False,L2/3,1610.0,0.024934424467297708,0.024520854647577042,0.002563004253664895,0.009991729346129474,0.005139755154345509,0.14176746511805946,0.0006048966710142011,0.21869833624900292,0.6948687,10.06774
131,12,13,False,L2/3,1401.0,0.05898836450312743,0.02675339524716595,0.01318171256993595,0.006930605046799768,0.009098111423731124,0.07086009369203643,0.0,0.3226860305956707,-0.21899436,8.793234
131,13,13,True,L2/3,1120.0,0.14168891146530727,0.04,0.00022205791103291505,0.0,0.0014493495919583091,7.660608481627816e-11,0.0,0.19962914840117071,-2.5312715,9.270602
131,14,13,False,L2/3,4776.0,0.019866054832354,0.0033500328433612395,0.008273379940174595,0.05143892432055967,0.10408183324739163,0.06137705923518916,0.14700745099703283,0.1638935700628816,7.392519,2.7845035
131,15,13,False,L2/3,1340.0,0.011201553766851897,0.010871003682101223,0.0027343445413636268,0.0027776143114567387,0.01858981185289666,0.004101066462285927,0.23142465593919315,0.08106037271505993,4.5162563,3.3050058
132,1,4,False,L2/3,4005.0,0.07975053126925646,0.02875934360315171,0.0028521635464600183,0.0029224993526501108,0.0,1.2217598462415333e-09,0.0,0.17873498163921886,0.1344452,9.998186
132,2,4,False,L2/3,4167.0,0.008802916541352101,0.007749394956826145,0.008076078967750356,0.05443691069107802,0.0690236419499256,0.14106675263265092,0.12047215464413412,0.1579014700640951,8.880405,6.031851
132,3,4,False,L2/3,3390.0,0.017631067083974144,0.005576490512123309,0.007987568913356646,0.04506051973449131,0.07385456823631557,0.06535801980998374,0.17194940520986604,0.17869788665693428,6.9516745,2.893729
132,4,4,True,L2/3,2114.0,0.06574536119749487,0.020185231254965883,0.01323417119497105,0.024436733788958664,0.0021784852889171723,0.10836155468059469,0.0,0.3428581118855462,-0.16807897,8.740677
132,5,4,False,L2/3,3701.0,0.0027979691368213233,0.012772993429177211,0.00607053767673943,0.07062170008261957,0.07089971848902699,0.09833650947377694,0.13832247257538555,0.13641775139838955,8.934501,5.7999673
132,6,4,False,L2/3,4262.0,0.11127412768161256,0.03781142387673766,0.004282884541424598,0.0009719135470523459,0.00016298961161833169,0.0,0.0,0.3219652795882549,-2.0916002,9.090171
132,7,4,False,L2/3,2983.0,0.0061741820839533255,0.00943475933589595,0.012518411236214555,0.06313042381643041,0.07336033260589764,0.06742981731820152,0.15594613047600783,0.24744740223898323,6.3568635,2.9194825
132,8,4,False,L2/3,2895.0,0.07406826267721406,0.02534294846086941,0.009374184857140262,0.007465940326071193,6.039207328365566e-05,0.07137899426347555,0.0,0.3085238955813923,-0.20015864,8.817258
132,9,4,False,L2/3,8099.0,0.01441331489629617,0.008429210527043849,0.013732250622480407,0.00279303116215959,0.07287835882767649,0.0,0.2920826458871047,0.12399655487787269,5.1086144,2.3868232
132,10,4,False,L2/3,2667.0,0.008704991977141889,0.008036219267380471,0.008783038295102692,0.045752929676138046,0.038626595564373145,0.07077070535235841,0.29082314781286417,0.08031616713329949,5.137648,2.4807231
132,11,4,False,L2/3,3543.0,0.059350635996780636,0.008717754416163844,0.012642269844476263,0.035113072822488385,0.012062388852919732,0.17848376242913847,0.013046060366652977,0.2755084347825217,6.8479786,9.425247
132,12,4,False,L2/3,2348.0,0.054727684000456564,0.01948206065177877,0.008678030878010098,0.015897678677550788,0.0,0.12018226128995373,0.0,0.23335585945536857,0.021853846,9.615496
132,13,4,False,L2/3,6509.0,0.006262030830544654,0.006776043989663033,0.010635016184674214,0.11230204013334726,0.04095052931074628,0.23341582066450153,0.1504220187773194,0.09191600404956835,9.158722,7.542848
132,14,4,False,L2/3,4603.0,0.006897277039581603,0.004410223321480347,0.00442604243566956,0.13040276225624362,0.12191533455274577,0.21250924666427043,0.13464543919313138,0.22091161008629892,11.027365,5.123163
132,15,4,False,L2/3,2678.0,0.008845629215464786,0.008454726466837955,0.010784018472619263,0.051851393239772545,0.05222995926108235,0.04595600588746136,0.2752329291349843,0.2007868878914887,5.13909,2.6092367
133,1,2,False,L4,7983.0,0.011623336051903953,0.005878692664956075,0.007976992217400523,0.05447728895433874,0.08524929396167302,0.06284055925430342,0.1125566765679327,0.2216208786562006,7.0519986,2.9494095
133,2,2,True,L4,5693.0,0.010185091986288572,0.02186192436993288,0.011640867072143195,0.01418322340041553,0.03730941166309241,0.17523278255174188,0.0018555323286380512,0.09536752761354642,0.8885946,10.7113085
133,3,2,False,L4,10609.0,0.005014037158654825,0.008475734875462345,0.004601597439170803,0.061182308876452395,0.11645805176209803,0.23772602068718374,0.12762321463915766,0.12869674093888242,9.458606,2.9301052
133,4,2,False,L4,6557.0,0.015389320049396976,0.006334720702686292,0.008669452597124594,0.06847614444219363,0.02514490800741329,0.16580162574166668,0.005948109305268034,0.2786703851447554,9.837756,6.9204526
133,5,2,False,L4,6909.0,0.009529706346045896,0.006872106133499066,0.0037767593970242383,0.024901221829327996,0.05493464890631932,0.0,0.48289152179953615,0.06240482432784025,6.219526,4.324017
133,6,2,False,L4,8380.0,0.000187438470199626,0.011580369065187833,0.006976417099595854,0.07132035186959533,0.08422091853302388,0.14922244180551628,0.24458136843696252,0.18333195309213787,8.102719,4.9931936
133,7,2,False,L4,6510.0,0.025665479027554446,0.007084799610516897,0.010050159882528506,0.026946976630102093,0.02442697985369122,0.04415518403666699,0.20517453653381298,0.17380700064067908,4.9448457,2.7569256
133,8,2,False,L4,9171.0,0.002646172583879089,0.01122043865784316,0.012003362903412257,0.11069500548574236,0.08338310911069494,0.1274066054330289,0.027165343567782312,0.18436535023495726,10.084395,5.5535035
133,9,2,False,L4,7712.0,0.0094175506883483,0.007254061468391206,0.011905498265300568,0.06615059050348662,0.061766439468306907,0.25521986740837355,0.1699720606456121,0.21066197230433048,8.486108,5.7787895
133,10,2,False,L4,5751.0,0.020385565904977018,0.00669825859682756,0.009201341964210265,0.035974414349350385,0.02610622302660258,0.05128205192371396,0.2641931210381085,0.15946585366607602,5.0021224,2.622418
133,11,2,False,L4,7007.0,0.014984355820418042,0.006896923740803215,0.003846211853170621,0.03077397712760167,0.023002033656641094,0.16860768737912563,0.21109414944172275,0.09491250727834695,6.7093577,5.299451
133,12,2,False,L4,6626.0,0.06936487729721558,0.008243907216957077,0.007971188887081003,0.0247540682951457,0.0,0.047985278938067186,0.0,0.31656362950183986,1.6187912,9.508917
133,13,2,False,L4,8297.0,0.0012160985566384563,0.013581009623795368,0.010690328364493537,0.12165931119923341,0.14895314230776854,0.21486993413910307,0.05409892006664991,0.23368611762852748,10.215569,5.249928
133,14,2,False,L4,7359.0,0.04656658995142321,0.012596383706303978,0.0028062983698785514,0.0025986359441694277,0.004546925022121085,0.0,0.0,0.13752851905659574,1.436621,10.504833
133,15,2,False,L4,7187.0,0.06320002892901286,0.012419979725894764,0.005315786089325961,0.010968119989596424,0.008415891219360148,0.13389483356550774,0.0,0.11839104431987084,1.6668903,10.508467
134,1,7,False,L2/3,3848.0,0.013301841724817817,0.014633563281460987,0.005799261012553821,0.009839379959131936,0.029899412592588465,0.005803194127991393,0.2878977250786455,0.23257287469447244,4.761978,3.2235267
134,2,7,False,L2/3,4065.0,0.07682061156235713,0.024042595783226515,0.003845068469427403,0.0010649865398024757,0.0,0.0,0.0,0.18063701490987233,0.1780559,10.046508
134,3,7,False,L2/3,5124.0,0.007607729297185311,0.011158214766503569,0.005950602224622811,0.023462445337037115,0.04834961577713908,0.16484069456744255,0.2385622814284238,0.07719396429875654,6.7025347,5.2858725
134,4,7,False,L2/3,4821.0,0.016982044232809176,0.02262016844969179,0.004980821713692565,0.0,0.011497343558811277,0.0,0.3030822988663946,0.2592271514043246,4.61552,3.1302454
134,5,7,False,L2/3,5200.0,0.007550328354957699,0.00943440758148956,0.010238800123887925,0.05677598535543931,0.07405346065592164,0.14332338504541037,0.1062283440557119,0.17688436390776893,8.998183,6.047089
134,6,7,False,L2/3,5663.0,0.004935573743215629,0.010857975629671241,0.007856803808731553,0.07274101914367868,0.05186916597740712,0.18163918860163406,0.11505558447322818,0.2286057758467794,9.545875,6.0757456
134,7,7,True,L2/3,2869.0,0.003658693446419169,0.0006477977420444793,0.0004395162948068632,0.032770231443076385,0.0,0.18450892503349572,0.09529567981796981,0.093547906631622,10.469248,8.504404
134,8,7,False,L2/3,4528.0,0.013932553662157291,0.018130209641299196,0.012476473915434522,0.03072376418822683,0.0074235636441343286,0.49187233853753465,0.0,0.13386328159658983,8.565594,9.229064
134,9,7,False,L2/3,3031.0,0.03548923036513684,0.016146262753815203,0.008810842251792694,0.012269458511178425,0.019014607549162562,0.021732405250113725,0.12672406458825639,0.11366999823852025,4.321688,3.3545558
134,10,7,False,L2/3,8148.0,0.0027840812387320965,0.012972902866487753,0.0039953367968796755,0.0236350213079693,0.09731652216575198,0.029926124236701206,0.22623561534576142,0.2373878987587068,7.2611947,3.4604971
134,11,7,False,L2/3,8740.0,0.016327325984000225,0.0035934349138440924,0.0021939183541128445,0.1175871030379828,0.06317085207416062,0.12295714308032678,0.19748140356339963,0.18970280203951423,11.10271,6.0081935
134,12,7,False,L2/3,6991.0,0.001817271216381132,0.014387933281955189,0.009251383360103959,0.08537107860954989,0.11933003110978867,0.1647463155177356,0.18967511786372185,0.21347808544331354,9.76083,4.7187815
134,13,7,False,L2/3,4900.0,0.013748462714519266,0.010412756670003364,0.011163094997133142,0.028913189093639102,0.050683919140407326,0.29912578330331163,0.3554540127244233,0.08011838220881518,7.58846,6.168132
134,14,7,False,L2/3,2954.0,0.015524527813534646,0.0001,0.00066024603559558,0.1426755860691292,0.11249986017852366,0.16158075181028633,0.1370631930707858,0.046435036506069144,11.240215,3.3554373
134,15,7,False,L2/3,4853.0,0.014931878502414057,0.010405718587544395,0.009167960224583606,0.0171955369640704,0.053232189005667424,0.0,0.251292874904126,0.13071740991129818,4.994179,2.5654433
135,1,6,False,L5/6,770.0,0.01862754324913873,0.002270972376317953,0.006203476165519405,0.055892837366257234,0.10732519593622829,0.2217791565285248,0.10230775851157353,0.1302865630124973,9.260539,3.562471
135,2,6,False,L5/6,235.0,0.0001005303501461294,0.0005761278036974327,0.015469789535981479,0.11102862792397968,0.06776744273602034,0.018347853016406276,0.21079687635959318,0.048704456986152445,13.036736,8.690644
135,3,6,False,L5/6,229.0,0.023991213966694402,0.00016100031891833357,0.005666338631673999,0.09381032869691106,0.1460572998459414,0.04594262186882741,0.1419883516692373,0.043175127709466125,11.399208,3.5277567
135,4,6,False,L5/6,231.0,0.00010016214413923833,0.001196510766333567,0.016220601192392076,0.1167279345594924,0.09085902219976617,0.07657783444878757,0.19192905771545996,0.12632852264530287,13.050282,8.695907
135,5,6,False,L5/6,268.0,0.004427263248357702,0.0007195933811508118,0.009689916754711649,0.05686726449185484,0.12342808532002988,0.09675520175508735,0.10553780218175951,0.2166691156467368,9.076501,4.328134
135,6,6,True,L5/6,224.0,0.016510860433536757,0.0017268266160597467,0.003471071817319857,0.08121888898367771,0.051051869470034004,0.1763138490668023,0.14544479530570645,0.16183047577168871,10.23521,6.622024
135,7,6,False,L5/6,268.0,0.004203416574655674,0.00569930679337159,0.003952715888421204,0.014070759637328838,0.0064488764611707146,0.21316502609452243,0.1219016231164915,0.04705202216944961,9.761464,9.298809
135,8,6,False,L5/6,288.0,0.004933151901373038,0.006344348760539429,0.005181706829695446,0.050497559023314806,0.0004767087009704874,0.2983768469270986,0.08331253201318106,0.06106827606839429,9.359062,9.401771
135,9,6,False,L5/6,323.0,0.011662196722808054,0.0021776259502524374,0.0032966725742835847,0.11662563948362337,0.0349389837725248,0.12221299073956873,0.15101287506928113,0.15120149736221256,11.31098,6.832412
135,10,6,False,L5/6,227.0,0.012577077373370197,0.0029756230066357056,0.008084945513521305,0.03156994140398337,0.006799541557589464,0.2124632387929565,0.035629490060001025,0.21481374977154455,7.9606094,8.295886
135,11,6,False,L5/6,1006.0,0.009245692875015218,0.006568207915490085,0.012986545389789262,0.05795340432181678,0.012143100715996826,0.2749023428969053,0.06494036298694197,0.09492294468621973,9.042371,8.730105
135,12,6,False,L5/6,422.0,0.0011760909359353915,0.011606862344157918,0.005451410379157188,0.0776955215701948,0.03883510307251242,0.0758591788572972,0.22825756953134926,0.1312579779046569,8.490653,4.275308
135,13,6,False,L5/6,15937.0,0.01736878251440969,0.0031812398039417944,0.0019846503032142923,0.10259670191315653,0.11952777494390468,0.15417495196873762,0.23628851871851028,0.21342809884000866,11.260662,5.1179433
135,14,6,False,L5/6,237.0,0.022638879113343106,0.0001,0.00903596285489563,0.17412950472034588,0.0633371435999193,0.106432645334441,0.1589505899821604,0.020154507565623665,11.728085,8.005015
135,15,6,False,L5/6,1104.0,0.0008330631723804334,0.010403587424458861,0.0034973732668312245,0.1432013874526913,0.0002347712927438516,0.17353666227835612,0.05534422793338855,0.08533730661143256,11.288899,7.7281237
136,1,9,False,L2/3,1152.0,0.009389617900214194,0.0073733203536483615,0.007000524918750938,0.03195605307752138,0.06961366188271294,0.2427087931704368,0.17687903469048075,0.17647966058842793,8.083892,4.9306173
136,2,9,False,L2/3,1875.0,0.006715643736029055,0.005403562179950815,0.007650482711846851,0.09693064398206772,0.05086025630789751,0.27101070372316277,0.039100557269005215,0.06792084654925643,9.612438,8.683081
136,3,9,False,L2/3,1293.0,0.0103913386863334,0.013264322829120882,0.0062856782522328625,0.0001896015467601429,0.022604769794706676,0.0,0.3118287566823864,0.08701662681923321,4.907929,2.6341195
136,4,9,False,L2/3,2105.0,0.0029021765109632624,0.0068621580170228815,0.007088373520192123,0.10159829614376227,0.13831751286104813,0.06595484529433024,0.07424740781959878,0.20573314073026094,11.255368,4.453175
136,5,9,False,L2/3,2342.0,0.011372545152728064,0.00439594566312636,0.010042383545679568,0.10286238055855962,0.0772080980992394,0.3031212048998548,0.07367748581133178,0.140987277602382,9.438634,7.800529
136,6,9,False,L2/3,1116.0,0.0033424940503374214,0.011570222563011913,0.0030190477928388436,0.05251002869389056,0.02980757398084722,0.2521346965818689,0.027073713370430685,0.2283996378497654,7.792121,8.181613
136,7,9,False,L2/3,1415.0,0.021032074822490372,0.011823393197480691,0.012149952455983746,0.01325206158110413,0.021408245405758943,0.0,0.2748548978421425,0.23188317828103522,4.755885,3.083208
136,8,9,False,L2/3,5566.0,0.0063331117019237845,0.005242550217888447,0.005418949213665048,0.11503355194970495,0.12286453389047579,0.23658335113160456,0.21672314736961854,0.20955967667040787,11.189122,5.114236
136,9,9,True,L2/3,1105.0,0.02240703733250297,0.010253056118056564,0.004328724275711268,0.014657955210555289,0.018249143812350852,0.1691966912113562,0.0613112650824653,0.20833510027889768,7.4413533,8.333014
136,10,9,False,L2/3,1642.0,0.007716203713021272,0.0057398561568243614,0.012437762011851115,0.0836877802813383,0.05358061080708459,0.19696801188760696,0.010810334147574313,0.0963888328080531,9.202777,8.571264
136,11,9,False,L2/3,1340.0,0.07968938162306785,0.027636808866113492,0.00870398423222766,0.002292267884310298,0.005075934650806096,0.0,0.0,0.25588038840239785,-0.33194155,9.396208
136,12,9,False,L2/3,6043.0,0.05639491786640712,0.027046507281942772,0.008933009168139848,0.02485392129521644,0.01414369875414985,0.058957173574639365,0.0,0.0855001625263907,0.07718609,11.381701
136,13,9,False,L2/3,1520.0,0.06531322746674263,0.008244249059582008,0.009805436949591172,0.0021679196641153885,0.004605733813968069,0.006550508153708886,0.00045859956969381563,0.16284511494966417,1.979128,9.989168
136,14,9,False,L2/3,6615.0,0.00995951479863854,0.005442133084144304,0.005399567809109316,0.004156003525809373,0.1175075512021794,0.004628065321997326,0.12505514419472552,0.22236779556899924,7.2491193,2.8897367
136,15,9,False,L2/3,1596.0,0.00025267042317628636,0.005921844118110553,0.002567327719440648,0.15702364498930135,0.06475154421366638,0.07914390854562986,0.11624307019754926,0.0486837101976787,11.793272,6.6257033
137,1,3,False,L4,1157.0,0.06393548832007899,0.01210365034468423,0.01023250466787358,0.0,0.0,0.0,0.0,0.2097642029829398,1.8645201,9.761206
137,2,3,False,L4,2050.0,0.0005521126825900839,0.014888837522558958,0.00202864800151838,0.06641078582730878,0.15364973057398687,0.05563931044354234,0.10400700034558163,0.07402049889072482,8.791848,1.959061
137,3,3,True,L4,748.0,0.0040617091038073075,0.00904990504087815,0.004683259875604733,0.06129924172994939,0.05095539963214133,0.1863122823133444,0.0982490128659345,0.180629264546923,9.803221,6.178332
137,4,3,False,L4,1142.0,0.14241688195535862,0.04,0.01143580264674782,0.01604633683631177,0.007862698598140724,0.023438461524877614,0.0,0.19025176515358486,-1.8547204,9.340587
137,5,3,False,L4,1160.0,0.10557296442937511,0.03458389231301934,0.014100074806063373,0.0034273667378350134,0.0,0.0,0.0,0.22912376818458605,-1.3495626,9.253627
137,6,3,False,L4,9986.0,0.017428182501787116,0.003758024757352002,0.00487882728027559,1.5440621856565422e-05,0.11326772229139741,0.08054532304758893,0.19234155333858738,0.20085851329204718,7.8552537,2.7391996
137,7,3,False,L4,1093.0,0.013438679447749733,0.0037103675016856045,0.009685997047561568,0.04641592907542111,0.09177805875829093,0.052868091447315115,0.2193240900063546,0.0796613504872284,6.127617,2.113942
137,8,3,False,L4,2241.0,0.0018561770726599068,0.01110206313414147,0.003689259881149964,0.10366047398330938,0.10722494673392673,0.1493883890313739,0.21022026526286733,0.05946118634661589,10.747125,3.166022
137,9,3,False,L4,2333.0,0.010488809591335102,0.003964089682973931,0.012158080056624368,0.10795357212621329,0.08759043516934774,0.23935612100388054,0.12922542995471548,0.2036243801363302,9.661632,5.1683497
137,10,3,False,L4,1799.0,0.008701349056111064,0.004655961316359431,0.011488719174073498,0.10710963041402236,0.02766138403680239,0.10270931262385578,0.0012565410154428836,0.20962347679839688,9.850806,7.2984133
137,11,3,False,L4,1389.0,0.0030282198222506816,0.00827661746607958,0.008652889512387272,0.10193387432848143,0.03143896580785424,0.24501843430455006,0.04612745899625755,0.05723011559064582,9.613691,8.694582
137,12,3,False,L4,1228.0,0.08277315982289035,0.02416912629821505,0.01298903685426775,0.0,0.0,0.0,0.0,0.1437723905969564,-0.44303378,11.0775385
137,13,3,False,L4,821.0,0.0034472627927591096,0.010101879931071592,0.01014642425675444,0.06824283487761591,0.04236990922074619,0.24687161590607692,0.1652129584517189,0.12990151009403997,8.296487,6.3768816
137,14,3,False,L4,1878.0,0.00011080261418158995,0.01334560756510898,0.0024228024697393203,0.17216337499094692,0.11958005191800802,0.1310405645955693,0.18896438453961287,0.15395426052528105,11.940085,5.1895313
137,15,3,False,L4,1578.0,0.0009198370477323354,0.010655170364078925,0.007926361447368446,0.15064274158209146,0.10460831488087763,0.10378433284119058,0.03730033136623536,0.19855622283467242,11.62906,4.8881307
138,1,9,False,L5/6,132.0,0.005035032396445991,0.0001,0.010648063606600313,0.11697813595420414,0.16241163663655653,0.04861246136232966,0.0382784247118653,0.18886702704484407,11.19057,4.404632
138,2,9,False,L5/6,124.0,0.0022948778286135257,0.003948088683325243,0.010245010272597657,0.0,0.0666260054953348,0.20646643595413733,0.13825772525372412,0.053708526002471835,7.1758604,6.116032
138,3,9,False,L5/6,714.0,0.012103175434581639,0.002470441307535457,0.01119508364198426,0.10426287637499192,0.10930335354964174,0.2532031455191973,0.1990673674853128,0.09059041558208279,10.054674,3.9234416
138,4,9,False,L5/6,236.0,0.017580988173072038,0.0008019460367860474,0.010305977068375619,0.14775966439009555,0.0,0.09123234537023456,0.12303225586237569,0.11619558351976424,11.544477,7.7915616
138,5,9,False,L5/6,140.0,0.015127377647603402,0.00152329725742919,0.005342500821362812,0.002011486874488021,0.12180652736606667,0.15826853337149144,0.20556437931960875,0.07039195752922209,9.062764,2.5119023
138,6,9,False,L5/6,212.0,0.021214576713869504,0.0002794318297454777,0.006368319834317168,0.15117332449031848,0.03727792252117895,0.10928448683145957,0.09040698285253865,0.056386191301499196,11.696152,7.9342303
138,7,9,False,L5/6,129.0,0.0001,0.0012020062978666162,0.023438520734885653,0.0,0.11369116978204574,0.08511276657670136,0.19869957629651855,0.23774456972337582,13.3638935,8.849115
138,8,9,False,L5/6,570.0,0.0033483540425547293,0.006843733161887834,0.0065721331389837715,0.10140538786337251,0.10628443102283731,0.2193610814334875,0.13677713965491675,0.10304922525810528,10.423203,3.6103492
138,9,9,True,L5/6,114.0,0.0066253124067611946,0.0001,0.026848654512268755,0.10619319702495149,0.04839600360501185,0.09680274401573888,0.09455944124562343,0.06386526941904415,13.35772,8.917895
138,10,9,False,L5/6,546.0,0.00861450653299668,0.004454179191308658,0.01057867119795911,0.0054465192411399955,0.08347522943359831,0.06266349141011265,0.2667487514804144,0.054292108315644926,5.626702,2.1364202
138,11,9,False,L5/6,1839.0,0.005847644299186504,0.006168044053509574,0.011541287434391218,0.1011068353561235,0.0213972061546764,0.18570146136296037,0.06373793369435463,0.18857804590236443,9.297796,7.611024
138,12,9,False,L5/6,134.0,0.014532325519314838,0.0005911616638988674,0.007834476317544602,0.0,0.07072469311078354,0.20960317282910482,0.05653372817748651,0.09981269838940435,8.569658,6.402938
138,13,9,False,L5/6,157.0,0.0018066883307997403,0.00833873345678844,0.008312242639509705,0.05357115527861676,0.0,0.17019133285390706,0.17089416585216982,0.1789201939702401,8.544126,6.676438
138,14,9,False,L5/6,215.0,0.0001493960665655615,0.01582050687296071,0.004104111250818457,0.14099256042899022,0.017741375077283666,0.060206580634619776,0.1870571845456085,0.1462342245581413,11.595329,6.635238
138,15,9,False,L5/6,115.0,0.0001705366509389897,0.011687638751568964,0.013726646545695189,0.0,0.018281718205565307,0.08233339324059519,0.05047790099879882,0.21566100490671952,4.875508,4.004321
139,1,3,False,L2/3,2895.0,0.01744735523032072,0.004735854301150192,0.010961680423777737,0.03138898911011778,0.07748536885187203,0.019996155296820285,0.19522099255566722,0.08229949294122874,5.8720365,2.2179875
139,2,3,False,L2/3,2445.0,0.0014845389872686651,0.00010462466785505952,0.0,0.0005955148932378226,0.152104538930513,0.07659016073525937,0.161676975834899,0.14824141727497397,8.295804,2.5106301
139,3,3,True,L2/3,2104.0,0.03613250338392866,0.027878137441237683,0.010118907521274497,0.007454828379777463,0.026575877147302668,0.0,0.0,0.1592504390018247,-0.07790563,10.6339035
139,4,3,False,L2/3,2302.0,0.0042483969573045574,0.010719291069550012,0.010648242764451192,0.06691212908153214,0.06113747620580248,0.18360870802396245,0.0960174354004649,0.18847652412784113,9.198319,6.042096
139,5,3,False,L2/3,4381.0,0.017853838661297534,0.0039198711664621185,0.00864493570055234,0.035964075467616444,0.10032018179028851,0.0010536794699029242,0.12808347332513023,0.2501898826410935,6.5766993,2.856228
139,6,3,False,L2/3,2331.0,0.0107436950402546,0.00814750187118469,0.011713145500016103,0.012090596402047783,0.05127360446303126,0.005709461580029848,0.13907629344715366,0.13146026602650743,5.7305374,2.626989
139,7,3,False,L2/3,3473.0,0.04520986842646671,0.02669608667931836,0.010791534741626934,0.0,0.0,0.20914168950259696,0.0,0.27639675072977304,0.052043557,9.368731
139,8,3,False,L2/3,2367.0,0.008308833903343072,0.008382467443793076,0.010061132976362975,0.02799169633896233,0.05470586813155087,0.09694301107821315,0.11621212591621288,0.1681946208651248,6.1417403,3.1558075
139,9,3,False,L2/3,2664.0,0.00011996457479456278,0.0046690189489692275,0.0,0.11135125497659536,0.12243507004907815,0.07855628038563062,0.20139236765390875,0.22040279037536384,11.338471,5.0922947
139,10,3,False,L2/3,2283.0,0.008969653664019004,0.007883303285536764,0.008128998457622005,0.025737626519363836,0.04595482070907042,0.11294882975349403,0.18647282326882753,0.08498006333884822,6.576074,5.553116
139,11,3,False,L2/3,7351.0,0.010334118562424322,0.004009093803763017,0.003298136362813161,0.09863090451558666,0.11082825495066964,0.11317252951642488,0.21425894581330188,0.17867797308987346,11.303103,5.10605
139,12,3,False,L2/3,2166.0,0.010631227196227212,0.0064977947889102725,0.005490541243430429,0.026575162946282514,0.051270078905652126,0.20216927641734983,0.1503671827889921,0.11292538175286472,6.8754954,5.3162036
139,13,3,False,L2/3,2280.0,0.015342044715049451,0.0059735212023082,0.007812855060206904,0.028584503945388584,0.03054397375145658,0.15044529750496016,0.18175092135454274,0.15297025428889952,6.893684,5.7301807
139,14,3,False,L2/3,2251.0,0.013087298689561473,0.005587961596005858,0.004531783036595191,0.03775670969242156,0.04445479336842852,0.17846129953807455,0.27188027492198014,0.18649109763933513,7.2603736,4.6131735
139,15,3,False,L2/3,4797.0,0.013938276109550724,0.004899377923869396,0.003645100533774221,0.028128594047323045,0.08249780608790684,0.08519414939386413,0.12281648266454687,0.16846546680038535,6.9083014,3.5643818
140,1,1,True,L2/3,221.0,0.012745263250058422,0.003253604354295902,0.004312065448582104,0.04726165682425292,0.016109996368850882,0.1741342632311597,0.12919408739214674,0.08656172950293681,10.485326,8.553442
140,2,1,False,L2/3,250.0,0.13540835125225598,0.04,0.0138327149413709,0.0008310634860243616,0.0,0.0,0.0,0.22293915950266907,-1.605693,9.261392
140,3,1,False,L2/3,244.0,0.013554876053582996,0.00010141168004429054,0.00713585676046649,0.08296738439431867,0.10428434263947844,0.1508270328714739,0.09526612315551704,0.02327085259774519,10.451157,3.5288558
140,4,1,False,L2/3,236.0,0.0064799396383916135,0.005039762103224872,0.005637271421687275,0.06305323521699525,0.009124850195880033,0.1869319908014807,0.17107703570044444,0.09581833223934136,10.577611,8.768675
140,5,1,False,L2/3,1553.0,0.012822835558926235,0.004053338249121848,0.005462872137337298,0.028603873056223705,0.08766327409830792,0.27217429652561903,0.10411282108872556,0.2284268758421821,8.1457205,4.2864814
140,6,1,False,L2/3,269.0,0.010248672389334834,0.003994380390956374,0.007258581585172672,0.04415723052239075,2.60099861751053e-06,0.2656228320352514,0.1628686376783978,0.05566654555962015,10.51244,8.861449
140,7,1,False,L2/3,328.0,0.011870514247009276,0.002014339352203211,0.006361030840275354,0.07861545989250814,0.11700624216010565,0.1254866271829497,0.11293409984545269,0.057324127019713386,10.4839525,3.5219507
140,8,1,False,L2/3,1210.0,0.005140750305229461,0.0025925301579023414,0.0017469359868655008,0.13829522086473656,0.0028308247216075463,0.06502310845704921,0.13821207434239077,0.15143185706325232,11.341041,6.935769
140,9,1,False,L2/3,273.0,0.019742180114567517,0.01083738077229068,0.0073533605267616185,0.007205684985077865,6.98509504757009e-05,0.29373987217364267,0.053941679626679076,0.06809413261593397,8.943227,9.315879
140,10,1,False,L2/3,760.0,0.02080593197033035,0.001957079287310997,0.010561609979685435,0.10636111439843499,0.012848790155175706,0.11874578253307862,0.13085327480415038,0.2066710487821904,9.5577345,7.120801
140,11,1,False,L2/3,242.0,0.1299861582445199,0.04,0.00790637853184778,0.0,0.0,1.3888881285939324e-11,0.0,0.042455000593352034,-2.4337234,9.978975
140,12,1,False,L2/3,383.0,0.010339184253830633,0.006342385190952689,0.009623562235953533,0.028907031556046906,0.01014128994473766,0.32011121442237556,0.16789839163577838,0.1168018753207768,7.342433,6.6055174
140,13,1,False,L2/3,326.0,0.006489103177388288,0.005102038831762471,0.004483286737376477,0.012987558011138335,0.07365877422656557,0.005563750481439511,0.11804431161042898,0.2270640121857505,7.1625385,2.9927454
140,14,1,False,L2/3,1312.0,0.000373364820700579,0.014301158671774757,0.003017994202685466,0.15603502943160746,0.11864130412799197,0.14651294874991524,0.13084376010101034,0.08398770910788365,11.945438,5.1760564
140,15,1,False,L2/3,226.0,0.005391140611545473,0.005417915913072146,0.009909012130430267,0.05703441275306582,0.0,0.3044975921365075,0.0,0.10571269438672469,8.973918,9.063188
141,1,7,False,L4,709.0,0.004611115519791134,0.00781546574110189,0.007532597148948927,0.025848763529357725,0.029085602670132424,0.11030537700787114,0.15327878829742708,0.0873581663571447,6.6063695,5.6602254
141,2,7,False,L4,1267.0,0.01537264520596097,0.0046312037057400475,0.00565899776620127,0.0,0.03867077315272293,0.0024495483692320913,0.24031270519751785,0.1162007516368672,5.189534,3.074036
141,3,7,False,L4,769.0,0.0022975193608079066,0.006983985349715742,0.00793994384580766,0.1202963158732531,0.0,0.12938694999174277,0.1358659473798996,0.14400938705386415,11.225942,7.539753
141,4,7,False,L4,1128.0,0.016870108653086437,0.003184223708904426,0.0033855297267876773,0.04998388948593668,0.06762628066539698,0.17835291381802823,0.14865654906233333,0.09293064409339602,10.032735,2.477587
141,5,7,False,L4,755.0,0.1344782481791069,0.033297984586102766,0.012606029179871879,4.272452149670462e-05,0.0,0.0,0.0,0.20225106682249322,-1.6739578,9.526463
141,6,7,False,L4,715.0,0.00901639947848979,0.011914662849643312,0.010831115897616659,0.005756285798644838,0.013146359047171203,0.008715864931396393,0.11441283967229758,0.13253611803187665,4.332967,3.3697612
141,7,7,True,L4,586.0,0.005844355971718786,0.007240180464240378,0.007730523863444095,0.05565837462880241,6.961955316653087e-07,0.279784667846894,0.07032947466089097,0.17502748666216866,8.774892,8.465593
141,8,7,False,L4,1305.0,0.005995919886010753,0.004481714180380171,0.0027872691003905047,0.09345299150186233,0.10533838070556534,0.2263300890070025,0.16517319987990453,0.16762899499686537,9.4273405,3.1587646
141,9,7,False,L4,919.0,0.0018725969009153944,0.015560977114462185,0.00430497527968453,0.004509821318143215,0.05215275316279669,0.00606450304095252,0.15146103435519728,0.060893694824617595,7.578039,2.0757287
141,10,7,False,L4,1032.0,0.011121414873314457,0.004180912400803952,0.010246244420376815,0.018655384107718446,0.09139118314555998,0.004747401663710101,0.13791400193395223,0.16377175794769655,6.2145905,2.6279151
141,11,7,False,L4,839.0,0.0009296384273886284,0.014315037627432426,0.007264246204590422,0.026094811742975683,0.10516672557933912,0.07184418837756629,0.0976249502103368,0.1652683213626912,6.636338,2.7395818
141,12,7,False,L4,717.0,0.020926520524844745,0.0026752812693370746,0.0035188300854231518,0.05032991732668278,0.052766878757952475,0.13221976717780592,0.23627621899411158,0.0989726487491891,9.989806,2.4624016
141,13,7,False,L4,753.0,0.0001,0.0028283112048755844,0.005270216627985794,8.970190347170489e-06,0.07106897108882179,0.07557585639827467,0.1864259651207119,0.2514745255307202,7.2357535,3.672459
141,14,7,False,L4,5488.0,0.01270146809813531,0.004290955535901458,0.005357009739611395,0.08275913661964457,0.10334194905528764,0.23640974786049498,0.16053994366375846,0.09244689391942142,9.898605,3.2447596
141,15,7,False,L4,1102.0,0.008331506710871146,0.007380743550222811,0.004699597020081579,0.0519695846379928,0.0,0.24171260146456566,0.22411769341455134,0.0787727345421327,10.52132,8.842478
142,1,13,False,L2/3,1714.0,0.03371595675431999,0.017366213225377604,0.008777991483664498,0.0,0.0,0.02888306219204427,0.1994234002684628,0.21200229278284113,4.5051126,3.1440432
142,2,13,False,L2/3,1935.0,0.00014265303898263135,0.014572399566514448,0.0024188664005269796,0.028599909410195187,0.16920410550740533,0.16000018293430837,0.15193326784364136,0.16143248448220424,8.9023,2.6100538
142,3,13,False,L2/3,1492.0,0.0017823442952863235,0.0118755698618934,0.0029365780147448625,0.08393507721941303,0.12456485469816313,0.24172655269404858,0.148522346137245,0.049909957802487664,9.961389,2.8951232
142,4,13,False,L2/3,1410.0,0.14091869228236917,0.04,0.008752409420739462,0.0010159145637551647,0.005582462361879426,0.0021680572555542723,0.0,0.2577301891118954,-2.0256064,9.174037
142,5,13,False,L2/3,16253.0,0.01656982745297305,0.004545394692585279,0.0028185056811814153,0.07771560965963813,0.09815219273099844,0.25032051959950885,0.11292709996667363,0.20975869866653288,10.813014,5.445283
142,6,13,False,L2/3,1271.0,0.0051513900256004415,0.014679676224362167,0.008711755574445612,0.033674459417472,0.0009645620485393451,0.3475449257852634,0.0017137608176783694,0.08711968596189781,8.693591,9.229953
142,7,13,False,L2/3,1370.0,0.11364108943669991,0.039167657468371794,0.008367012440356206,0.0021453325600940625,0.010047485753096946,0.001142355429797703,0.0,0.15041205235239052,-2.1200233,9.742714
142,8,13,False,L2/3,1336.0,0.011569096837759021,0.006835354750986583,0.007479024718689338,0.04230565098710123,0.03608480360276723,0.2657758205737677,0.24998722682980526,0.14897783148602342,7.782395,5.267945
142,9,13,False,L2/3,4677.0,0.006451940828402663,0.006679199903745165,0.00711323695943244,0.1062595110392223,0.09667207087159152,0.17187612758350074,0.2440120302716323,0.14486146629250224,9.794416,3.1917694
142,10,13,False,L2/3,2863.0,0.0025744966663541853,0.010690090773056894,0.005641942619397626,0.0803597999532056,0.11169577563799854,0.1683888756665671,0.2149181321995087,0.14352146989657688,9.499089,3.0301692
142,11,13,False,L2/3,1325.0,0.0001,0.0001,0.0026722252317505557,0.0898314243892898,0.0013482417420609617,0.19125540142610495,0.0773143624756116,0.09226554462529538,10.9184065,8.209451
142,12,13,False,L2/3,1376.0,0.1420983481007209,0.04,0.005846591667839745,0.0030245970494029786,0.0,0.011277998010901923,0.0,0.2715866014151353,-2.0703702,9.162197
142,13,13,True,L2/3,1191.0,0.01622365310306031,0.008801752110291515,0.005582330361810113,0.0263845374331172,0.015173222182892566,0.40430036596888264,0.11089516081590921,0.20317183285328277,7.722516,7.9096503
142,14,13,False,L2/3,1747.0,0.009807503405998844,0.008118540494072155,0.012825157018674272,0.06578879825098106,0.0008461275195748011,0.18084491702790198,0.05397609381732601,0.1953089171791731,8.664431,7.973007
142,15,13,False,L2/3,1310.0,0.1149319650551815,0.030708937233944373,0.006890661461209039,0.002504559700336647,0.0009887580470141174,0.0,0.0,0.13814150587833718,-2.0235758,9.956274
143,1,12,False,L5/6,1809.0,0.01761644450612856,0.0017626420123037787,0.003316376633259088,0.12375822799617223,0.08944951880058641,0.11462404218499005,0.14462204731792686,0.05432243484286408,11.211068,3.3718822
143,2,12,False,L5/6,1240.0,0.004330819114625475,0.006778874682694292,0.0035023292481821157,0.08606559527709047,0.06128984619580679,0.12159325595718834,0.12746247249491877,0.19316787811563796,10.864795,6.1286592
143,3,12,False,L5/6,648.0,0.021729049571552833,0.01516641732843794,0.005729276054683715,0.01365429043217805,0.0,0.2934779548596067,0.002076119753661529,0.18313617725430364,7.960396,8.997485
143,4,12,False,L5/6,775.0,0.10457794071210222,0.03075898276900184,0.006416623665885746,0.0010914064409596814,0.0003580153207489435,0.00012604643216236093,0.0,0.16418807095229984,-1.950417,9.989066
143,5,12,False,L5/6,744.0,0.00010828437064543356,0.012153118558259478,0.006011012587673555,0.1762471394084485,0.028608051925908467,0.21694269981426342,0.1636689386179526,0.030452807635180518,11.384639,7.6703377
143,6,12,False,L5/6,815.0,0.00047689419972364485,0.0014955149700897317,0.0010078615581308968,0.14126892931885177,0.015790239275228476,0.0819158951374561,0.1442841783480522,0.15181093971684329,11.3423195,6.904148
143,7,12,False,L5/6,757.0,0.10537901417259875,0.01876687137808153,0.008190566631163413,0.0,0.0,7.548919368465342e-11,8.154198858658443e-09,0.12966615811683177,-0.73077697,10.949735
143,8,12,False,L5/6,714.0,0.035576855633661135,0.028961988916459527,0.007940309407128882,0.001524909962137916,0.0,0.0,0.0,0.1714772177936832,-0.13796225,10.519556
143,9,12,False,L5/6,1778.0,0.015772069241272543,0.002958623415147849,0.003139130256853228,0.010582512802356541,0.09937992246239835,0.006508728613963808,0.13159103013053264,0.13952021155918923,7.959066,2.4291496
143,10,12,False,L5/6,749.0,0.05946424958929862,0.02123856814222328,0.0049137694055731455,0.0015825399733874572,0.0,0.0036275867929651154,0.0,0.16854641796173908,0.46904105,10.429931
143,11,12,False,L5/6,803.0,0.01065354392031013,0.001862857467918846,0.002301768043995496,0.0,0.1207496931862125,0.013407677230696769,0.10821944877340603,0.03435158786775213,8.3614855,1.9558514
143,12,12,True,L5/6,635.0,0.03258939746139249,0.015283335929544664,0.004924645864438356,0.00976542017940216,0.0,0.1020982064294933,0.0009584537547196934,0.1304965732472788,1.6546884,10.540269
143,13,12,False,L5/6,777.0,0.009640659123651998,0.008146191431379362,0.01008352324956275,0.022042995854258975,0.00728850521497453,0.27040232640699574,0.047378815698931105,0.07434913972499235,8.922744,9.076532
143,14,12,False,L5/6,2017.0,0.009011841815741477,0.006306967261478599,0.002665363271454053,0.07861423187223847,0.02142347658521166,0.17191218954986587,0.1785625705900779,0.24733400663163516,8.0756,6.9231143
143,15,12,False,L5/6,767.0,0.01382499800299089,0.0006996525436400217,0.0023052522922484713,0.06079723434029052,0.12734764011188887,0.06433955032042521,0.10446305517950982,0.05133852730805141,8.552987,2.0066338
144,1,14,False,L2/3,778.0,0.0005465036764869957,0.013075713896843274,0.006717914894790909,0.1517122743307142,0.10225832882103762,0.18502706920311002,0.17865864058388334,0.1849022920701866,11.4381275,5.553575
144,2,14,False,L2/3,383.0,0.010195317715681294,0.004047892004906013,0.004613026444860525,0.04634994474247398,0.011914467475455874,0.09471687603230605,0.10657264213242486,0.19635616743975007,7.94762,7.338828
144,3,14,False,L2/3,283.0,0.0646377922952061,0.026265713222627145,0.010127727051650126,2.4221129591033418e-05,0.0005217510369726487,0.0,0.0,0.10352838092040695,-0.038509384,11.349745
144,4,14,False,L2/3,506.0,0.002404097843932758,0.007157630305700557,0.009879435671536247,0.00634648673667762,0.1262922897649992,0.005156786003108986,0.11454494882726693,0.05035514770235193,6.0341997,2.0032244
144,5,14,False,L2/3,1538.0,0.012432234050910517,0.006588450172106434,0.006599250988058378,0.001842983847055437,0.05453868187646428,0.07025429972693459,0.21890442103056124,0.22253201741830658,7.212368,4.0037684
144,6,14,False,L2/3,450.0,0.010039608484966088,0.005282238235514874,0.006746812610445801,0.01038387687174659,0.03661284370328037,0.18399701977087582,0.11683364085342905,0.14462411126443012,6.9100323,5.639033
144,7,14,False,L2/3,309.0,0.008178430419296393,0.0031308076797597513,0.005073089030045106,0.05128060879788993,0.04148489947491257,0.28537086644865756,0.23116546266915522,0.038449920589639947,7.595721,6.3849163
144,8,14,False,L2/3,1283.0,0.012876920200690345,0.005661746423528204,0.007811658654083049,0.0,0.06496813837137416,0.11451594700369863,0.18939755863994118,0.18544774474693457,7.177531,4.073502
144,9,14,False,L2/3,259.0,0.05678882208396477,0.023157861555558126,0.008983556744806616,0.0,0.0006148015212213443,0.0,0.0,0.06457920378213636,-0.023867507,11.567473
144,10,14,False,L2/3,444.0,0.0008155195489402056,0.011674416287964234,0.0038623998407189847,0.09520518922088403,0.0021105237180604627,0.1945242904298462,0.07732939530739147,0.1594002143897437,10.808481,7.6195445
144,11,14,False,L2/3,251.0,0.008930427884944032,0.00010004561845752729,0.003969366719153498,0.1222957420015367,0.1381645221109389,0.038363560384597435,0.09599335946179299,0.1466580906628998,11.584091,4.207231
144,12,14,False,L2/3,282.0,0.008778191848721497,0.002531123886325062,0.002086236667490546,0.12565091590578661,0.06369614133774017,0.06777734202548923,0.17501562872170945,0.2100799735138815,11.072531,6.0524435
144,13,14,False,L2/3,298.0,0.007035289819077249,0.0017296363347747415,0.004451872328308616,0.11105505301267878,0.12562125822088288,0.07331177596489181,0.07889384888611015,0.07150646179129272,11.412923,3.5144842
144,14,14,True,L2/3,236.0,0.13853775007867955,0.03690145771013635,0.01554864470251302,0.0,0.0,0.0,0.0,0.06026980853167116,-1.7720224,9.955376
144,15,14,False,L2/3,1585.0,0.011783019096781758,0.003646014333004644,0.013183253673837879,0.09338877047574459,0.09592518042166547,0.1561714902438521,0.25220533906122783,0.16975334288112118,9.24666,5.0240316
145,1,14,False,L5/6,1230.0,0.004023098452826729,0.006296700822187861,0.003189031444484801,0.09918916389864268,1.8652716589056407e-05,0.14016405996329775,0.08463587747803156,0.15433567677534793,10.896587,7.5957117
145,2,14,False,L5/6,380.0,0.009617156153367258,0.007469385253603978,0.011867373082062265,0.014294057669553164,0.009137521500114276,0.23157914492224285,0.08497505140806413,0.1336808228835195,8.27298,8.041631
145,3,14,False,L5/6,403.0,0.02316986953002431,0.0010348952824559509,0.010868663893571457,0.001519656422227985,0.12801713369019965,0.17182167473153287,0.08328394218488601,0.09864936107952975,8.480479,3.072458
145,4,14,False,L5/6,1046.0,0.009563867468172163,0.0037675422152190596,0.009192789472325928,0.0004935126764261372,0.11049059839210713,0.059226536770883166,0.23100858538122326,0.12713354243646266,6.220504,2.2773423
145,5,14,False,L5/6,12291.0,0.005436782756270703,0.007224657554645542,0.002178118296898502,0.11120985926075609,0.005646053972465471,0.19370705300174867,0.09232808394859673,0.15468614273968728,10.864809,7.6821175
145,6,14,False,L5/6,419.0,0.014457980380952506,0.0014475453688008795,0.008182104150874928,0.12300921397787107,0.07450517217962092,0.14410982081460963,0.14379315106740057,0.07332198882619911,11.690745,7.9584684
145,7,14,False,L5/6,381.0,0.00012459254812540021,0.016442360835390135,0.004939407425765547,0.031582791616741004,0.025223922426263916,0.18110652666622745,0.0756492388357175,0.16421049052796136,7.6959367,7.76713
145,8,14,False,L5/6,493.0,0.0001004721853430894,0.010206667874521153,0.005562186052282104,0.1706189835101626,0.0,0.11452663497321035,0.12433410928537658,0.09383260384681266,11.309077,7.4564204
145,9,14,False,L5/6,1289.0,0.0015646571929160788,0.0104788344713377,0.011204156585334031,0.11628432227823192,0.11622684521733585,0.15880722301045083,0.17733784058665925,0.11943827401603221,10.3089905,4.0185385
145,10,14,False,L5/6,432.0,0.004763492284384292,0.006607125256091043,0.007246756278606986,0.06327420258448925,0.003176256345737899,0.19591775590179836,0.14974759488784553,0.19408640261839644,8.566333,6.7422237
145,11,14,False,L5/6,471.0,0.0015367293064687212,0.012782098492111288,0.008454453585447353,0.009497816734992158,0.054231335745853954,0.17405736343200343,0.1477465507546018,0.053222874767303786,7.080334,6.0045485
145,12,14,False,L5/6,370.0,0.017323671095290264,0.0038385969502607174,0.00736287576569022,0.0227631600189728,0.013137761047676385,0.2690933561620289,0.08237097079511632,0.12088698208758053,8.942466,8.987455
145,13,14,False,L5/6,2093.0,0.011869153278862093,0.0029598620633318976,0.004806757687727405,0.000718203877460736,0.11320735336637787,0.07094755420768462,0.14269674829989953,0.1626948347432521,8.010204,2.6669714
145,14,14,True,L5/6,329.0,0.00010044636835945441,0.0024547718832978443,0.016715882756584238,0.0,0.15847768180656308,0.06332210573950656,0.07503438295883104,0.04379741573364875,6.072064,1.9995486
145,15,14,False,L5/6,347.0,0.008667056453080422,0.0001,0.015739699522853787,0.0,0.05885674059391022,0.12921087491443922,0.11626093089580536,0.0863730854667752,8.375266,3.0629172
146,1,14,False,L5/6,889.0,0.013223078826926886,0.0035954587902758523,0.012897908090472072,3.490109135077268e-05,0.09869253918076237,0.052528240367457,0.1836224086116304,0.20326003177571852,6.0617256,2.7800891
146,2,14,False,L5/6,318.0,0.053809724279761724,0.007629553720949651,0.00984191527582278,0.004675785062439629,0.0015572791393043196,0.10665629391048025,0.0,0.09926247160818115,1.6989448,10.492512
146,3,14,False,L5/6,334.0,0.09678764405152214,0.012386489054790978,0.013453436423635022,0.0,0.0,0.0010776609124347372,0.0,0.17510388732063062,2.0240476,10.007988
146,4,14,False,L5/6,378.0,0.011819903986087585,0.0009778673456472238,0.008549402075641007,0.14347810617652249,0.004385394254603509,0.1662622949734184,0.12299451616181012,0.04107414759687042,11.793065,8.076356
146,5,14,False,L5/6,859.0,0.0019118195428858768,0.00905575556312774,0.005285847860367522,0.1084995086278857,0.09860882545481285,0.14495270841137334,0.10454620152118495,0.09815675565920103,11.076596,3.640665
146,6,14,False,L5/6,329.0,0.0004735203267912448,0.006706261845216525,0.009643069827496091,0.13244574706482523,0.09125075260962999,0.17409023637523927,0.10534094065427232,0.21722813844052796,10.1227455,5.6385694
146,7,14,False,L5/6,487.0,0.00719603314873795,0.0019016877811459062,0.010719418990784957,0.14966794604641964,0.023419916293709448,0.0947928103610643,0.13730821838319185,0.06115086085378067,11.751279,8.043034
146,8,14,False,L5/6,1929.0,0.009670984546363882,0.005406601376977581,0.009517886088876262,0.0810413857197946,0.007543664172081811,0.2649024439234574,0.22902636509195973,0.13416960748394835,8.28776,6.588513
146,9,14,False,L5/6,787.0,0.002965379059484374,0.009884756460310425,0.003560328260323093,0.03962066199846855,0.09640083972639468,0.14427869094743334,0.08873356193639069,0.19498201442583768,10.323817,6.105286
146,10,14,False,L5/6,364.0,0.001543682749004909,0.011604264720180238,0.010748352369260413,0.013595612848930443,0.1065603818135987,0.19884888374018908,0.10847783930605695,0.2015468718556758,8.59203,4.070429
146,11,14,False,L5/6,341.0,0.013176043661054975,0.0027037042175945473,0.013543347666811372,0.0,0.04616133262989313,0.0001325422326274802,0.23691854431231174,0.18066528959520342,5.3692975,2.9405162
146,12,14,False,L5/6,340.0,0.021381966998301773,0.0001,0.006257274424725911,0.02072875483758179,0.10342062708241459,0.21893836925210516,0.17270439449546582,0.15891093694786784,8.723691,3.3515
146,13,14,False,L5/6,316.0,0.0004384123002261662,0.005227706217012406,0.0015454860128315752,0.09021873857381618,0.15061998342213745,0.07162944647475479,0.10139933172896858,0.14345437999778926,11.596755,4.2157664
146,14,14,True,L5/6,313.0,0.017815513117551394,0.0001,0.013442250559080547,0.038899891785619534,0.00044643260354544054,0.27527588191062713,0.1371598300113219,0.10289274494668488,8.662178,8.227082
146,15,14,False,L5/6,342.0,0.0006140849423811296,0.00010043031922658092,0.013210480991960169,0.11144861578941345,0.17120161379727827,0.1519574224948883,0.06654474039509871,0.0978844265926993,10.506846,4.074936
147,1,6,False,NaN,295.0,0.006903658287426121,0.005599721160941164,0.012656013028205498,0.019221448528320955,0.03629215692373666,0.1726263127196336,0.11744929671255137,0.16303350965596403,8.398507,6.289167
147,2,6,False,NaN,1068.0,0.013100497161395724,0.0029776485540258953,0.006646989930283228,0.008086589046512108,0.10673643433548699,0.13765951744616303,0.13519600590635703,0.2108197036669671,8.35342,3.6877966
147,3,6,False,NaN,490.0,0.015075342174793801,0.0014687382361378214,0.009313641459603388,0.13663682176511166,0.07841523936811104,0.1342259195577134,0.1092994225124995,0.22828580509520163,10.187128,5.805621
147,4,6,False,NaN,776.0,0.007969472123231467,0.006803282185409737,0.00963621611484328,3.2908244349985575e-05,0.062453739712202284,0.1034648296828963,0.1332218419067584,0.16737820862114292,6.139233,3.167834
147,5,6,False,NaN,2003.0,0.010469849824661606,0.005054470926378444,0.010697350854307843,0.04679265688443705,0.10222333994997336,0.2405402342101741,0.18119832190025237,0.23729598362230797,8.862927,4.7552032
147,6,6,True,NaN,256.0,0.00010005170970226069,0.004938154050961506,0.003656316732474782,0.16640718621182818,0.09501626814500808,0.045848141743818994,0.022585635378815496,0.1044280681441381,11.751395,4.5996013
147,7,6,False,NaN,308.0,0.003336858271877855,0.00010002678764454314,0.004195092316152043,0.14272130517407094,0.0,0.11911424743143657,0.0522952646421263,0.19549458412579784,10.750595,7.210114
147,8,6,False,NaN,302.0,0.0018015127285129634,0.010120326789323572,0.004586372043285393,0.05803222334047354,0.01193292352829345,0.12712068162021556,0.036284705679888535,0.19369324784025668,7.901299,7.673549
147,9,6,False,NaN,4989.0,0.006411928840991433,0.007257321330301232,0.0029487560408735813,0.00015257339611242946,0.10494553893931848,0.09328743120630888,0.19199083879053544,0.237837905725912,7.3375354,3.5156062
147,10,6,False,NaN,329.0,0.006446119218479147,0.0006869142901259016,0.002453952597510841,0.1126200183316165,0.13969992392619357,0.041833024978178174,0.11856441585133756,0.18330833061117147,11.604707,4.2361455
147,11,6,False,NaN,1455.0,0.013142924605748922,0.005744278816373356,0.003249960778967151,0.05069674609498646,5.4421075501255455e-05,0.20260388776309482,0.04344429075542882,0.2433810344975452,7.8857527,7.6656675
147,12,6,False,NaN,664.0,0.012602502660904413,0.004721706068735872,0.0041222344618747015,0.050925171697816546,0.010902540225875767,0.1774001817440175,0.10129438891065455,0.23459329152034403,7.912658,7.4604864
147,13,6,False,NaN,6149.0,0.014966829088673111,0.0028904564703430458,0.004315711082745185,0.11503211545942434,0.11370532075149789,0.17156296173433072,0.2051982865168541,0.17179239281256095,11.239469,5.026811
147,14,6,False,NaN,735.0,0.0030559186540314418,0.007947294871644348,0.0029422229349502036,0.004446829118264784,0.09679863541173057,0.010035085618548613,0.11193013839799294,0.210885345301161,7.2099543,2.945215
147,15,6,False,NaN,1500.0,0.005142295586428374,0.006698468409842888,0.007889750982572606,0.10691061132693629,0.03564308535350141,0.16646492427435597,0.10035026902298959,0.16095668130899235,10.890443,6.975414
148,1,15,False,L5/6,272.0,0.01902448393992904,0.0007560476903028387,0.007358381458413661,0.03520985813746439,0.14493966935893518,0.16616227862945973,0.06380042680546061,0.17864420632009934,8.534922,3.6403136
148,2,15,False,L5/6,3287.0,0.002040218555141364,0.010685121622362728,0.0020811524551718444,0.09561078244155824,0.11555903415586168,0.128511649354036,0.05962476346441009,0.10742917205553783,11.68476,4.5407467
148,3,15,False,L5/6,5476.0,0.010522160967765856,0.0054671000162933156,0.006546050423479081,0.09767238054340846,0.06397647005911761,0.19057683279133145,0.2300773690082397,0.19804112570259624,8.174546,5.035209
148,4,15,False,L5/6,410.0,0.005643796760347753,0.003014455148829539,0.007041366850489236,0.003497839903381582,0.11116344733280895,0.19792341106236463,0.2009913543529655,0.14749371737122116,8.658187,3.3503857
148,5,15,False,L5/6,488.0,0.012513419332690807,0.002769348767188709,0.011845437266642925,0.0578306012846658,0.0862919240485998,0.17245760878022076,0.1686014368913602,0.09667773502603524,9.463174,4.037963
148,6,15,False,L5/6,193.0,0.0026808044869519095,0.0038110438934276184,0.024337723739258913,0.03021669848982522,1.1181149089271169e-07,0.22442308889376056,0.03816744619495646,0.09292679362883288,13.365756,8.925958
148,7,15,False,L5/6,804.0,0.012572882193436953,0.004354485717565628,0.008314692664233498,0.057446143773464374,0.024154176818053475,0.1748262616425865,0.0912365564701859,0.1994924813140894,8.076206,7.372376
148,8,15,False,L5/6,291.0,0.012435097252521232,0.002871493092979683,0.008047198973732305,0.020907742173932486,0.05408451603045633,0.27962238244101467,0.28184403242444545,0.04731939396595032,7.4964666,6.3149934
148,9,15,False,L5/6,347.0,0.00010007088900926475,0.016139060690561688,0.0033225519310376844,0.04366413145761864,0.17124369628376374,0.21822039176129332,0.11251764236246004,0.12105363004624987,8.9573345,2.5920649
148,10,15,False,L5/6,177.0,0.0005907932212737004,0.010932707025107999,0.010673947864010587,0.0,0.1227277440490901,0.042771870716255544,0.05992248695325269,0.03746375775898614,6.0150895,2.0231197
148,11,15,False,L5/6,185.0,0.002284379506897832,0.004877706496597951,0.011360935896019837,0.10844241658442824,0.07069776188149918,0.10261842589686342,0.10265964919129138,0.07188666606916497,11.180354,7.657393
148,12,15,False,L5/6,209.0,0.0020431632885640314,0.008281972339624914,0.010287638562587974,0.0035996405555625923,0.10147599396820582,0.18612312195257222,0.23378108187249005,0.05596105713804373,7.1863017,5.9201446
148,13,15,False,L5/6,1049.0,0.010731767418824239,0.004783367988419288,0.012662219235338985,0.034288614040440014,0.09037004701171274,0.26557501563869795,0.15072746880238458,0.26726930656499576,8.851737,4.912714
148,14,15,False,L5/6,755.0,0.010847125676968645,0.004581759042610917,0.0074771883177531355,0.059102624042595454,0.05506035338414564,0.21136177360407185,0.16198441735870647,0.08524549483270338,9.812234,3.5182617
148,15,15,True,L5/6,172.0,0.0015154221082834024,0.0063739333962822544,0.007279740624469695,0.11154963228857162,0.09919666616215624,0.22879235367884262,0.059718050893592514,0.2042921166017064,10.609143,5.481302
149,1,7,False,L5/6,580.0,0.007738778870960547,0.004273855723133589,0.004985327933485731,0.05054243113792328,0.06326933175617148,0.05930575024409471,0.2545973968771769,0.09663319344850241,7.565231,1.9879951
149,2,7,False,L5/6,693.0,0.0929496674393517,0.04,0.010025061556379366,2.7490097380435725e-05,0.0,0.035534846151005516,0.0,0.24394687179618055,-1.4070766,9.16621
149,3,7,False,L5/6,1002.0,0.0013342564497407516,0.012526012983379353,0.004282797052438332,0.0456658606747811,0.09079114180542155,0.06766538003376477,0.13945994603907275,0.20656027802722082,7.217158,3.0311558
149,4,7,False,L5/6,565.0,0.0016138280673868677,0.014745064575613934,0.00941352893451549,0.052261543314421864,0.008730766764098405,0.20707720068728444,0.1053607580280532,0.0761753849992662,9.289498,8.696465
149,5,7,False,L5/6,1479.0,0.01444964847541289,0.0033650345627229622,0.012932690195360553,0.056423029562084934,0.10285827757632436,0.17450232708654712,0.2531451064077333,0.1927504207726291,8.971938,4.765073
149,6,7,False,L5/6,685.0,0.0001547056320232477,0.011783502479934031,0.008097316823697494,0.08327043526294398,0.14565375088552093,0.0470169037536596,0.20042692418456554,0.20778761171649465,7.507172,3.0567648
149,7,7,True,L5/6,465.0,0.0037312927468590314,0.009090845709455241,0.010511547459984907,0.05378024455157392,0.017450055115892184,0.14220233352086223,0.2528975575882469,0.0965200086953325,7.3991866,5.9831285
149,8,7,False,L5/6,1854.0,0.014518881128619198,0.0030523834162142147,0.003018189553772772,0.06415414714398474,0.12353931823678682,0.12177090226064942,0.1955248334919577,0.1773314273282783,8.539472,2.8233898
149,9,7,False,L5/6,670.0,0.0005601431966097951,0.00010526869657580212,0.0007013629488823374,0.05578792599750651,0.13745102013256336,0.09817765172655775,0.16179608081687985,0.12019508604106896,8.912299,2.2087502
149,10,7,False,L5/6,660.0,0.052089173811970486,0.03129841728793487,0.015769230583742615,0.0,0.0,0.0,0.04271226598309348,0.2110351218560393,-0.65557945,9.307488
149,11,7,False,L5/6,5967.0,0.01393647204030864,0.003774137999766882,0.0050664621156386504,0.10757409666601275,0.017308607996421373,0.19917890616946388,0.12582652677804432,0.1553294104608522,10.822515,7.6792164
149,12,7,False,L5/6,643.0,0.011692967634741489,0.00021861372862062438,0.0009155162243269952,0.12270376420288329,0.1314943744389688,0.18543222028882483,0.1746828244480273,0.1988345103268765,11.258524,5.1115026
149,13,7,False,L5/6,686.0,0.12812911095486193,0.03853161391615263,0.009998893785133394,0.000849687852661639,0.0,0.0015067935553368934,0.0,0.09535812067534032,-2.2977579,9.991072
149,14,7,False,L5/6,621.0,0.07608605603203136,0.03317758978113619,0.01495489076403573,0.0,0.0,0.05209059143507421,0.0,0.26706025550494694,-0.6999507,9.209845
149,15,7,False,L5/6,659.0,0.013531681830807621,0.002040136651857211,0.005434213117595445,0.13112170721963431,0.00838440881765878,0.16609497947280077,0.10187675188889303,0.1600930438811896,11.018163,7.520897
150,1,7,False,L4,2600.0,0.11636598328230963,0.03237296715180802,0.006820018913317219,0.0012240621211950398,0.0020356252015497124,0.0,0.0,0.14662135626941522,-2.0774047,9.926685
150,2,7,False,L4,1835.0,0.01505139135563638,0.009132657100755266,0.0059526897118006815,0.036688170158416675,0.0249195899058418,0.254155668800108,0.11513322500092986,0.22836970321894864,7.7291284,7.947043
150,3,7,False,L4,2689.0,0.11029273499293975,0.033520308193587395,0.009009687061080515,0.004702539465954186,0.0,0.0,0.0,0.2741496060450132,-1.1472868,9.088228
150,4,7,False,L4,2688.0,0.1264170002018825,0.037048370428953814,0.008862492728233766,0.0019055503536952955,0.0,0.0,0.0,0.2323821567534982,-1.9504647,9.238526
150,5,7,False,L4,8053.0,0.0059512057376087625,0.006684884386169737,0.0030319910043765403,0.11625484163559781,0.009972077119188604,0.26709840787977907,0.17338440848307224,0.19297747350304176,9.549977,6.5318036
150,6,7,False,L4,1681.0,0.008343623894807889,0.008210030492382312,0.007765482743946541,0.04349637765922128,0.02839235751309777,0.26389063342001096,0.043649941407902654,0.11596219938271189,9.017252,8.968098
150,7,7,True,L4,1183.0,0.03351133706852812,0.027356378885656073,0.009473471764776272,0.010098499772395844,0.034100380955790696,0.0,0.2912214037476479,0.23437197686067876,4.550789,3.0399413
150,8,7,False,L4,2115.0,0.0397089562541625,0.013401183486763585,0.004043110618673589,0.00948614575543786,0.016550252026111354,0.1471690518595928,0.08744611901113919,0.23117034272302214,7.397506,8.354057
150,9,7,False,L4,1823.0,0.006766473579351236,0.007822120929152975,0.003332182945746556,0.05049977678754558,0.020371869914796188,0.32796455626555665,0.0003579274078477114,0.0888236301714675,8.774352,9.560501
150,10,7,False,L4,2447.0,0.11692650562539084,0.03338435442952528,0.005243191045952996,0.004774604242827038,0.0,0.03997963743688436,0.0,0.20964516992226112,-2.261401,9.313809
150,11,7,False,L4,2642.0,0.12979762079335677,0.037061282293453346,0.01011005109570188,0.001460147258270801,0.0,0.0,0.0,0.2012091020338768,-1.8683906,9.366946
150,12,7,False,L4,2572.0,0.10006962542835784,0.03149536796939372,0.008586534562704683,0.004444483966940371,0.0,0.0,0.01284511644111902,0.2515117739890389,-1.1000109,9.11061
150,13,7,False,L4,1315.0,0.03280748653460106,0.02438598493141294,0.008848721847569681,0.015502069324370784,0.0008904945558343218,0.3794800525991922,0.0,0.09985266966623946,8.502636,9.201549
150,14,7,False,L4,1936.0,0.061308509811957054,0.02534988554708041,0.010141715468748239,0.003991098906762095,0.0,0.0,0.07773911575806579,0.15342244379552114,-0.033519298,10.803748
150,15,7,False,L4,3841.0,0.0054887778296803524,0.01407561174516288,0.011543953215180154,0.06938686722894857,0.007070376648598332,0.24822893942917632,0.00048472001374130606,0.12605745688840067,9.098264,8.737036
151,1,8,False,L5/6,121.0,0.011621000183823685,0.00010000658044703399,0.005124317238380312,0.13738440593255,0.12563671495234102,0.13614147028111573,0.10751147529632969,0.1562087354627362,11.470659,4.2922087
151,2,8,False,L5/6,132.0,0.0001,0.007333170051027381,0.0016059885178851367,0.056017416923746746,0.17000817506145424,0.13482559216495324,0.1308132041426451,0.11754397760260649,8.970096,2.203849
151,3,8,False,L5/6,132.0,0.010189444829552054,0.0019401939721755857,0.010607545630228182,0.014938885143147815,0.048599091863020236,0.059828651570928176,0.13696919576838437,0.22012276382279278,5.347565,3.4599805
151,4,8,False,L5/6,1487.0,0.005184670385240022,0.0037848079279226995,0.0045933695760546345,0.0,0.1240211453054098,0.045634726274431936,0.19227858796969555,0.15027117977277019,7.959914,2.4723344
151,5,8,False,L5/6,1494.0,0.01252708985182388,0.004812150393435418,0.009133538193198523,0.053715056062681586,0.06243149327091995,0.23175991257985104,0.2772827198684848,0.09994856139253669,7.588547,6.0401926
151,6,8,False,L5/6,438.0,0.009905771644014382,0.0031116115692370384,0.011619089606762667,0.06471947565510318,0.10834121919205597,0.22630872615642963,0.1224904801760198,0.07564858606104262,9.946951,3.8942304
151,7,8,False,L5/6,553.0,0.005109939217556212,0.006168470926041717,0.00958247097261326,0.07340234090431659,0.06403778316148052,0.14380414919511272,0.1605832583192775,0.11659029935636311,8.802401,5.9947505
151,8,8,True,L5/6,117.0,0.00041017717203822255,0.00010017427757373698,0.026917231782613377,0.07501772791147232,0.045515041798353195,0.1169247180223465,0.08390343934297562,0.18771186470985413,13.362813,8.900906
151,9,8,False,L5/6,890.0,0.01143189060285406,0.0030530539395380186,0.009726692751179409,0.10972022217519266,0.05274838350499864,0.17140981537944763,0.2293238272844189,0.1976897680159102,9.206528,5.4694185
151,10,8,False,L5/6,123.0,0.0038145027397333293,0.0005116573087982987,0.007432115879176179,0.08230102466360367,0.14344851445519238,0.15366818482595215,0.12568179042642175,0.0960985252877791,10.335425,3.6613493
151,11,8,False,L5/6,117.0,0.0009593851056241246,0.005794188417516615,0.01138145499008114,0.021018494157193333,0.022241346431156783,0.15073984899879742,0.10372416909577954,0.08888362999319041,6.8799744,6.20062
151,12,8,False,L5/6,125.0,0.016261293603824188,0.0010580499377265105,0.011492188685346363,0.07120176233069214,0.012248578019508651,0.11797129207902855,0.19790735891568112,0.17270906254695587,9.0742445,5.687405
151,13,8,False,L5/6,682.0,0.0006526864102317043,0.010909532644696683,0.0027039981910421773,0.13610795080344584,4.275165217377206e-05,0.09362836088301198,0.07580007242216048,0.08003332272250793,11.321723,7.421584
151,14,8,False,L5/6,525.0,0.014012788184022901,0.005694594571722417,0.007494527703796932,0.020043612859372516,0.02324016640835344,0.18844322959514212,0.1702095962006467,0.24481029259833456,7.073607,4.674943
151,15,8,False,L5/6,133.0,0.024794432370254603,0.0006765742704714536,0.00897968772004994,0.04641694355114185,0.00225613172960066,0.21067188327669004,0.07646386515272383,0.04230845814214163,9.312962,8.947585
152,1,8,False,L5/6,690.0,0.005497411048946343,0.003868219428258701,0.0043901045546457865,0.10417656264119057,0.10531306215008739,0.20997976167461316,0.23368882879843678,0.2271572471754591,11.190209,5.139381
152,2,8,False,L5/6,530.0,0.019058807261553127,0.002179576563510715,0.005410460208402805,0.042105466219110974,0.07890056569488835,0.21509148316468513,0.21209864671704226,0.21291528860579265,7.821049,4.5209894
152,3,8,False,L5/6,625.0,0.0015417284621404626,0.008981985815653714,0.002668986196315281,0.10718025749709409,0.009990244240237301,0.05358001837213357,0.03893402292360332,0.21043499180195335,10.804338,7.10389
152,4,8,False,L5/6,891.0,0.008004452888937056,0.006434337929867401,0.011815234061300207,0.017910601657077127,0.07399459095815186,0.08683333031373713,0.2756584549682805,0.22300062341546703,5.52681,2.7789416
152,5,8,False,L5/6,443.0,0.0011362905649693186,0.0022394504395155607,0.004522603825306899,0.1523622011740123,0.003216405551679711,0.09087407755472351,0.06621777332461831,0.13297351052692516,11.246482,7.2668033
152,6,8,False,L5/6,740.0,0.013630882491962374,0.003959601991486514,0.006999472261565605,0.061257736109326166,0.017189311840443536,0.22152958075675097,0.16536397945629888,0.11138822756081453,10.559355,8.764883
152,7,8,False,L5/6,797.0,0.022604974073083418,0.0008944514121640885,0.010552620132960882,0.15161205831624028,0.11116417414370963,0.11151904656544208,0.1642311976117402,0.14446663727896225,10.566192,4.225629
152,8,8,True,L5/6,393.0,0.002728953876107008,0.00010030364414125946,0.0009114131295697183,0.030171887779459842,0.1683726324295227,0.060432648748703646,0.06178590147192096,0.16273205818511516,8.324828,2.4825466
152,9,8,False,L5/6,2025.0,0.012498744268407466,0.005649733220379705,0.008382167884850491,0.041248461193185385,0.06850880854994487,0.1530237255784238,0.15357496142461619,0.2122761531816646,8.291809,4.1066256
152,10,8,False,L5/6,1284.0,0.015073584233263698,0.003217314305278203,0.0037150449287415453,0.07633110596115492,0.03510967180048322,0.25914898296950156,0.19752853442040041,0.15032811451744038,7.8175764,5.180581
152,11,8,False,L5/6,534.0,0.007800547723594485,0.003951709331739225,0.011363840409363873,0.10766136068306521,0.07590234515809585,0.12166461661651723,0.23127353996291303,0.19923909980526344,9.2570715,5.402673
152,12,8,False,L5/6,746.0,0.009430957215189951,0.005305398645748602,0.011514548572846627,0.05956653072289727,0.041407783407821884,0.21274862290867055,0.24983406896333812,0.13671849098345823,7.7366905,5.8994017
152,13,8,False,L5/6,480.0,0.0009110720927942826,0.007985244986598063,0.010620996926370772,0.14225590910246041,0.09383586247394453,0.2195269066707415,0.04650253415523535,0.12037768751566537,9.647954,7.8975377
152,14,8,False,L5/6,541.0,0.012020825307844756,0.008993357868564287,0.005284461769078743,4.674738555664387e-05,0.017516094638914202,0.00510122109739566,0.22110803132115542,0.15047517271602673,5.148846,3.0954378
152,15,8,False,L5/6,1025.0,0.011542375127775449,0.004698704169684948,0.012659423387399421,0.016555257443456498,0.08821103950363536,0.11644079166842698,0.14429242655923935,0.10423242654226438,8.380287,3.1056986
153,1,14,False,L2/3,13992.0,0.011012008257388765,0.00574348607806791,0.0035685990616894456,0.10229408945762895,0.055977328876511565,0.2095847203586371,0.09658653736548486,0.1305146539631537,10.93376,6.622487
153,2,14,False,L2/3,109.0,0.02285848269464183,0.0001,0.01661201830078633,0.047549351412824584,0.04331034296071872,0.05681435700561945,0.20865093922820788,0.09197333280296519,13.155418,8.7532015
153,3,14,False,L2/3,116.0,0.0020272762919734183,0.004817386782107941,0.012274099448318778,0.004542768969878402,0.07420542533068437,0.19313537182668747,0.17171361539585636,0.1899612915677292,8.382937,4.6111484
153,4,14,False,L2/3,652.0,0.015001471202450498,0.0033188187502952147,0.008501097682487706,0.038229730546200755,0.07498614921139367,0.16856025405189648,0.13080116641857428,0.14865087919180037,8.872054,6.0636573
153,5,14,False,L2/3,3483.0,0.00846162258169042,0.005557682383130387,0.007848923004282268,0.0881246171303521,0.061490830439965075,0.2854369112132019,0.1449800034635801,0.22459193144877446,9.378713,6.0837545
153,6,14,False,L2/3,110.0,0.0001,0.017083122107576697,0.004655445544300045,0.17310693067563782,0.12864779631719747,0.2174140726076792,0.2313595296365588,0.11646982984743694,11.9514065,5.197747
153,7,14,False,L2/3,148.0,0.019845890620430497,0.001554958713606991,0.003835093915699547,0.09554342150045092,0.013401287272900986,0.17821229766217062,0.12673575587627364,0.1880397538886784,10.760299,7.597673
153,8,14,False,L2/3,142.0,0.009266915844331092,0.002109315824619899,0.002373445159871673,0.1064880629048875,0.07636540953848812,0.1540371315312805,0.10654677840073166,0.09835909903273002,11.748196,6.7267
153,9,14,False,L2/3,101.0,0.015522000588176297,0.0009098059028677625,0.009889858252290723,0.04780308337340706,0.12293560300455007,0.05542207994867939,0.1752706576832585,0.16193279452149487,7.394637,2.7835205
153,10,14,False,L2/3,116.0,0.0007358634853481471,0.013205371195231772,0.010489850125291637,0.0005222954963940906,0.06355496602961862,0.003633201927562197,0.11319191272651864,0.03710010261705315,5.650138,2.2556832
153,11,14,False,L2/3,829.0,0.014934451214707333,0.000741000163637029,0.0038420159137464048,0.1642315676209124,0.09273274788319268,0.21482743602809817,0.209199051863728,0.0886332724171804,10.870734,3.357332
153,12,14,False,L2/3,187.0,0.005894932548087659,0.003496131233883734,0.010013437221306624,0.08174330729570205,0.005073287214620769,0.20180623828304514,0.10948305981892541,0.10659055760224424,9.496731,8.449542
153,13,14,False,L2/3,132.0,0.00866900674025059,0.002340582805180555,0.009752624344205105,0.11002434927574604,0.11491518860712942,0.23046882778984845,0.22285238931243354,0.17915037848210208,9.226115,5.1353235
153,14,14,True,L2/3,99.0,0.005827317378812131,0.00010171870518406548,0.020496612889464035,0.06363401561975479,0.06883720047936916,0.06891415268182755,0.07003376531446238,0.11299683281019736,13.33326,8.877496
153,15,14,False,L2/3,103.0,0.015371537740765119,0.0001,0.01201553147243361,0.006764947687565661,0.09711156013804863,0.04320032466900419,0.19142732049210198,0.11689073965960026,6.0118437,2.2763886
154,1,1,True,L2/3,1040.0,0.04889978687755424,0.024952245155331645,0.011620651590210652,0.012343538967590188,0.003720617466907587,0.0,0.0,0.16762150399441422,-0.021955969,10.763724
154,2,1,False,L2/3,1694.0,0.005939535913401037,0.007818137884322288,0.006588442425337036,0.056919809753459824,0.041509272055648694,0.2896331198957849,0.0035052559963043776,0.1220269379373439,9.026248,9.152613
154,3,1,False,L2/3,1362.0,0.07510422913029242,0.027415175509069648,0.014013115599887818,0.007016389516488973,0.0006872954355624729,0.0,0.045455093819308366,0.12803516023244382,-0.41507652,11.108917
154,4,1,False,L2/3,2784.0,0.004197441569450364,0.007273121538276458,0.010573010689990512,0.10311795616381401,0.0785009004353536,0.23212626959936075,2.202582473747299e-06,0.20415432529195768,9.348236,7.7982845
154,5,1,False,L2/3,5528.0,0.009132606792630567,0.004923165016264476,0.0052839022083527335,0.11653499661069774,0.033358291710960566,0.2838357585051579,0.0926127358422027,0.21274130070864006,9.663436,6.800991
154,6,1,False,L2/3,1705.0,0.0029541405189345933,0.010604177595610111,0.008260066535626664,0.06771597204028222,0.06335638751150015,0.21090799440069802,0.010939518951727711,0.08288174257021998,9.599963,8.331153
154,7,1,False,L2/3,1056.0,0.005686151591068749,0.009362467176043823,0.012038561823206884,0.036763845978624136,0.061367487678495876,0.2719707081839305,0.06959784424653713,0.20326712198454852,8.593845,7.727698
154,8,1,False,L2/3,1846.0,0.11410380388792032,0.028408703566438143,0.011610640112875048,0.007313422328515649,0.0,0.0,0.0,0.1764794698988366,-1.609393,9.714726
154,9,1,False,L2/3,1814.0,0.0032570548425506734,0.00993985302734794,0.009616636817985122,0.06308904499689867,0.10128093477217082,0.2170191577757525,0.05109707440831426,0.18955524426572007,9.8291445,5.2216525
154,10,1,False,L2/3,5000.0,0.015210792913031925,0.005657941586202296,0.0055681371224102945,0.06886425284908106,0.00020203196493497747,0.2724613537899866,0.08123355251439048,0.18418342383227027,9.63207,7.019516
154,11,1,False,L2/3,3445.0,0.008206579487408439,0.005901947091812373,0.009652939089414756,0.06873083000371957,0.11590789638533355,0.16120150705060024,0.14888812703847615,0.24865725580558454,9.363495,4.748858
154,12,1,False,L2/3,2417.0,0.004850809629667896,0.008139291227972887,0.011273905284772533,0.019497798605790092,0.10919859779452125,0.0010351399422282186,0.2799594931924622,0.05980781992994629,5.643295,2.1294076
154,13,1,False,L2/3,2596.0,0.004584361142848635,0.008682586446598266,0.012184634225521934,0.025475890921962698,0.1161898460418696,0.020977640641250607,0.2296695757779689,0.16840244012796837,6.143002,2.557336
154,14,1,False,L2/3,2892.0,0.005385868367768388,0.008711184679436046,0.005420932349809869,0.01016127758080708,0.08957312594006701,0.0029901632034957434,0.07745669098584175,0.24971292857269273,7.152636,2.964342
154,15,1,False,L2/3,1617.0,0.005340690034534505,0.008324879950972537,0.00948052952310411,0.05515684761601482,0.06464171419597996,0.3027052480911878,0.0,0.12605943757329197,8.979124,8.865274
155,1,3,False,L2/3,192.0,0.011115503083445367,0.0021867281271093263,0.006597240765246207,0.014076238765437135,0.034829190239904044,0.09418250619333658,0.18508648533109465,0.09042118796567246,6.5474057,5.588122
155,2,3,False,L2/3,923.0,0.01047945291159709,0.00431207609270977,0.0065638515802165535,0.0,0.10063506516650163,0.16767512070389934,0.22956361278791862,0.17844892705096296,8.632935,3.3229992
155,3,3,True,L2/3,91.0,0.0003541546070989823,0.007550466648203152,0.016646868791419606,0.06234854972352195,0.0,0.20156615925605353,0.17593137244022192,0.20797461302555664,8.8876295,7.4776053
155,4,3,False,L2/3,463.0,0.010659169985482529,0.0016421324757094455,0.007408351161785401,0.13795347851985784,0.045285596724450664,0.182630118920817,0.11401387169844007,0.0859341413557766,11.633506,7.9903007
155,5,3,False,L2/3,153.0,0.020716458571607504,0.0012715122637321306,0.008376804065720424,0.01829327391134745,0.07878321593164715,0.24434586774472739,0.0814754399186295,0.2102560020169095,8.533757,4.150076
155,6,3,False,L2/3,101.0,0.008404847013222506,0.00020180635427350478,0.021859710851219575,0.0,0.09069705351495645,0.04716807474773426,0.1267563252005708,0.10867695064008244,13.364221,8.878599
155,7,3,False,L2/3,132.0,0.0017406110267704914,0.006152478253721217,0.008250365957932467,0.0058316512346455055,0.11734609650918044,0.1563183402180928,0.18926374605059132,0.17844459835217008,8.644058,3.4089928
155,8,3,False,L2/3,114.0,0.021635242523350938,0.00033822423060299105,0.012978483632634813,0.0,0.022673283889153094,0.21650646434124293,0.054589428002056524,0.22835677932839052,8.420809,8.054761
155,9,3,False,L2/3,198.0,0.005491113645925374,0.0015656249600464267,0.004318078640686399,0.10160476745013582,0.14237397395671833,0.058556544186954294,0.1111728966466351,0.13295819861925184,11.574921,4.1535625
155,10,3,False,L2/3,181.0,0.013160591128727962,0.0004148278967251936,0.0027230993117413212,0.07971124253216695,0.14194932418725556,0.15320241644205626,0.06103571465200675,0.03305184404183995,10.982224,3.3742661
155,11,3,False,L2/3,1994.0,0.009447279073944343,0.005541811725748434,0.007483234025017502,0.03743457275647108,0.09826761092450624,0.16699085321390714,0.14704319684388933,0.19349024239170065,8.47306,3.891789
155,12,3,False,L2/3,164.0,0.0001,0.01251533179395842,0.006339477058650372,0.011526197649569737,0.09931460986260433,0.20272057439139687,0.1660011759351446,0.18253540094000947,8.400426,3.9948692
155,13,3,False,L2/3,168.0,0.0004259321082715667,0.011587585059030282,0.005215202546863067,0.05257957632733676,0.0,0.137700581069304,0.15743636190534627,0.1105163099065824,10.547164,8.768905
155,14,3,False,L2/3,150.0,0.0078083287594581585,0.005843776950172549,0.01141998211572451,0.016561772217963146,0.002551123427861496,0.24945105805428974,0.11481066127483057,0.13674022785992548,8.245964,8.00786
155,15,3,False,L2/3,2537.0,0.013759830293716213,0.003226672311682745,0.003864748201593977,0.11460698917627056,0.02863383364673702,0.28042451388310274,0.16137313149317348,0.08019394864449106,11.225223,8.342364
156,1,1,True,L2/3,136.0,0.008816038869038487,0.0008229573766230316,0.018431189532129296,0.0,0.09810075148932149,0.12122506640414685,0.1747536604377357,0.17936341139610856,13.365529,8.849551
156,2,1,False,L2/3,151.0,0.0001,0.0066383345774105665,0.025025598231894385,0.014802196714914593,0.0008162877717373916,0.16950289109621375,0.222136893897863,0.18928482454112466,13.38544,8.870261
156,3,1,False,L2/3,1193.0,0.005519135131934261,0.0070475088678738345,0.002913447765050174,0.07213297935576507,0.02437541060099666,0.26039902905562823,0.2296451959893936,0.20632605366181284,7.7807827,5.208874
156,4,1,False,L2/3,158.0,0.021205592901691165,0.0065041895224412965,0.010422654281019883,0.0064724060820324945,0.0,0.23333948984427003,0.000598567637065536,0.22300884565147158,7.988245,8.307697
156,5,1,False,L2/3,295.0,0.0029424812487893444,0.005855171186410845,0.0030181863526667348,0.055604293686758996,0.06522523703322716,0.16596033623058226,0.20059767067565154,0.22209742908451557,7.5310483,4.5427604
156,6,1,False,L2/3,146.0,0.014640009323564341,0.00020267763324019673,0.01470388769622131,0.13590249584809103,0.07655698773359172,0.17508461538301115,0.1337183239553017,0.19425910654349035,9.700799,5.163607
156,7,1,False,L2/3,292.0,0.016551108279194742,0.0024810533859853175,0.0019519706516008476,0.0,0.05474700787465395,0.07429772074696267,0.1707572830409366,0.0742898488913265,7.6212683,2.093524
156,8,1,False,L2/3,267.0,0.017700702942382008,0.001866101658951339,0.0021737684512188704,0.0034361200083240263,0.043823549148159106,0.1448107486252227,0.11572330044473426,0.18887472757570523,6.9318223,4.3186646
156,9,1,False,L2/3,332.0,0.010299499923396857,0.0033003712838483084,0.007967142316121717,0.0745979778417469,0.023422390250885883,0.20092919623839386,0.15703517826782645,0.052482805617646185,10.926001,8.66591
156,10,1,False,L2/3,167.0,0.014060569980120579,0.0001000211103147515,0.01713768327905372,0.008496750815165845,0.06866463758677617,0.22444918533798544,0.08193291993232,0.10976356836858428,8.458508,3.1305907
156,11,1,False,L2/3,373.0,0.0017484081656955783,0.006941285936752944,0.009829502370508256,0.07993989388850795,0.1305217998130632,0.2076197592457798,0.05610479283130001,0.203188475165994,9.823631,5.208876
156,12,1,False,L2/3,137.0,0.022809889045473077,0.0004040564609791469,0.021457641765991534,0.0,0.06354576439724031,0.17065651363892756,0.17449371745196565,0.21099793906844763,13.3739,8.843769
156,13,1,False,L2/3,162.0,0.012919998067132047,0.0001,0.02118931708992683,0.07019928902435539,0.08279880881309509,0.10148002683317642,0.18422313034534454,0.10305813386553926,13.307789,8.880696
156,14,1,False,L2/3,207.0,0.016425845242722063,0.0001,0.003261580435757183,0.14994680100270943,0.15474780755305054,0.15650364051739354,0.2003150464390857,0.1753671955748189,11.563798,4.3358393
156,15,1,False,L2/3,436.0,0.00900089964168136,0.005530879268732847,0.012351455637525377,0.012686586649727112,0.06345474482312034,0.09525329776675971,0.19305882780933206,0.22603598811416298,5.839301,2.9198399
157,1,12,False,L4,3042.0,0.011007803975534622,0.01920202580592479,0.0024521963090938406,0.016094263387981936,0.017701241091939452,0.368173730662704,0.0,0.2636123235577629,7.645474,8.700152
157,2,12,False,L4,4798.0,0.00902123144855274,0.006326093834068366,0.011955605240837927,0.09184820115146251,0.08023735968044572,0.2617531108182735,0.11156991271540549,0.14479052225084194,8.418095,6.4095445
157,3,12,False,L4,4287.0,0.000505703840050897,0.007405784293697593,0.0005446028708437181,0.15203661312901298,0.15725855728316046,0.1389132096397832,0.06247645668476926,0.18895013533089408,11.825025,4.3403926
157,4,12,False,L4,6123.0,0.01913784440790794,0.003173546756894826,0.00864360644960262,0.09211421439868482,0.12836104397945794,0.23112762208601964,0.11902579100379154,0.25536150790823736,9.623958,5.1704245
157,5,12,False,L4,3718.0,0.008942982746185223,0.00010005781863918625,0.0,0.0,0.0937749478198759,0.0,0.14318862086922915,0.24672927127528987,7.2472277,2.985156
157,6,12,False,L4,6373.0,0.013566501180163025,0.00590656151466522,0.005337745481661001,0.06544668799977191,0.10006481250228656,0.14903509019764768,0.2433966928133245,0.23259370951974465,8.054403,4.404285
157,7,12,False,L4,3289.0,0.022332170934708316,0.0028568442637538433,0.005044374718305104,0.07748540059445898,0.06397899223686677,0.19570278476083983,0.0008919749738947778,0.20854930126368115,10.2585945,6.122482
157,8,12,False,L4,3048.0,0.044459053716927495,0.00874566513755873,0.00810685302203412,0.0,0.012129136316025354,0.0,0.0,0.030174283385138646,1.563451,10.807585
157,9,12,False,L4,3212.0,0.015378370248720585,0.00470132438594718,0.010192101797836688,0.05146375733827689,0.063916208833856,0.38350486496551683,0.0007839480976624684,0.0974704708473017,8.867123,9.034712
157,10,12,False,L4,2811.0,0.007380865016395832,0.008568056261176063,0.005497493309926313,0.03682962406645196,0.07821563523672573,0.13324140893567685,0.1302875626053573,0.14499384301805185,8.054457,4.020491
157,11,12,False,L4,2914.0,0.004716835170150633,0.010207116971169623,0.0061542621633811564,0.056751834128351386,0.07457567917146808,0.17365407017882442,0.000761027014346477,0.21747119770164305,10.130445,6.039736
157,12,12,True,L4,1751.0,0.01833035495365939,0.006572229280275206,0.004339820351489961,0.008286874409692972,0.04101670835628092,0.015576338014917774,0.25414981284813665,0.1551568751945327,5.2770915,3.1746914
157,13,12,False,L4,2327.0,0.007479801652182293,0.008816781845420271,0.010387144075359607,0.04563015888130927,0.07333780443072271,0.20900908623664025,0.09427705933918565,0.12210012289186138,8.631563,6.323178
157,14,12,False,L4,6298.0,0.014689148204032939,0.006090369933580586,0.004758454238165285,0.07539778830500911,0.05412187958215759,0.24505290939398677,0.14307152434503154,0.1421456822437046,10.03046,6.5838237
157,15,12,False,L4,6308.0,0.003919696744436773,0.007019751454981494,0.004896109674620626,0.10578933864847828,0.13178466220122786,0.12482230422402876,0.1952787058750962,0.09072259763678628,10.829987,3.1423385
158,1,2,False,L2/3,2710.0,0.01865796909247326,0.0028857799279732362,0.001926364797024476,0.08408242387051668,0.06974004343580478,0.21624255423975924,0.15744342183191407,0.15285536151949317,10.150357,6.5591674
158,2,2,True,L2/3,114.0,0.00559482618086839,0.003062626111625573,0.011219526944858099,0.07500164618887503,0.04214021525595388,0.1590692345480475,0.15782491262308687,0.20336754928638096,9.411956,5.7554946
158,3,2,False,L2/3,167.0,0.01338222929914508,0.0005986858961155654,0.0022165695041786466,0.014201635286115595,0.13381467317663004,0.04538826198387106,0.16389240783539477,0.21885352296046007,7.906923,2.7530754
158,4,2,False,L2/3,248.0,0.0003190361418914476,0.013575659362938504,0.0029494915428906745,0.11785735833960681,0.08550322023168275,0.06274963524921912,0.210597132358902,0.1690768280404867,11.47421,5.251279
158,5,2,False,L2/3,118.0,0.00020694756058909183,0.009334403795833718,0.0032416614323632475,0.14258708044048388,0.09591828973763333,0.04264014036383753,0.20581443064244187,0.15158866120884396,11.538986,5.2134113
158,6,2,False,L2/3,124.0,0.01771359512652722,0.015385409440531595,0.007420619288868172,0.0,0.007168095458477648,0.0,0.06326770438935146,0.20413821121095707,4.590838,3.6776252
158,7,2,False,L2/3,212.0,0.0033093010767964175,0.00814530638167474,0.008102697546910896,0.0752774151510855,0.013964167628221927,0.1188882945635989,0.23345592020421677,0.167527421433972,9.116545,6.627851
158,8,2,False,L2/3,160.0,0.020176489219762058,0.0004399223077320602,0.011115242633104032,0.156714740774268,0.014973150702407224,0.21981597140346118,0.17641719799897748,0.05278301398400848,11.809306,8.074857
158,9,2,False,L2/3,168.0,0.002217443635488385,0.00936459198576219,0.01259304523277847,0.0003780758720926862,0.05638200493829677,0.005048195245117449,0.14538521822857864,0.16885642384167035,5.695537,2.8694172
158,10,2,False,L2/3,117.0,0.000838501537027016,0.0004887157650225787,0.004534696437241453,0.0856748866690237,0.17439951369236212,0.1445344564781776,0.12362614690760886,0.16949563565327996,8.745748,2.8515632
158,11,2,False,L2/3,121.0,0.00026258165494083904,0.01680243252655345,0.010092649294667317,0.07802878802364185,0.06904824338705662,0.1792571094379369,0.08084206678333926,0.15544970528891877,9.101236,6.1085258
158,12,2,False,L2/3,205.0,0.005224086272459017,0.0056522349565340385,0.011570301885508168,0.009699706486683774,0.07940634341238041,0.04788651769654828,0.2015091170824189,0.13199291605680297,5.8516493,2.3816774
158,13,2,False,L2/3,119.0,0.0031118923067068576,0.00010384798454302185,0.030636063636548288,0.04913614845761598,0.0,0.16326026479380176,0.06478194754889594,0.10552973152845119,13.385131,8.930107
158,14,2,False,L2/3,853.0,0.01824197635178509,0.002694007791981714,0.012545506382935495,0.018306663413431092,0.11729547036501099,0.1165464640222548,0.09317038630983228,0.23847777495409067,8.678259,4.483373
158,15,2,False,L2/3,121.0,0.017911270655064145,0.013198034387238522,0.005763910285201623,0.007256999959645209,0.002161390671161597,0.2262663122342307,0.15118117465229594,0.10227217533092041,9.824152,9.243041
159,1,4,False,NaN,115.0,0.00018173385541985632,0.016998179064340455,0.006819674130534895,0.11309837411475662,0.0,0.20471534009919437,0.15702512699609394,0.16321391854473383,10.949654,7.4234996
159,2,4,False,NaN,109.0,0.003329720048525033,0.0022702083767674685,0.00893312753958964,0.10379035095380525,0.002811699155102447,0.3358155038891138,0.2140522347553551,0.21815267360252805,9.28517,6.719136
159,3,4,False,NaN,109.0,0.02054829667603788,0.0008145921503887505,0.010808369405036464,0.07740145542181055,0.10657270775361198,0.06921939641042403,0.05092735790166059,0.0892892764261948,10.419298,4.017788
159,4,4,True,NaN,82.0,0.017564173124207293,0.0001,0.025268335477081023,0.12350132159682467,0.007469258736819029,0.2531726825367125,0.10588381439447403,0.05322357983592761,13.316188,8.884852
159,5,4,False,NaN,110.0,0.024334837597603794,0.013542864071789971,0.009007241625155711,0.0,0.0,0.0,0.0,0.03059560466618851,1.539684,10.87543
159,6,4,False,NaN,1455.0,0.012501233316138501,0.0036171981495349476,0.009409852754247909,0.014259190411220854,0.1121187080279978,0.19724606187089366,0.13248127731178405,0.14020227354051934,8.495077,3.3103619
159,7,4,False,NaN,104.0,0.0001,0.009579938654642649,0.006857549879076858,0.13396850088949755,0.06194689584542863,0.033617134919756264,0.0784552496785384,0.18066987848785462,11.2806425,6.4833345
159,8,4,False,NaN,97.0,0.00013680384166878204,0.0025491040164679797,0.030259989097703537,0.03084069653360593,0.010277037133895266,0.21698203649143963,0.07374913811575978,0.05552652968649985,13.392007,8.940765
159,9,4,False,NaN,146.0,0.009089315146301817,0.002573375947450011,0.009412985221600632,0.028499078340966526,0.04157466710797305,0.10274868954464915,0.1799543965152123,0.18811568339804607,5.4407372,3.4838896
159,10,4,False,NaN,95.0,0.012422724798317065,0.0001,0.020627824964953686,0.017805629477939115,0.014458459872141456,0.13162614678250226,0.0538515252357539,0.20943968227209347,13.369824,8.81312
159,11,4,False,NaN,115.0,0.0001,0.0030537500351000457,0.01225388757768195,0.1561574610584365,0.14013331220665506,0.039594360564107506,0.22685531245933882,0.1782267280940024,10.402688,4.6114974
159,12,4,False,NaN,942.0,0.012474008715590464,0.0012804816617973994,0.006419430991143309,0.11490250873125453,0.14126390560345406,0.12054735304578548,0.16224223143835917,0.21516174271531738,11.024884,4.9905424
159,13,4,False,NaN,3472.0,0.011537376359940845,0.004382114885059718,0.002642670578457572,0.07862447330976305,0.11138995971033468,0.27908492939321033,0.214025001082379,0.07670517542077826,9.782804,2.901025
159,14,4,False,NaN,135.0,0.009973992375953474,0.0028743047938521024,0.008668275398607908,0.07553592705672837,0.0,0.2567594900491599,0.1320759705202201,0.11501402033861535,9.539711,8.445465
159,15,4,False,NaN,115.0,0.00010322828182209781,0.01304632404287551,0.007900118102214216,0.09244659566715023,0.008187827652772635,0.04370305302902091,0.1057184000034616,0.08940914957594051,10.390016,7.7241673
160,1,2,False,NaN,120.0,0.0001,0.0005857225163817694,0.02540354799165822,0.10039007391351248,0.015752834392251707,0.17487475548662887,0.13050365720667545,0.15776740958744356,13.353089,8.907523
160,2,2,True,NaN,91.0,0.0033080903231619027,0.003129751375806397,0.02029153266324438,0.009978149722163748,0.0022676260522590383,0.08328076154037667,0.16153531533351942,0.027108456485872744,13.345729,8.892403
160,3,2,False,NaN,132.0,0.001706539474072404,0.005712078193099213,0.008499803074180483,0.005994213918546708,0.002881360745085653,0.19568892497960577,0.14065452868422643,0.13625684381175227,6.8651614,5.816714
160,4,2,False,NaN,138.0,0.009125753231858536,0.0022118500028666045,0.007669716096792984,0.07692970283156972,0.052858875659240606,0.09219728603454415,0.16151369134344243,0.1435680582236693,8.826651,6.047666
160,5,2,False,NaN,129.0,0.016806114300247015,0.00032226562616464544,0.006835165883475855,0.07335569330377119,0.17437661022189202,0.10551153889552531,0.03919724208644518,0.20750634342871774,10.881638,4.6556296
160,6,2,False,NaN,1961.0,0.0021345116859260867,0.010596889886096049,0.008988829546480025,0.0,0.11539613345199799,0.05022457839334501,0.25655885015755325,0.10323815793516829,6.047218,2.133141
160,7,2,False,NaN,1464.0,0.0065629728157548094,0.006497773384375306,0.005756607433471729,0.0785632621805227,0.006073042661518453,0.19859360800248035,0.2246934283543025,0.12795466199742458,10.536607,8.809813
160,8,2,False,NaN,110.0,0.01856204974092992,0.0065423948015930315,0.004687816382764963,0.004863475334477795,0.0,0.14154417570147096,0.013845794083398675,0.17816515325428206,7.4404707,8.428013
160,9,2,False,NaN,93.0,0.0008938630150606471,0.0011838276295634393,0.014310063349010398,0.1650133815396635,0.08022674176292623,0.21046711273422042,0.20303506993981313,0.022461818878580533,12.038915,8.146229
160,10,2,False,NaN,2067.0,0.016180295043517683,0.0028017489462253656,0.0054459117994164604,0.029888131473802093,0.11771398205464283,0.2250608781415176,0.12340666750501633,0.20996099351784364,8.333936,3.6786404
160,11,2,False,NaN,101.0,0.0001000100498263809,0.0029680678494401554,0.0225292427999226,0.030822386246547023,0.038629020133197134,0.09386658429676582,0.23156447003417538,0.13784811610761905,13.360521,8.876047
160,12,2,False,NaN,1063.0,0.004575969812408553,0.006491042099666814,0.012174222823047426,0.07933245794302866,0.12487915430761803,0.32529101422478524,0.14861318252596248,0.08228669093147263,9.947488,3.875186
160,13,2,False,NaN,142.0,0.01711849530713924,0.00013003165513783647,0.021275926335353218,0.0,0.010452231862285267,0.19719762159568813,0.07833317871741516,0.05270687967827749,13.386014,8.946115
160,14,2,False,NaN,115.0,0.022774373390167392,0.006432066973550596,0.011919264771582986,0.0,0.0,1.1538408227045739e-09,0.0,0.20931629336386712,1.9065541,9.83157
160,15,2,False,NaN,201.0,0.005180108267909531,0.0020051231323772443,0.007517025853198629,0.0032733998548592448,0.13820414892430158,0.1082523830016602,0.17132871068253644,0.11636050048432192,8.461728,2.964368
161,1,8,False,L4,559.0,0.003693334434525,0.007699129395479579,0.008867330522547862,4.696312044398841e-06,0.07294911212868224,0.03268990390074557,0.12865821102918387,0.1668649389114584,6.1822233,2.9202373
161,2,8,False,L4,3434.0,0.009675357013601164,0.006257595977856868,0.004797973808067845,0.03374760683574405,0.08567908410488646,0.13870328730794915,0.1993931902033867,0.1327270022839069,8.829017,3.2610373
161,3,8,False,L4,1054.0,0.003624175021733965,0.00792542776763882,0.010290117362437175,0.02616581243279928,0.11937125939275334,0.1898232426038079,0.13491790253557112,0.1792494175838879,8.612025,4.0139356
161,4,8,False,L4,374.0,0.0037971627808427925,0.004498903155719221,0.004293373116677794,0.127253751287005,0.07356553940168954,0.15125891756795495,0.16369791175236842,0.17236917028811582,11.230922,5.8985085
161,5,8,False,L4,722.0,0.008860279369498203,0.003388213075074512,0.003428772223989331,0.10850235656812288,0.0635948211118795,0.22410703951383176,0.22354838835684435,0.176908944751798,8.095727,5.0469217
161,6,8,False,L4,354.0,0.0025112338700236598,0.004591866656643885,0.002173467768848846,0.11915326973963283,0.0,0.06096430154390543,0.2328491182154377,0.06962906573163535,11.697545,7.546238
161,7,8,False,L4,508.0,0.008230417739448468,0.005451303559132001,0.00525235232587249,0.0037109248351176417,0.05575403311033088,0.20456111050334858,0.1813295043866735,0.09256187692226034,6.8048453,5.2706532
161,8,8,True,L4,237.0,0.023718252284412933,0.00011698831945470294,0.03103926356816797,0.0,0.0,0.0,0.17414685458947077,0.19922470256007163,13.386241,8.890173
161,9,8,False,L4,266.0,0.0012638510553618578,0.0017382882733720788,0.005455581979283297,0.12620977172209585,0.0,0.08193243079268514,0.13957597310577904,0.1654490784749366,11.260243,7.2488985
161,10,8,False,L4,278.0,0.005790071315556372,0.00286120339902324,0.00859297075669049,0.07435643140104328,0.045771452365750094,0.09137459428987398,0.1612666874769608,0.06135816049383868,11.343414,8.4172325
161,11,8,False,L4,244.0,0.021275253723986146,0.0007919136115035299,0.004642719232840205,0.015805927991631684,0.0955386641333439,0.15247706640298178,0.19148815244648018,0.14347600510160383,8.717749,3.3098898
161,12,8,False,L4,454.0,0.018055269659094382,0.002139607684846802,0.01146512803158066,0.022735633794851814,0.07558457342547253,0.2739722197634704,0.20955831666616542,0.07197380994593572,7.3215604,6.234683
161,13,8,False,L4,248.0,0.009848225310801728,0.00597980453281557,0.010866486941222341,0.0,0.009106042889938205,0.0025360078246233217,0.11859761420429878,0.05215113112067429,4.349323,3.2736328
161,14,8,False,L4,535.0,0.0018254114862567823,0.005927336975993825,0.008938001228294568,0.12470007877747824,0.036724136158168566,0.14936014461383004,0.17850307295161388,0.13009980960683792,11.442256,7.8321557
161,15,8,False,L4,240.0,0.0031214552552508686,0.004592013968124577,0.012560638226965726,0.0,0.08321055216421613,0.0,0.14817368772651182,0.26495097521818206,6.226022,2.8768494
162,1,14,False,L4,1756.0,0.008341010910498794,0.005996804322121961,0.007418591172081587,0.04773554898470476,0.05582459558840712,0.14272872951579613,0.1151037239989395,0.12400510918533633,8.8520355,6.0749807
162,2,14,False,L4,1693.0,0.022982229180555216,0.00503663820526301,0.006155212690013845,0.029255962708524978,0.017090826354964506,0.1787613288608396,0.040644940767082846,0.24430876307772556,7.625881,8.174233
162,3,14,False,L4,2129.0,0.0067795538035507336,0.005871159959917317,0.01065066073979631,0.038727789408284335,0.1040179081850619,0.00019235825600554104,0.1675693260146467,0.09531413555217508,6.1628313,2.1317394
162,4,14,False,L4,1751.0,0.00042684183227483365,0.00010046507499070751,0.0004148082221968059,0.016115890815854073,0.1776236593723297,0.04923365265130997,0.06488626450300217,0.060458485037088394,8.49516,1.990256
162,5,14,False,L4,1893.0,0.003976153438820865,0.008466335659367072,0.006782536399458922,0.06741397619318505,0.10664395891767302,0.23626516489710173,0.2300818835933641,0.20905700726540022,8.1756735,4.5128846
162,6,14,False,L4,1723.0,0.011021877186652485,0.0068241303366853275,0.008206764828486472,0.013966051567162057,0.024456233380274032,0.0,0.2845427304497351,0.26843431565052733,4.8619733,3.249335
162,7,14,False,L4,2988.0,0.0034961684934318813,0.006521565609194078,0.0023008246599461736,0.12813880303509897,0.0451274513551587,0.22608752651572822,0.17188562976488422,0.07322054652448885,11.252786,8.299537
162,8,14,False,L4,2644.0,0.008392693855449695,0.004428585517102882,0.010539257826823745,0.09414846742932174,0.03824683006221959,0.2660117352396581,0.013807564791116032,0.07458176693563157,9.582853,8.703172
162,9,14,False,L4,4407.0,0.001197508235229499,0.013139514114529112,0.004161525447368908,0.0014071238533359322,0.14192677765227965,0.037767882494253543,0.07637335747380253,0.1419067027100922,7.9844346,2.5162895
162,10,14,False,L4,1656.0,0.015257492236331403,0.0037028980354290014,0.007809718242884376,0.062102335543076786,0.0646634637929436,0.3522770477553941,0.1676354732235137,0.20544429321616728,8.542778,5.686542
162,11,14,False,L4,1915.0,0.012651049315912165,0.004904745482515356,0.008890721639583916,0.02420585868914196,0.043603414720064564,0.04732276333625105,0.2558211726274998,0.10914473616990227,5.04628,2.528109
162,12,14,False,L4,3391.0,0.01500603648958956,0.004002932152477159,0.00928219734200841,0.058216222690501626,0.1081969100140678,0.211836994125416,0.16169090857847224,0.2584356392947482,8.923602,4.756936
162,13,14,False,L4,2733.0,0.014764238933838436,0.006682156161234652,0.006606602815357258,0.03874619961669807,0.010613229504408845,0.3109904107279112,0.07199085101215122,0.06980014014604827,9.29854,9.400653
162,14,14,True,L4,1552.0,0.00798373892861968,0.003659748985404587,0.0006899771077463632,0.061408537980771935,0.055463064076752985,0.2337522202191987,0.21382909182864876,0.16375938927817918,7.684476,4.9029613
162,15,14,False,L4,1682.0,0.0103011966495094,0.00016216242107699907,0.0004115685922426806,0.1528061777346142,0.16393059534607188,0.18560988623961802,0.12047391885276734,0.1960964071024057,11.814688,4.298503
163,1,10,False,L2/3,8113.0,0.013355916395439153,0.0082327661241469,0.013508064041802085,0.08440880013633462,0.08838648184257436,0.2594219389949192,0.19781633280670693,0.2775700992778061,8.747881,5.162897
163,2,10,False,L2/3,4284.0,0.05971864290037951,0.02416671219973392,0.004822996110010662,0.015454435593793725,0.016952744298354385,0.0,0.05170108493988728,0.270915358878217,0.41121042,9.576448
163,3,10,False,L2/3,4351.0,0.021072042446139826,0.014154593760723613,0.010285712429616962,0.030805361327248496,0.03396330627242281,0.020478033065288254,0.17643656667748178,0.11751669193238484,4.669919,2.781761
163,4,10,False,L2/3,3943.0,0.06874104729626605,0.02288008486102219,0.010481662456937721,0.02414272588619571,0.003901472230752681,0.07832281679208992,0.0,0.2509135770052037,-0.21058483,9.385626
163,5,10,False,L2/3,3668.0,0.027167572659096945,0.020174860157660426,0.009269263965508577,0.03824024030315034,0.01132525690137232,0.27138039613908305,0.0007805305872895227,0.2434255143566655,7.544352,8.811269
163,6,10,False,L2/3,7048.0,0.007409334301550299,0.011103822270581798,0.011077167448711912,0.08399048336223863,0.07124127204807622,0.2008974505671063,0.19150544153483975,0.2684227655559418,8.771282,5.1941643
163,7,10,False,L2/3,12048.0,0.007930459727178936,0.009553631464329625,0.008515571606253058,0.031270805442131656,0.09666438040680572,0.0047886670902300725,0.13749023402859617,0.1633391333707747,6.5186257,2.5535345
163,8,10,False,L2/3,4993.0,0.12029500417647583,0.026649322352587594,0.00031779488602254357,0.0025016071358162336,0.0001473273187187308,0.00018511701159144706,0.0,0.3001479504876422,-2.3623168,9.237554
163,9,10,False,L2/3,9853.0,0.007331463611221192,0.010417487841097785,0.012790471060375246,0.08499940244954224,0.07019638403413994,0.25695841546604015,0.041084692986137546,0.10515080469906289,9.190339,8.473588
163,10,10,True,L2/3,3626.0,0.054261821694895115,0.023068273533631833,0.005527546174409673,0.019746520879157813,0.004179389935678047,0.0480188797180444,0.0,0.13358771535874586,0.5654804,10.846235
163,11,10,False,L2/3,5712.0,0.005409551938493207,0.012481880644178028,0.004227279149730706,0.04833926519931998,0.06960571945652683,0.02725641298681025,0.12973004674523717,0.15376318225490593,7.0175643,2.677364
163,12,10,False,L2/3,5471.0,0.00838881407801977,0.01279817298835817,0.011266491988585479,0.05738483368136199,0.06522116604829047,0.05546304655342699,0.12450818973589002,0.17911022716894304,6.229822,3.0692017
163,13,10,False,L2/3,3932.0,0.056150505734269274,0.022951102745376116,0.004614602187377888,0.010202561134940129,5.037437186129756e-05,0.009966907634167552,0.0,0.238192790581309,0.45093462,9.759518
163,14,10,False,L2/3,7485.0,0.011250568904816119,0.010303524163723736,0.011853365876700977,0.05653689960765221,0.07618387869382244,0.028176306038561943,0.132905960100967,0.14452212586776933,6.11519,2.6118398
163,15,10,False,L2/3,3911.0,0.07213930106101481,0.022243292448240876,0.011480027282344747,0.03204419210895848,0.0014948366956726378,0.1553830392481735,0.0028363869757014994,0.18924057365130553,0.3683492,10.397478
164,1,3,False,L4,2294.0,0.0053119027931497,0.005814996630246458,0.002838716068277395,0.018958405748784463,0.12552924399704768,0.16383034867001003,0.16259481908054862,0.1190778493516817,9.117449,2.5105813
164,2,3,False,L4,149.0,0.01906054096491962,0.0001,0.012427331739393414,0.1595766769064525,0.03259302411476042,0.12445388539908955,0.11360518161916225,0.20905453400237012,10.094146,5.865555
164,3,3,True,L4,113.0,0.00040104685610329184,0.0001,0.01795148785988517,0.11376976118597251,0.022576828548094292,0.1596842800071623,0.2080882184487873,0.1868016883612477,13.021706,8.693039
164,4,3,False,L4,155.0,0.0011588336471763127,0.003852259630009059,0.002841468742472446,0.12905454475885297,0.009608943101239605,0.16412934136412516,0.1645036307842506,0.13968406371628442,11.435765,7.322045
164,5,3,False,L4,414.0,0.0001,0.017963774475481798,0.0019129740783431458,0.16775421350008254,0.06421397569004107,0.20661522819497857,0.04557657556263177,0.14722517474378732,11.127408,6.576266
164,6,3,False,L4,138.0,0.01306935059371064,0.00010000001105255764,0.01550823912423167,0.10530105334599854,0.048107332054402326,0.0875173163201793,0.13131213797317373,0.08108853888552059,13.057463,8.706762
164,7,3,False,L4,197.0,0.017552505324827147,0.0018636418910120242,0.0064606545109734785,0.11613229262683744,0.09843295556720227,0.14458517366706022,0.06466612346406267,0.13881150835099795,11.026356,4.13166
164,8,3,False,L4,155.0,0.0009478631514489945,0.0067251081864789265,0.0036237055067079673,0.09988802909559064,0.009389759525989654,0.07613752852361677,0.19228686749736157,0.19481354518898092,10.849273,6.679608
164,9,3,False,L4,182.0,0.006068921700116062,0.001801993023720437,0.006574530265687103,0.0,0.13217818447135282,0.05057036225010179,0.23384501660530155,0.2207388047383259,7.8278313,2.7725325
164,10,3,False,L4,9408.0,0.004945330293748288,0.008512424687351583,0.0025871934289911783,3.972920165081265e-06,0.12711844408919043,0.22551569072727445,0.15217418208952732,0.19073978645538492,8.26255,3.371128
164,11,3,False,L4,132.0,0.024194558932082097,0.00033922108980934975,0.00461401996287379,0.06567993836845534,0.09359917759494764,0.08798737338650162,0.1881975383889757,0.10107565937841594,9.196128,2.5745058
164,12,3,False,L4,3471.0,0.01230762474267094,0.005182687585388503,0.010838376455103995,0.08506148201269477,0.0766978565359403,0.24259153123008048,0.2685900796217258,0.2846122613638281,8.682007,5.137968
164,13,3,False,L4,6079.0,0.008185534682066635,0.0039283479735457375,0.002368777054003,0.05400718618147552,0.14238223204632414,0.1142194516753168,0.10239091695391687,0.1743550861334411,8.385167,2.5864255
164,14,3,False,L4,497.0,0.018972104162117972,0.0020499538022068983,0.00405986415833277,0.0690258413955613,0.010151106609340757,0.12201001755952302,0.1271260511422974,0.12734867111347803,10.594598,8.164765
164,15,3,False,L4,163.0,0.0001,0.01475824646018186,0.0028947232742428364,0.15762074764611836,0.09745668190349703,0.14784329558639242,0.18245383411179492,0.11843122977413674,11.965492,5.224115
165,1,14,False,L2/3,9058.0,0.07819323450024526,0.016803245848202995,0.004197610299137822,0.00789503624130949,0.011033287556272538,0.10066012513772747,0.0,0.17758978091787606,1.5567731,10.33273
165,2,14,False,L2/3,14539.0,0.005729510614303708,0.009413206831042896,0.006228689166544328,0.07537632719009855,0.11310807411157127,0.18732231238882174,0.2039482338272644,0.15890794673273742,9.497996,3.0929024
165,3,14,False,L2/3,5531.0,0.08534965395716913,0.009612425079281187,0.009513526634217385,0.03163726430057848,0.02675956849913261,0.2261038989169157,0.0,0.16596935898100906,7.267279,9.52897
165,4,14,False,L2/3,5581.0,0.014183116884701778,0.014447153138768175,0.004416597289653354,0.03786436074089919,0.030508404974635136,0.28164646462577275,0.09584609765332096,0.18327443665338705,7.7051787,7.9242454
165,5,14,False,L2/3,10573.0,0.006647404389843977,0.01080998516562018,0.009796082312510494,0.07691269861952815,0.09091136909452495,0.1766265391265982,0.2595999921494272,0.1559906295930856,8.046357,5.440606
165,6,14,False,L2/3,5525.0,0.026627147827250976,0.012206996692417945,0.011467479953856385,0.043984211303211625,0.04743252495783841,0.17593325084180594,0.20020537166919436,0.2189129880161329,8.63781,5.225158
165,7,14,False,L2/3,11117.0,0.005607398370840014,0.01007922532304349,0.00837655911551271,0.05732683929442031,0.11138525866862363,0.0,0.10139465464353298,0.14443327642175613,6.608188,2.4816532
165,8,14,False,L2/3,9274.0,0.013750643679407407,0.009334756379631631,0.012302917764959466,0.07388572278172607,0.07610022106495538,0.32138496505444014,0.12890995953229767,0.15005049138949195,8.358786,6.331222
165,9,14,False,L2/3,7171.0,0.009851465224205436,0.012061577094897335,0.010663808986572395,0.04296551797132671,0.0716689205975933,0.0,0.25421997871157803,0.13600809089320443,5.182638,2.4467528
165,10,14,False,L2/3,11913.0,0.06958519398582874,0.024099556690604686,0.0030607828028305787,0.0,0.0,0.0,0.0,0.23800463884767967,0.35292307,9.832028
165,11,14,False,L2/3,7763.0,0.08251754800064645,0.012314941585331567,0.004361511666440565,0.009834088909573662,0.022218102974340383,0.0901699517034956,0.15761896375616272,0.18672932122858746,0.5857361,9.397729
165,12,14,False,L2/3,6048.0,0.08505769359885995,0.010810252388396252,0.007535566168289217,0.0206644378520399,0.018377313671589166,0.2208255707266038,0.001633132146208205,0.21721174230427692,7.1743927,9.505504
165,13,14,False,L2/3,13323.0,0.05720870713069753,0.022315835731193258,0.0037685494861707017,0.0,0.0,0.0,0.14952799729037103,0.3017020088203534,0.40595168,9.560707
165,14,14,True,L2/3,5326.0,0.08635660164578736,0.00947691082050648,0.01151020429170185,0.03983640631721489,0.03318099540536581,0.1677701820716232,0.0,0.26537471073744817,6.81091,9.453301
165,15,14,False,L2/3,5732.0,0.08718436277486402,0.010594043208269082,0.012408869254159936,0.03895513754034045,0.030114242808459767,0.15697155259776624,0.0,0.2809395811750515,6.799716,9.451349
166,1,7,False,L2/3,637.0,0.004597519675927219,0.00759552163401228,0.009272067122016165,0.06853027438719742,0.011559383173505147,0.1976043521870303,0.11432519172409505,0.13659148737020127,9.345471,8.43789
166,2,7,False,L2/3,308.0,0.012950481081199455,0.00011511860005773838,0.009526936176818846,0.1636329421868613,0.12985856128287737,0.09118160563149232,0.2128964389809089,0.20203784708893807,10.492846,4.6250815
166,3,7,False,L2/3,338.0,0.0005614049043943279,0.016163312401740803,0.008285217447232544,0.08708141320330993,0.009426055839502614,0.08101280749307839,0.19244408372962638,0.06910643019548912,11.115249,8.230005
166,4,7,False,L2/3,475.0,0.001809823353467577,0.00767765801366938,0.008476863967855412,0.08654982060167894,0.015414291450669308,0.09434493584390569,0.16861560659079639,0.04113011811654006,11.342794,8.413756
166,5,7,False,L2/3,332.0,0.07717072013553514,0.025580790735563127,0.0043543834489136604,0.0009849973946994954,0.0,0.0,0.0,0.20604897155583843,0.15771912,9.992009
166,6,7,False,L2/3,413.0,0.0011842913249764232,0.01326315528615608,0.003314596028033309,0.07051643330714683,0.07112884916890053,0.18578397058875215,0.17646169886740404,0.08908032553074406,9.929848,2.57599
166,7,7,True,L2/3,278.0,0.0012159658263744503,0.00962002305012142,0.0013567986742518145,0.11799095082584728,0.05132330053671457,0.22149031010230522,0.21333022910688978,0.14066534381242898,11.16561,6.88684
166,8,7,False,L2/3,311.0,0.12083742843561754,0.028613132624145034,0.013570996614665822,0.0011907035490340938,0.0,0.0,0.0,0.16641366848575978,-1.6201363,9.750938
166,9,7,False,L2/3,300.0,0.002094111880268577,0.004667965551619089,0.005142758891735571,0.10580282749876639,0.128010904784585,0.05267841446280697,0.2104495452168546,0.14692222990782103,10.852755,2.9391325
166,10,7,False,L2/3,309.0,0.13647040633536422,0.028504396862544502,0.0161263844279001,0.000892786882343044,0.0010841296533221317,0.0,0.0,0.1289922847661884,-1.7129309,9.870193
166,11,7,False,L2/3,5405.0,0.01462029870270184,0.004816938710788414,0.0066147440531931145,0.03102108014642856,0.09448527455523167,0.27337118411348005,0.10221510446391541,0.257866456469226,8.415758,4.3921227
166,12,7,False,L2/3,311.0,0.05759349712057134,0.02634452330415211,0.012687605705635,0.0,0.00012469343826596027,0.0,0.0,0.06628480920790296,-0.061006147,11.560588
166,13,7,False,L2/3,712.0,0.011496967320339613,0.005219794149036943,0.010737186980929528,0.029203672221264635,0.051907108349070606,0.33803047459417057,0.21848769721043013,0.08668591915584446,7.5037856,6.3066325
166,14,7,False,L2/3,490.0,0.014262562964130848,0.0019918701405542525,0.003765320599112712,0.0010668703205688494,0.09506915855729252,0.017299102797787288,0.17228731093684352,0.07455764521273185,7.827647,2.0264084
166,15,7,False,L2/3,311.0,0.0001,0.012798661376815797,0.0110099943227591,0.028825618631480397,0.015651535328122895,0.2079972496365132,1.0340103871778985e-07,0.09021035224864138,9.170078,8.654754
167,1,14,False,L5/6,480.0,0.005610889393660887,0.00011241633142805196,0.0006709421306216636,0.009816891581034331,0.17684383417258562,0.03317044017039885,0.19390046869640196,0.1749354926220832,8.128114,2.5544999
167,2,14,False,L5/6,506.0,0.0013671370550638576,0.0028682151680485004,0.0007911682264628946,0.0009975312972464372,0.12281500255300525,0.057573430302296925,0.07513802723533788,0.15224265512371826,8.262444,2.481644
167,3,14,False,L5/6,1475.0,0.0029060238842936563,0.009872951752759864,0.008253175871309736,0.02424839800524942,0.11384428630916388,0.2436436067809763,0.183670067137156,0.23604991636834247,8.482627,4.395977
167,4,14,False,L5/6,1679.0,0.009515570821270627,0.004144460637397502,0.008429285814437902,0.006268959589388605,0.11398193899784828,0.06510246962466892,0.18801428299283518,0.16566157717217675,6.323463,2.480141
167,5,14,False,L5/6,602.0,0.000178775464600781,0.002921560230316315,0.0004402424401381376,0.12994936244196623,0.10238525627481047,0.08935401453064082,0.10665876044286883,0.11667198494727185,11.729253,4.1198363
167,6,14,False,L5/6,639.0,0.0001,0.003949334307684278,0.0007154647539298148,0.158035321156854,0.14803167702653372,0.06925732891695706,0.14992681501395375,0.14776733200749706,11.856622,4.1873026
167,7,14,False,L5/6,1134.0,0.008387710156931814,0.005343359198422325,0.009186896956375801,0.07819314254489536,0.004855746090651948,0.17700513398476478,0.13054638692284581,0.23290654249698758,9.310458,6.9832406
167,8,14,False,L5/6,610.0,0.0027051235658414,0.00279653378701202,0.0017898156719441235,0.12632157873982577,0.08609839214818359,0.13820333854094025,0.01814001182587443,0.11685186960895223,11.697764,6.5772204
167,9,14,False,L5/6,715.0,0.018709534028886955,0.013834521459388252,0.006924853556867175,0.0,0.0,0.23649014697081303,0.010261658958800744,0.16978671394226647,7.8321247,8.871512
167,10,14,False,L5/6,1373.0,0.01787851110978458,0.0023223039820158163,0.004449693227748017,0.07016001248299614,0.10970191704092457,0.2186458172280301,0.07134793610913229,0.16988390637344786,9.221587,3.5940206
167,11,14,False,L5/6,550.0,0.13193493689247704,0.025718375550871413,0.007401515544083262,0.000270939958348026,0.00011751447920032104,0.0,0.0,0.1485517645923328,-1.9427884,9.873601
167,12,14,False,L5/6,989.0,0.015574249256405761,0.0018851479902184552,0.0019905300347169246,0.038165814111485646,0.1234383057402974,0.07516140521633295,0.17398218430130735,0.10305826743242233,8.589369,2.109561
167,13,14,False,L5/6,2969.0,0.019451539715821507,0.0029137239102460283,0.002164487328921086,0.07810070523456411,0.016497544927700208,0.23207580895859103,0.10756670452652851,0.09740668585483114,10.637786,8.369032
167,14,14,True,L5/6,474.0,0.00010260538260499379,0.004902025705108492,0.0006242947725244618,0.10112864997736043,0.1267095308987548,0.15840751205241935,0.068343405676977,0.1717787529217491,11.741891,4.6689725
167,15,14,False,L5/6,4523.0,0.014147095560930696,0.005093479346173592,0.004316364399971379,0.06939912440030194,0.00392564591702645,0.207087474036107,0.09848419959822612,0.15649677574770404,10.620368,7.8882775
168,1,9,False,L5/6,1746.0,0.0019630018927006007,0.012899003450018097,0.006177388394319527,0.05735309244379251,0.08493400256750712,0.15669635526015183,0.21873559802587808,0.20567710842564182,8.074112,4.9354873
168,2,9,False,L5/6,2706.0,0.012805664828596297,0.005978511731783021,0.008558915596620755,0.08078315133849857,0.0516628515091991,0.21382132140173032,0.25229295155801,0.27585083191608806,8.587959,5.1939235
168,3,9,False,L5/6,1461.0,0.06167880695753426,0.02947781504329666,0.009975085693288296,0.0,0.019513054751637015,0.0,0.0,0.09890093768891317,-0.02521209,11.358664
168,4,9,False,L5/6,1235.0,0.049703318553138226,0.02772011464892022,0.008611251337336229,0.007012159771743738,0.014833905910574425,0.0,0.0,0.1548528176555788,-0.07664042,10.63446
168,5,9,False,L5/6,1127.0,0.005167746990343678,0.0001,0.0006058266591931722,0.09420919927715125,0.09641775726563546,0.14937488424621523,0.004795019719191384,0.2664299785144668,12.070218,4.5848265
168,6,9,False,L5/6,1166.0,0.00656388626438361,0.007901404391412086,0.004947597954867022,0.043748592405888465,0.01653987190565961,0.29411448093051523,0.007762087187312328,0.25364016906705134,7.807394,8.204933
168,7,9,False,L5/6,4438.0,0.018591181436786605,0.0015990282122684764,0.008626618616447661,0.14726065499953064,0.11534466537871367,0.18827398678009294,0.1047318292335556,0.11880575038409892,10.796302,4.1110196
168,8,9,False,L5/6,1556.0,0.0001,0.014320049796206366,0.0074075650179241635,0.0933277640530856,0.05320380979039509,0.22283190276815273,0.0,0.12913952022945938,9.610141,8.2591715
168,9,9,True,L5/6,1111.0,0.0004224625182229255,0.00010001092252366034,0.000589052076997782,0.10630127236477077,0.10925019160918065,0.1458027488338399,0.03880271413492023,0.21502787385674318,12.058851,4.5700135
168,10,9,False,L5/6,2071.0,0.013449466248654647,0.006193908605653299,0.007981611437275887,0.0550302139051432,0.06782945120931899,0.20444021750646893,0.12516404390036656,0.16354449587805014,8.986261,6.106378
168,11,9,False,L5/6,1202.0,0.007115717601816283,0.014918388380698741,0.009073778429669384,0.016599180690148985,0.023415190834336352,0.15393337908601956,0.18366487263374226,0.17806673950330945,6.8529468,5.993091
168,12,9,False,L5/6,1333.0,0.046606979523186355,0.014774623526176577,0.011006793095127483,0.0,0.016879003559486815,0.0,0.1262767579122563,0.19357951527718895,4.6706,3.7581823
168,13,9,False,L5/6,4667.0,0.007412130251853197,0.005955990076610379,0.0019579429869219086,0.11222084729274587,0.03733600428889208,0.15407345054471333,0.20877468745955063,0.15141466440413381,11.223502,6.8431673
168,14,9,False,L5/6,4317.0,0.007565347903498874,0.00796636161868315,0.006751973136926507,0.00020596808398051197,0.07992164651177464,0.005115776039858124,0.26374256272664515,0.08999932456472931,5.659409,2.1533628
168,15,9,False,L5/6,1211.0,0.08469489692370472,0.029020502169763186,0.0035655031342841288,0.0026158316585921655,0.00015459272243722685,0.0,0.02168676224264176,0.20457104522862538,0.08348254,9.95008
169,1,6,False,L2/3,427.0,0.010918018962962586,0.0001,0.021077974093165995,0.12050225751382154,0.15321097994964822,0.05543692799660937,0.09361804549807809,0.20627295860404943,13.30597,8.944896
169,2,6,False,L2/3,461.0,0.01474494908999852,0.0001,0.008496415605083742,0.10892214981981732,0.1467167409765145,0.18873742665579313,0.07726589490897989,0.19441753575979048,10.860389,4.878826
169,3,6,False,L2/3,701.0,0.012685113160731886,0.0045466424641614775,0.009932150027409735,0.03794974406776919,0.031570728309607325,0.26266978953786907,0.16575128250247761,0.2359246434886278,8.387422,5.7955675
169,4,6,False,L2/3,468.0,0.013125320721968465,0.00010012301055947279,0.021303989976829956,0.11553191865588656,0.00442168962953453,0.11518071119849972,0.15704652939988334,0.032016580130513075,13.225276,8.817471
169,5,6,False,L2/3,574.0,0.00011416403198254271,0.00861764411973832,0.006575340413005675,0.12783250866984322,0.14973081660900553,0.21070831887366998,0.1190376161484285,0.13299303348657812,11.097277,4.013355
169,6,6,True,L2/3,416.0,0.009196936204098177,0.0001,0.009917148926510844,0.02805212564990146,0.0474531352519989,0.2519750635359934,0.05626317113637924,0.12114287394259711,9.059217,8.722242
169,7,6,False,L2/3,549.0,0.020535304883617368,0.0001560007386266476,0.006944092172962821,0.13925823137937005,0.15874256247732893,0.07770620062423043,0.06391166823954852,0.20548092068447296,11.361962,4.4267263
169,8,6,False,L2/3,2841.0,0.015011723147924289,0.00469368805266452,0.004482297424588389,0.06683373571989613,0.06249817894712774,0.18425173486144034,0.14748531844196594,0.15000282931856568,10.135284,6.591698
169,9,6,False,L2/3,453.0,0.00011198244288140707,0.016654291709969567,0.011343382064759268,0.026905406413173686,0.05909065633875585,0.2265580428801101,0.20703004592475516,0.14499076582382203,6.9822307,6.193751
169,10,6,False,L2/3,951.0,0.006252334630591762,0.006387897648569533,0.0121589177008386,0.07720706262361107,0.07565051575362866,0.2900872689135925,0.15443731041425915,0.11113380707647318,8.221855,6.3991885
169,11,6,False,L2/3,521.0,0.0004457162514488392,0.00334368430246508,0.008039224633800843,0.1646797070827117,0.01156140105841678,0.09902583698498488,0.17466649239680268,0.15762777189485458,11.481572,7.636913
169,12,6,False,L2/3,2106.0,0.0024451532534417804,0.008382739916988055,0.009552735694678658,0.12748695665997875,0.0584379858359823,0.13454675328126278,0.11565191748973307,0.1033766662001333,11.245178,7.695757
169,13,6,False,L2/3,517.0,0.0001,0.004976497981404669,0.00888929017496954,0.010137135982630503,0.01100361277417826,0.11345304746893327,0.04133511616777997,0.2025233775274155,7.9908357,7.663014
169,14,6,False,L2/3,1285.0,0.007060596034895327,0.0061789712723079844,0.009498838239878987,0.0827956937083728,0.05992385899758162,0.17195491021015932,0.25378540583576426,0.1895635736677372,9.098271,5.4658213
169,15,6,False,L2/3,549.0,0.017427900913235775,0.0001,0.005362227526012244,0.14966021956784692,0.11703631008736584,0.09704670365260984,0.04116097924531742,0.10714112097148158,11.519212,4.104522
170,1,1,True,L2/3,424.0,0.09660526358055282,0.028446359688207506,0.0070810714804452135,0.0019487994366550053,0.0007378506280648522,0.0003387111727067847,0.0,0.16218241278612663,-0.7618399,10.408522
170,2,1,False,L2/3,530.0,0.011258231188522875,0.0038899633513131042,0.004366690182080857,0.002661782156051685,0.051349606500383886,0.1822802414654063,0.10795252077076849,0.19456072961648704,6.946942,4.3217874
170,3,1,False,L2/3,684.0,0.007647494549865949,0.0004603279076409196,0.004794002833336589,0.17365513615793926,0.15572462981375626,0.11277566557086352,0.0509310350029279,0.06635008975700092,11.507181,3.8485541
170,4,1,False,L2/3,710.0,0.0008759839381639315,0.009070628550491247,0.0016713976695308908,0.13834684589122606,0.12250540752909574,0.0886945515998142,0.21788661364787595,0.04606054197959648,10.879519,3.0272295
170,5,1,False,L2/3,681.0,0.0029766639098257604,0.007247904176113328,0.0020394940724158834,0.06198677355466497,0.09318823903504751,0.2005914571853451,0.20243593227965145,0.17477687472340167,9.133008,3.1955607
170,6,1,False,L2/3,536.0,0.006325994375024367,0.004984811762801722,0.008585441697557731,0.0,0.08302489729885573,0.003950833310378426,0.15467804190870849,0.10042363874969476,5.8150654,2.333503
170,7,1,False,L2/3,528.0,0.0036437810563261846,0.005202528162285146,0.00982551416439302,0.06088399565142057,0.06329183422293243,0.14674626467092464,0.16690001098470653,0.08845414353816232,9.46378,4.185847
170,8,1,False,L2/3,4720.0,0.011370362405552984,0.003152469664974905,0.0056643025424483314,0.12579773630792127,0.11961732607206228,0.18054381643695996,0.1225209293743225,0.24118296112750837,10.961262,5.111547
170,9,1,False,L2/3,491.0,0.0009068841162776285,0.0001,0.003496063359049703,0.051619809333586904,0.013232694326639287,0.3471281181685675,0.0,0.251093377029451,7.8155518,8.271674
170,10,1,False,L2/3,959.0,0.010630330595206742,0.00527984414515676,0.010193328030013176,0.03717025730718322,0.048638110435318994,0.2872692136003974,0.1637952597851027,0.0968408341715934,7.4545074,6.412494
170,11,1,False,L2/3,493.0,0.0033831862365599824,0.003734149105626296,0.006097959293596168,0.020456667376356104,0.025248373076917244,0.21174292070142847,0.05407503335905213,0.18373565475856726,8.032309,8.529153
170,12,1,False,L2/3,469.0,0.05649608540347958,0.026919578005652284,0.006574707646186406,0.0006666067976512766,0.0011593409704008083,0.0,0.0,0.05275403041569202,0.5749063,11.383289
170,13,1,False,L2/3,645.0,0.0030347053178937803,0.009375476161749583,0.007287829018141197,0.008941852591726359,0.08068468890343135,0.10302507213709208,0.22516601851386414,0.1102884346376181,6.442421,5.251298
170,14,1,False,L2/3,490.0,0.012175980634022476,0.005109381217614271,0.011542914559980586,0.0,0.02307458697513143,0.0026296036016549796,0.186922207138116,0.24641420791428614,4.962413,3.2786062
170,15,1,False,L2/3,637.0,0.003387260234221514,0.008608878164906256,0.011233315046673908,0.06479947508361421,0.06632134663720914,0.13969235758676216,0.15970127196582395,0.1408908417533024,8.72526,6.0603175
171,1,13,False,L2/3,3675.0,0.11751276888302196,0.027310749587766244,0.00978798137551812,0.006910532899840286,0.0,0.0,0.0,0.2078276232226828,-1.6208036,9.749373
171,2,13,False,L2/3,7929.0,0.06450860741032863,0.017590560846652614,0.007341046930271949,0.0,0.02711619566242888,0.025536882307539234,0.0,0.3318513378376397,-0.042190216,8.886425
171,3,13,False,L2/3,3844.0,0.004093905433034564,0.00777647815821222,0.004354857616089658,0.094609367571994,0.08767233385539036,0.14187900481534524,0.01329345440943881,0.185501777685919,10.988013,6.1174803
171,4,13,False,L2/3,2875.0,0.03858117409003303,0.022120926671149305,0.007289429873308129,0.0004531155539500703,0.019261528766287436,5.861020259866959e-06,0.16110804244819601,0.20665805502199835,4.262565,3.0779514
171,5,13,False,L2/3,9337.0,0.005490653957154074,0.007475525497557396,0.006106209152099467,0.116692278790279,0.08955900595325066,0.20508519706718262,0.21450920353706393,0.11066678165178716,10.011224,3.270699
171,6,13,False,L2/3,2990.0,0.0602589880149215,0.01792342873817827,0.004948483577292034,0.0,0.0067152765136617235,0.0,0.0,0.28023608311212933,0.6242096,9.373691
171,7,13,False,L2/3,4155.0,0.129640433483086,0.032655827630517095,0.004045987801574748,0.004088555567823454,0.0024473065905174607,0.0,0.021336292663680832,0.14028324632611067,-2.3087304,9.827722
171,8,13,False,L2/3,2181.0,0.0496105655144914,0.024511585948756298,0.00283357895740969,0.007404949915352704,0.0013545203359935356,0.0,0.0,0.08878605486841708,0.7159173,11.307873
171,9,13,False,L2/3,2231.0,0.057914666387211516,0.024119142426269138,0.007941423307106848,0.007812802411781372,6.610211618604056e-05,0.007455621743082014,0.0,0.23677540995514862,-0.17556174,9.572411
171,10,13,False,L2/3,4096.0,0.006228033677359396,0.00543225323312715,0.008508969486848789,0.07376599586429652,0.139283575468828,0.11753296236113427,0.08426003817141872,0.1431964377747744,10.679725,4.172275
171,11,13,False,L2/3,2183.0,0.07717121225187502,0.00807800187164525,0.01237034886538175,0.01925504601613745,0.015932264824636694,0.04872738775232575,0.0,0.170142137962025,2.0966682,9.886621
171,12,13,False,L2/3,4108.0,0.00016082214767660383,0.012495399476446697,0.007997352760832134,0.1534942762069712,0.17232633689423574,0.20832707291840058,0.16496890071535464,0.025387549658717538,11.146439,4.0709596
171,13,13,True,L2/3,2172.0,0.06266965482213883,0.008157713122384183,0.012370301692179543,0.022036862304159768,0.015815639385719726,0.10598270592120587,0.0,0.2179559864309524,2.2061107,9.732114
171,14,13,False,L2/3,3793.0,0.007653341879916659,0.006882818336225528,0.011486933378816058,0.04530904941758618,0.11577948527299581,0.025449629295568717,0.14417124554222277,0.1378260182926331,6.3204927,2.3213482
171,15,13,False,L2/3,4003.0,0.0002306858865514164,0.012490081063320297,0.006426886299714313,0.03789823072599135,0.08347721754766639,0.0,0.27700945814804645,0.13021995606584438,5.8809,2.4476154
172,1,3,False,L4,800.0,0.005978008299808884,0.004685808067957332,0.008302495283875694,0.12581291182879234,0.0004891199259454528,0.17906554307247635,0.17424843933800455,0.22355959112664872,9.365755,6.82755
172,2,3,False,L4,504.0,0.00010000564879125327,0.013886838583502587,0.004535627194083327,0.15235106017601222,0.1599462752534131,0.19260519531584502,0.2030468659064272,0.14328303130102388,11.919932,5.166839
172,3,3,True,L4,450.0,0.01353637376509942,0.00010002158334557093,0.010990208903458391,0.07500188130418593,0.08127196506130438,0.2268320128934201,0.14700655944411767,0.24584024422732534,9.10128,5.1837406
172,4,3,False,L4,1470.0,0.00987447028036949,0.0032954945647492052,0.0018053898133988432,0.1120596784811265,0.010652952496604586,0.09967491892768551,0.07642919993240932,0.08318811240662233,11.585266,7.589472
172,5,3,False,L4,528.0,0.0009089451873138797,0.007731539164465141,0.0067886746245759974,0.1382028617753599,0.14573598244873323,0.1638804886004125,0.18596356875712958,0.1498526473714322,11.158537,4.6348796
172,6,3,False,L4,466.0,0.0002822813248268572,0.0049283831173317924,0.004289978224418913,0.16201405419268106,0.07866477059521347,0.10378321564500043,0.033220262582324175,0.1496480367154727,11.823461,4.7644305
172,7,3,False,L4,1120.0,0.013114287186359382,0.0035018552649299607,0.011444727416026482,0.0037106920085696535,0.11230399295596347,0.052090594131527265,0.18632467018467444,0.18651968700652596,6.1964836,2.6628923
172,8,3,False,L4,12510.0,0.00882146931596656,0.0049612788561346835,0.0037922958847407006,0.10956725459432172,0.09071634575204679,0.20086226073057606,0.08743578812373438,0.22472805104401758,10.825636,5.631434
172,9,3,False,L4,888.0,0.02187314921668165,0.0027746621073700887,0.0055456422638233025,0.00211732200485076,0.07415945515498058,0.1092881644767981,0.0837193196235366,0.12430171331440214,6.8851695,3.292543
172,10,3,False,L4,1306.0,0.0019148486132954134,0.011657397740302543,0.008384086362237074,0.0188566640778106,0.10291233888879273,0.22827325967454482,0.21913828632632823,0.22946456321894396,8.462364,4.4255214
172,11,3,False,L4,609.0,0.015545528124438325,0.0029913417018498445,0.008048497825570619,0.04347901018718654,0.014610132138615454,0.264892639661781,0.011318204431949232,0.09948111025094254,9.185223,9.082384
172,12,3,False,L4,489.0,0.004584480141040801,0.016385991042704964,0.0045323844211965746,0.014144702828812887,0.002701631513291434,0.20185811196258538,0.00374653070854092,0.15562831256992193,7.8466787,8.866462
172,13,3,False,L4,647.0,0.003703795468685031,0.004599281850893893,0.004090466558674806,0.10789927437308454,0.09826821130688668,0.11724524968203132,0.14095859601302185,0.11311176536353873,11.192858,3.433574
172,14,3,False,L4,1205.0,0.0142559548854222,0.002360238217141132,0.003486349533976181,0.05097023535447107,0.12889868268905252,0.2014536030566661,0.10989707215877821,0.2311652405761842,8.210127,3.6667793
172,15,3,False,L4,466.0,0.060326282120702554,0.02435117295525501,0.005276779563113515,0.0010565512150812546,0.0003742331793446182,0.02153145369710945,0.0,0.08592671759482066,0.6031787,11.370981
173,1,13,False,L2/3,4259.0,0.00489058627183067,0.0078613591001481,0.004669340821485617,0.024389061501661945,0.11391524914151992,0.0002720937986144421,0.12954415959890145,0.07890683327234344,8.313687,1.9347848
173,2,13,False,L2/3,2668.0,0.08073305262962571,0.012343256822699936,0.011390050878635797,0.01970344767662858,0.0014694875427561202,0.24011141085526908,0.0,0.32056215725254666,6.8441386,9.43955
173,3,13,False,L2/3,11174.0,0.006637863170159821,0.008347447692450523,0.002667014684284228,0.025231198725801065,0.1143599049621117,0.12899180561814677,0.2575798493548922,0.15113523275077229,8.038873,2.34828
173,4,13,False,L2/3,2751.0,0.14282874621038716,0.04,0.003463980214781362,0.00581400445105081,0.00013653498708995166,0.037661667591154385,0.0,0.17260963497596193,-2.5076537,9.332946
173,5,13,False,L2/3,2535.0,0.1354065670963251,0.04,0.0014637220201134337,0.0005628888431120703,0.0,0.0,0.0,0.1218372842177279,-2.4720008,9.79343
173,6,13,False,L2/3,2856.0,0.07859609128826085,0.04,0.0042771618543494296,0.002148816264871004,0.017478781780728724,0.0019418418243797768,0.13462519281581498,0.19241305805955763,0.12567514,9.758908
173,7,13,False,L2/3,5748.0,0.010712624166578704,0.0039945085554921505,0.008624028634659796,0.12739120471739868,0.11279249120762966,0.13766259529451588,0.1808409216226997,0.0946244247008972,10.616212,3.9119523
173,8,13,False,L2/3,2182.0,0.08670102364693516,0.014434151464721944,0.00769433276426765,0.004748269303184444,0.004869544771897341,0.10167749589901652,0.0,0.2127016531160775,1.541829,10.296158
173,9,13,False,L2/3,3268.0,0.011615413409483077,0.0053649341455282475,0.012604118126615107,0.04696970991396014,0.11013569400992937,0.10073398582585691,0.17063156932314877,0.22313132015067302,8.887907,4.6614065
173,10,13,False,L2/3,2727.0,0.001706374056776224,0.01587694197684312,0.0019555556081071513,0.06537014055713027,0.08752664649861967,0.20848702001797523,0.13620216378260686,0.07385520637726363,9.911123,2.5853631
173,11,13,False,L2/3,2952.0,0.10078799706146276,0.03144967603472279,0.004554998130820102,0.0037948532232494974,0.0015888647658905716,0.0,0.0,0.21380128108012136,-1.3197107,9.826537
173,12,13,False,L2/3,2926.0,0.056868457358747924,0.008725808715975251,0.012394333465363812,0.012213867727161326,0.0,0.21496193032536656,0.0,0.13583984354356574,7.358928,9.476839
173,13,13,True,L2/3,2087.0,0.08945858830461811,0.022052306183665542,0.007857960680214368,0.005128556431616444,0.0009029393854094953,0.0,0.0,0.31867966979126544,-0.09355147,8.981696
173,14,13,False,L2/3,5031.0,0.009405194847732803,0.008129317576047996,0.003170614631080705,0.01400150398315864,0.07693451975735204,0.1379448091880333,0.24443865959181374,0.18350878407395488,6.65296,3.8677156
173,15,13,False,L2/3,3400.0,0.002756536707583472,0.005451719347503434,0.0035454258826163798,0.13921238826518872,0.08107363800663063,0.2228904086244743,0.015217137012249365,0.20802115998282397,10.865253,5.721023
174,1,15,False,L2/3,8133.0,0.07207535387999658,0.008502097362268717,0.006221013293347897,0.0,0.01628587199533726,0.0,0.0005854450246204409,0.23440417844908445,1.6026793,9.611998
174,2,15,False,L2/3,9711.0,0.0008738998939297306,0.0158614935119473,0.0069649357549601216,0.13484799467826267,0.15029319427049123,0.08998221135714103,0.18820903950257406,0.06864707782664421,11.181714,4.337442
174,3,15,False,L2/3,3831.0,0.009597627310344484,0.013439122066605878,0.0055078197610599925,0.03154315403657355,0.04470037152573138,0.13887854510551423,0.4640925105298413,0.0900618432264952,6.2479796,4.3468347
174,4,15,False,L2/3,9889.0,0.009127674607375397,0.008003584483244834,0.009712454419868436,0.09430977508558809,0.08239082209403296,0.28166515506976353,0.16855463532490925,0.1388771692979722,8.447652,6.3650413
174,5,15,False,L2/3,3723.0,0.02243035959870129,0.010382379713036268,0.012617090524949911,0.042480142018940105,0.05768756207253142,0.048117533279789154,0.2654242947497938,0.2109490860218032,5.1054883,2.6000848
174,6,15,False,L2/3,16212.0,0.005851937200359399,0.007416556331812505,0.0019182401068599216,0.10118991556372688,0.09987784120339045,0.18262301492167174,0.08891868064781946,0.15004557374003827,11.598182,4.867686
174,7,15,False,L2/3,3796.0,0.08537589990235671,0.008080018801309085,0.013166774589252599,0.03790831483775364,0.028441259108514555,0.10435452053275392,0.0,0.20718540265425014,2.2410488,9.755415
174,8,15,False,L2/3,4182.0,0.014306159766904497,0.010149536894344596,0.004467594354785604,0.04320038768598047,0.032186618512190165,0.28794077541537205,0.011338651887966414,0.11968428858351705,8.536655,9.358061
174,9,15,False,L2/3,3837.0,0.06768057275548647,0.0088036584214901,0.010223792874486161,0.032962022746419545,0.024874642062549013,0.05151237805366722,0.0,0.23506655918238326,2.132532,9.711836
174,10,15,False,L2/3,10512.0,0.10071079926451147,0.0162553196843969,0.004692521232930315,0.0,0.0,0.0031829559671070575,1.097872955880653e-06,0.16123523051872632,1.4248329,10.284437
174,11,15,False,L2/3,5116.0,0.07237546270872615,0.007179388761720173,0.00988034762060306,0.01664135785724571,0.02212438013175964,0.0,0.0,0.3874822605751641,0.0042133266,8.67907
174,12,15,False,L2/3,3338.0,0.0971179352832705,0.005466570533072316,0.012033159401920939,0.03707386376951648,0.02797095782684314,0.04680247332697542,0.00022933993655665982,0.18393636182714246,2.127842,9.811654
174,13,15,False,L2/3,7944.0,0.11097563297471724,0.012753210047085357,0.006277180648350645,0.0,0.014954608093944444,0.0,0.0,0.14287198560294273,1.4454789,10.274287
174,14,15,False,L2/3,3614.0,0.05076988737425243,0.009940646707909622,0.008290935013366068,0.03217932584554891,0.02168766104183972,0.13210135841326684,0.0,0.194027107241673,7.361488,8.639341
174,15,15,True,L2/3,3298.0,0.0077832850007636374,0.019184577297538728,0.006942150391473582,0.0393392257698281,0.03446528065612851,0.34477619951978483,0.0,0.12832664404436558,8.5594845,9.177182
175,1,6,False,L2/3,3284.0,0.00716014265111125,0.004637005492768476,0.0076576355182874966,0.11326376211946705,0.10363720461414574,0.1659139702292498,0.21907066047380136,0.07867469552392801,10.474064,3.5003915
175,2,6,False,L2/3,4564.0,0.010599070097653386,0.004582879480311785,0.004564415831478827,0.09820224949998355,0.002884745646873962,0.21744688905525572,0.03736891020727069,0.21429272027374233,10.457496,7.2098355
175,3,6,False,L2/3,1522.0,0.10314850320401399,0.0266181244846677,0.011570712639667143,0.0018188032996706367,0.002086141136296907,0.0,0.0,0.2653052082407973,-1.0905787,9.093455
175,4,6,False,L2/3,4215.0,0.025290330734466186,0.0018540556811457195,0.002994330242693292,0.11699961127498432,0.07197551889368556,0.21138932308531674,0.15215461676775233,0.07974367479096174,11.867438,6.716043
175,5,6,False,L2/3,1440.0,0.13956724202544382,0.02672439276402456,0.01329355693194561,0.0009335928622241777,0.0,1.214976865893469e-12,0.0,0.1552405752972452,-1.7606299,9.8463955
175,6,6,True,L2/3,994.0,0.009264387128871199,0.005473365019357511,0.011136615872164338,0.04244640355990647,0.06761000767931177,0.21892300299402404,0.17336620763296456,0.16320120168068225,8.20838,5.977308
175,7,6,False,L2/3,1446.0,0.1070468989082139,0.02667328378054642,0.014400153561737522,0.001680054794384346,2.2666664743240456e-05,0.0,0.003915024028721312,0.16832401695868907,-1.5677787,9.701268
175,8,6,False,L2/3,1421.0,0.014541053486668407,0.004549974672575033,0.009295123797251602,0.06155148053004752,0.029480214768050083,0.22186040857797568,0.12289120107737243,0.11468695917552078,9.352429,8.454446
175,9,6,False,L2/3,1432.0,0.10399385402795738,0.026338767118684978,0.005667553574179052,0.0008623412565888805,3.776486603680412e-05,0.0,0.0,0.06953235441797558,-1.0712924,11.00679
175,10,6,False,L2/3,1840.0,0.010846130144705627,0.004124994551661624,0.0018389481437853623,0.05735914065755363,0.08334757073281493,0.1281209233787776,0.15652482931772746,0.06840779710980954,10.024701,2.470439
175,11,6,False,L2/3,1520.0,0.0033737711450904815,0.008870825693137302,0.006133569079418713,0.05772226165281632,0.0878460092514116,0.22601512545007016,0.10229896130644271,0.1905962288601621,9.772831,6.047994
175,12,6,False,L2/3,2302.0,0.0008840418793323342,0.013812018734197259,0.01104242376053253,0.008906242963027342,0.15222325355579727,0.05293189932841332,0.135869799098699,0.19909051679107972,6.3444805,2.6966639
175,13,6,False,L2/3,1453.0,0.04470528315425732,0.028550435005149376,0.006711911287410794,0.00024517800301252987,0.09769015632441304,0.0,0.2138999893143903,0.0718253310300216,4.27876,2.9231565
175,14,6,False,L2/3,1446.0,0.08257861033786587,0.025855549467247285,0.01277297765236401,0.0007331214018369557,0.00022025402918050938,0.0,0.0,0.22823261459279875,-0.6402045,9.511746
175,15,6,False,L2/3,2155.0,0.00298506409045902,0.006538865231865363,0.004312161555562731,0.1311863686179569,0.07272043006894925,0.1875181861837498,0.16273793806809514,0.07122831191848104,11.903725,6.6695447
176,1,9,False,L2/3,545.0,0.012439416255975421,0.0001001068505153624,0.0048781293182867,0.04785843797386132,0.15773550466482092,0.03730646157414321,0.18624411625500545,0.12913909219364553,8.62094,2.1834393
176,2,9,False,L2/3,1698.0,0.007192761833219574,0.006127090367735662,0.01105393701479434,0.05104335516454777,0.10968375046874478,0.17629643086179805,0.23455957504416874,0.11547787627598945,9.237959,3.8142354
176,3,9,False,L2/3,1052.0,0.024206141589471788,0.0017540035245911035,0.006669541536442133,0.05324784636279762,0.1116420546180564,0.06462608881327515,0.06779162021735433,0.18088801354121464,7.522473,2.782969
176,4,9,False,L2/3,572.0,0.013878719162058635,0.00013782894131745546,0.009074789523812125,0.0,0.1719000187080643,0.1600765906117035,0.15013270035757792,0.12798650172573448,8.478847,2.9884982
176,5,9,False,L2/3,1106.0,0.010787806806133818,0.0037115809013025607,0.011584146636232532,0.031038610862123495,0.1143110107839371,0.11287329067617191,0.2408994401482718,0.14458407744217208,7.6763053,3.0709634
176,6,9,False,L2/3,578.0,0.004825451848930812,0.006259030061740374,0.009876591087509805,0.03404282471321679,0.008119322088949648,0.3672562926285967,3.944519744322184e-06,0.07443067212675758,8.789873,9.217025
176,7,9,False,L2/3,901.0,0.0031639423735351805,0.005761121909432943,0.00435501517482115,0.003402717984437268,0.12722157549683286,0.04745079774307679,0.20960296201083353,0.0974265959709963,7.8814836,2.140411
176,8,9,False,L2/3,627.0,0.00010196818596189533,0.015558796078978497,0.0015126992927197071,0.14006495369893884,0.008452079353509093,0.22184265333596556,0.034491920452195644,0.206860390304358,10.902112,6.811586
176,9,9,True,L2/3,496.0,0.004830799670862698,0.005595882334450075,0.010996801621773022,0.0338556649426548,0.05887381289374832,0.3844855760932031,0.23892235832651776,0.09667668370327719,7.5803747,6.278963
176,10,9,False,L2/3,853.0,0.008083422967922135,0.006598773437223786,0.011254921501018192,0.05142835348699262,0.009426474622711001,0.18639265000698627,0.07981633277568827,0.11505515829634101,9.148477,8.4168
176,11,9,False,L2/3,562.0,0.13923827220430798,0.03033183209686527,0.014402591172737107,0.0006859907213674492,0.0006283226960873285,0.0,0.0,0.11084581759362551,-1.7845865,9.916898
176,12,9,False,L2/3,920.0,0.0009351509154094844,0.013453898219571828,0.004068450026204865,0.11082034925529623,0.021233234875609748,0.1130254252915545,0.19494776792691143,0.22121683465864334,10.7724,6.7430425
176,13,9,False,L2/3,4557.0,0.010535378155783764,0.006367961714127785,0.006510420834058958,0.018177381440708185,0.09176849163769522,0.15112343292209982,0.15251016909147475,0.20915042844656265,8.29788,3.8812892
176,14,9,False,L2/3,565.0,0.02351338120777855,0.0003536607337256527,0.0043867272306680185,0.12005438860399004,0.1714328724691876,0.1631622575080079,0.09823002408548266,0.023053581911174924,11.379357,3.6916354
176,15,9,False,L2/3,604.0,0.0023095627291974175,0.00350228134384029,0.002264935376527422,0.117061990003675,0.12056463180602878,0.08096380765935063,0.26787900173397305,0.03384598035167443,10.884984,2.9970334
177,1,3,False,L2/3,817.0,0.07023280887577861,0.027620534232666756,0.010167144014279195,0.000510035376419895,0.0,0.017985371338294788,0.0,0.18286030437236792,-0.41203544,10.256539
177,2,3,False,L2/3,1873.0,0.0010522060404318432,0.012384016877210361,0.006285090659885398,0.14210355777938657,0.11641740528266305,0.1126894281275008,0.2328846775399939,0.21187591293343946,11.136206,5.1061883
177,3,3,True,L2/3,639.0,0.008959729440203745,0.004706112305400837,0.00895165589260687,0.06754087841817115,0.06417516944274448,0.16272617711911555,0.13583015740891183,0.21412175199716732,9.469682,5.8329635
177,4,3,False,L2/3,1382.0,0.01744023199843423,0.0033723222764285546,0.0077633096632868034,0.0806760796751932,0.01595857509329695,0.2515649062734311,0.11970698990399749,0.18582722074674302,9.508508,6.8406773
177,5,3,False,L2/3,884.0,0.06407023415971026,0.02595711893980878,0.008456723510418594,0.0,0.0,0.0,0.03457852873598449,0.32433549761493186,-0.13058369,8.945931
177,6,3,False,L2/3,3434.0,0.001669847239667572,0.011020651018311038,0.003215238743024233,0.005819796867760084,0.14033001041765286,0.0072857968600819455,0.2159394185712261,0.18599725911728898,7.930366,2.5088513
177,7,3,False,L2/3,1037.0,0.0001400324656074321,0.010541095602971309,0.0027200853751651833,0.09693932558477648,0.17482233889367385,0.07472596654424413,0.037874857141471645,0.1161606827727771,11.5088415,4.2816668
177,8,3,False,L2/3,830.0,0.005336832944578902,0.007630160338648574,0.002935139245083658,0.04460842270684743,0.06839102740678354,0.13893708303817115,0.08085592350694083,0.1951057378420568,10.361873,6.153821
177,9,3,False,L2/3,868.0,0.005680737013986062,0.0031997576579477294,0.0039693947672194635,0.008681874569416078,0.05617357892766045,0.05222210423771816,0.33160588155940535,0.16874862756864004,6.357042,3.7398906
177,10,3,False,L2/3,791.0,0.09420036822049746,0.03762978628258948,0.013274754458387087,0.004386669814028812,0.0,0.049124889249876645,0.0,0.20888252182780734,-1.3667507,9.219225
177,11,3,False,L2/3,854.0,0.02304562946718972,0.002285336537409197,0.004938537046877769,0.07259837956625441,0.04764950533694197,0.1863251526445123,0.24604426479480213,0.03835199711616176,10.041691,2.500318
177,12,3,False,L2/3,876.0,0.08982184035951148,0.02668589541989574,0.010295682772854574,0.0015033893126293208,0.0,0.0,0.001030369851228373,0.18896018213033353,-0.51936096,10.625896
177,13,3,False,L2/3,3289.0,0.004153710448300918,0.008303773438859196,0.004704080851745692,0.0007774385754005627,0.126701648082877,0.00427154429339954,0.09209530215221072,0.22536816041226854,7.3034377,2.8447828
177,14,3,False,L2/3,917.0,0.0318071198200662,0.014229127593836495,0.014865384136622417,0.0018054886412911947,0.0,0.02546829817798386,0.36696284304426635,0.10983046605860836,4.6909895,2.661834
177,15,3,False,L2/3,914.0,0.001135303653071806,0.01041664572916065,0.00576424731523553,0.10287897194547899,0.03236929840537244,0.167717256380221,0.06524050239918182,0.11767287661451148,10.72331,7.5748687
178,1,6,False,L5/6,2470.0,0.0011198820469870863,0.010255942581374923,6.668013168869611e-05,0.12439881574119449,0.02493176003963956,0.053482711108857856,0.05750322246920248,0.13402591068331593,11.284722,7.3240967
178,2,6,False,L5/6,3702.0,0.013130496626748377,0.0034544446169672196,0.0019761680553643263,0.10305155637646735,0.09168891975460088,0.12888264412699468,0.172674427178398,0.09762416422270827,11.086552,3.1555877
178,3,6,False,L5/6,2836.0,0.04356262511370371,0.01751877895309344,0.009348654673533045,0.0001512027060787532,0.012430718547836218,0.0,0.013332548940424302,0.10589234196482626,0.3874246,11.121745
178,4,6,False,L5/6,2788.0,0.0668557657463026,0.02684818578696043,0.005866424150270169,0.0,0.0,0.012305448848077544,0.0,0.19004202647066798,0.095250644,10.066546
178,5,6,False,L5/6,1714.0,0.007865557762831519,0.007829488396105385,0.007285488886668981,0.044762054889294495,0.050422495409602676,0.17789209316202637,0.25073217926224983,0.22223277464598937,7.4140215,4.5573826
178,6,6,True,L5/6,1601.0,0.018832717436538686,0.011721007124371585,0.010840614658761346,0.0249959701377982,0.022198475157754912,0.10766988204212968,0.26797218799960476,0.24961183836669878,4.75618,3.1055126
178,7,6,False,L5/6,2987.0,0.002095120996095891,0.011433370123980916,0.006687002278161466,0.12691888839122367,0.0013270763141898056,0.1824744690031794,0.11781570839081107,0.13508539267589867,11.062801,7.4800143
178,8,6,False,L5/6,5219.0,0.020683292341737988,0.002778190681391497,0.00819644947213767,0.09921711313437347,0.12143371266034625,0.18237611945938342,0.11970002913653187,0.20550696811594438,10.775068,5.0354958
178,9,6,False,L5/6,2754.0,0.12846356568234088,0.038712029828198345,0.005149049710218206,0.0019192482929743229,0.0,1.4616147452747746e-10,0.0,0.05450222112684914,-2.45394,9.968787
178,10,6,False,L5/6,1800.0,0.06408566831141123,0.025441096775083463,0.004311803767184265,0.005477587287874662,0.0,0.0,0.0,0.14503800779269926,0.59767276,10.801117
178,11,6,False,L5/6,2922.0,0.10477742027940842,0.03543944920191001,0.010015908593770696,0.00363185939191136,0.0,0.0,0.0,0.23842897375810357,-1.2883677,9.133448
178,12,6,False,L5/6,2309.0,0.0040651111659225974,0.010765408290477792,0.0070436642162113,0.04571315817555906,0.0673723075782192,0.04280316759648715,0.13974453062748507,0.07492924728447303,7.000956,2.3350892
178,13,6,False,L5/6,1880.0,0.00924902872851127,0.008245163519074583,0.00681594086036125,0.04653476939726312,0.030547716487775895,0.16006401183159624,0.1818867763542358,0.24335755460349703,7.0772157,4.6796947
178,14,6,False,L5/6,1952.0,0.06110834947240431,0.02785950773377748,0.007807544211745508,0.00878994857959847,0.0,1.6810824635548159e-09,0.0,0.18449695345651826,-0.2220281,10.528223
178,15,6,False,L5/6,1815.0,0.0029318607580703345,0.014562978685013545,0.0034829658888818546,0.03412774883931799,0.062397898071009664,0.030715142854366176,0.23155471308153192,0.1845549391920011,6.3988285,3.4308145
179,1,7,False,L2/3,406.0,0.021779450378693006,0.0017455036908711715,0.00926759888336882,0.046739220746366314,0.0,0.2531103761439936,0.0,0.033647245466339355,9.269119,9.016566
179,2,7,False,L2/3,315.0,0.00010009070045064463,0.003184996441474456,0.009491194582933073,0.04357500145494009,0.01027802441480361,0.15005638897179363,0.11415571014943515,0.07364339582625387,6.904786,6.191305
179,3,7,False,L2/3,646.0,0.0027169000663773055,0.009334906163635377,0.009026204450645357,0.08014808560715088,0.005560742312122731,0.17599822849654032,0.08853965851866953,0.23705691947775676,9.30803,7.022434
179,4,7,False,L2/3,1244.0,0.006079200777610985,0.003370439480829096,0.005659112431714791,0.0,0.13701675348053466,0.08566483697300228,0.1373299041057643,0.18979465966159717,7.9867635,2.7194676
179,5,7,False,L2/3,304.0,0.019344978410917257,0.006404382888654154,0.010928613315260773,0.001740672324719988,0.007706461494367147,0.019097300380791975,0.07558387269536626,0.10530418789743543,4.3323174,3.3634393
179,6,7,False,L2/3,339.0,0.018426549527002938,0.0010573671039636222,0.001918868206870573,0.12263390097811132,0.0,0.17867955112467068,0.12417062856461009,0.16997562873251207,10.85429,7.578529
179,7,7,True,L2/3,288.0,0.016528431427777136,0.00018398224406126484,0.009815299111534736,0.17639261546995227,0.0,0.13142197813611045,0.16078545400632943,0.0563765650576112,11.816856,8.077661
179,8,7,False,L2/3,305.0,0.00019014759466193392,0.01140357978975173,0.014320824936722897,0.0724167979144243,0.03717200265378419,0.14348336183659885,0.22467738943873067,0.04623211568135469,7.4203653,6.008421
179,9,7,False,L2/3,640.0,0.0017673006192176646,0.010358936461147586,0.0016638813177255686,0.06070447489045161,0.0715739579283902,0.14625543683521772,0.04786718467930469,0.22056836764983592,10.453593,6.181143
179,10,7,False,L2/3,304.0,0.0021603374755920566,0.005128273860163889,0.0065431400295025205,0.1219150735910437,0.11873967820524085,0.17973488774131774,0.09927230084936807,0.10911430159299837,10.981141,3.8955162
179,11,7,False,L2/3,1333.0,0.004703955408296742,0.0074001556652673935,0.010777248269329399,5.4629584046656613e-05,0.10426402186857113,0.163847961074156,0.2408949837958871,0.1063389626034009,8.216425,3.2748995
179,12,7,False,L2/3,314.0,0.00011337560157167682,0.004227399927098336,0.009034204731744499,0.046570330782461526,0.1274745543028763,0.2048579674725717,0.09646904874908863,0.09026043058181013,10.149938,3.7735698
179,13,7,False,L2/3,407.0,0.0113562221591768,0.0012761346971800038,0.0078070389451469725,0.04837937107693607,0.13930498152983464,0.21074514701110225,0.1276282094179329,0.19541363491404426,8.670658,3.787479
179,14,7,False,L2/3,322.0,0.007760679596431294,0.0001054075717356074,0.024818773556245257,0.07871200605130343,0.11091285500196128,0.18765239818757065,0.025530741585969453,0.03684004115842118,13.364394,8.92843
179,15,7,False,L2/3,326.0,0.00021344603639498875,0.01110129532666694,0.011000906471695526,0.09876452832440383,0.06231028870925283,0.13973860310554218,0.19021893010880933,0.11788148316330206,8.799692,5.9786134
180,1,15,False,L2/3,1138.0,0.0037021591822404254,0.0078094686326089105,0.0038103511818600214,0.048177026274565195,0.08268495261731303,0.18381704720918876,0.2063454419800051,0.15431425316989794,8.8415,3.3923397
180,2,15,False,L2/3,153.0,0.03618123543853087,0.02277625468379607,0.004289562388230921,0.0013425979645574498,5.1080514696895715e-06,0.06317542617632506,0.0996916250035029,0.18854427342852306,0.6918144,10.049177
180,3,15,False,L2/3,167.0,0.00010287291600898154,0.010117002576170413,0.004238576201621246,0.012427806100011908,0.1619754351820882,0.11416687690236864,0.08012676952209855,0.05581695607517558,8.857986,1.9933693
180,4,15,False,L2/3,156.0,0.02198585781180727,0.0001,0.008631981754696086,0.0381781716844573,0.0256303410240125,0.19288674544353324,0.21807561897703237,0.11547204599395669,7.2489066,5.9853435
180,5,15,False,L2/3,776.0,0.009922770280325507,0.0043096663176015295,0.012956716995491353,0.008859170076505203,0.10748973308581884,0.20892405817008525,0.1381023064077857,0.09610553005315027,8.509747,3.1275854
180,6,15,False,L2/3,893.0,0.012536308349201199,0.005130050682346388,0.009754446864278786,0.049558469241667014,0.018307667716487057,0.24087835048739453,0.19156734124981917,0.20974490015791072,8.345907,5.8974442
180,7,15,False,L2/3,514.0,0.014391876930003954,0.002003745123148034,0.00910031519559459,0.04829278318515941,0.08739979298054923,0.1014232198454115,0.1497555463048477,0.10642436840601915,8.329492,3.0818393
180,8,15,False,L2/3,1997.0,0.00609410910008819,0.0066551290926671796,0.006624419639733589,0.10087269329919225,0.015288198532391679,0.1566541866358143,0.18172077889989244,0.24503169506751077,9.450418,6.786001
180,9,15,False,L2/3,149.0,0.00011261631592914588,0.010797368846099442,0.007100789533915247,0.06915750400963194,0.04848964349283577,0.19382934955719516,0.18686730526354006,0.20309142251972004,8.202957,5.131951
180,10,15,False,L2/3,173.0,0.002252350728453792,0.008670027144907064,0.01075441565444517,0.01356733158072119,0.021804365848139093,0.11498068884500516,0.10259664726646925,0.10828948033108379,6.833188,6.139435
180,11,15,False,L2/3,153.0,0.0283310088798714,0.011874921505116097,0.002979080563904691,0.00758875972183081,3.6349627807672916e-06,0.12116864967629674,0.06598661133471856,0.16038167802268738,7.426833,8.390159
180,12,15,False,L2/3,346.0,0.006769502974425158,0.005219120999657305,0.010845836136932298,0.05095025424754986,0.01987568810067702,0.1995291521169608,0.2169330468216543,0.10255043904274712,7.3569407,6.0889997
180,13,15,False,L2/3,1095.0,0.008673195337131888,0.004098819149474887,0.005065762824746009,0.10089575213105771,0.01704938417911393,0.15363049558041375,0.11614852792777168,0.22886993287948676,10.586689,6.9416595
180,14,15,False,L2/3,292.0,0.005673493199475309,0.0028853197616012707,0.01100636739481538,0.01994479194395906,0.12143527281245867,0.2153734505390584,0.06910890982112976,0.19987550329193213,8.522442,3.9369555
180,15,15,True,L2/3,141.0,0.09931197100619178,0.02423201559616489,0.006121853896235871,0.0,0.0,0.0,0.0,0.08968199234014089,-1.0178726,11.017543
181,1,8,False,L2/3,323.0,0.15619762154164682,0.0334308112388846,0.00944582229416608,0.0,0.0,0.0,0.0,0.13406134741450249,-1.9700255,9.818928
181,2,8,False,L2/3,330.0,0.06072481395514223,0.026164729795519627,0.005131223046598522,0.0014949988454528087,0.0,0.0,0.06511657525830046,0.1130841634678945,0.5464103,10.997118
181,3,8,False,L2/3,738.0,0.0011056044544009162,0.009747599024412195,0.003738356751689186,0.0945935365462532,7.360807799236613e-06,0.07953345151723648,0.04773357510502319,0.11884228262006245,11.08287,7.464331
181,4,8,False,L2/3,2493.0,0.013737961756022423,0.006286126185422663,0.011860152457465526,0.07224005959699431,3.777626659874248e-07,0.34842577995982305,0.1693244992280356,0.24884634974342015,9.175238,6.702695
181,5,8,False,L2/3,336.0,0.023916932401078107,0.00010619521292988429,0.0021758555766081713,0.16265082550838023,0.0,0.10039064744203088,0.10912520934630082,0.040886338882016225,11.755859,7.7492332
181,6,8,False,L2/3,4407.0,0.017439501879584228,0.002446049028197363,0.005438875107319059,0.11733290971546108,0.1264248554037176,0.20383790157988654,0.07669466547006788,0.2378579873781818,10.870964,5.1613483
181,7,8,False,L2/3,2906.0,0.013889841616692778,0.002958704469578579,0.007724679921903063,0.11534342357042114,0.036686468218425056,0.22007429701088882,0.19822922214805228,0.1938570516908297,9.349768,6.392985
181,8,8,True,L2/3,319.0,0.001007088089069162,0.008631294653310943,0.01067447205616718,0.05957477729347444,0.017368230969265933,0.17116387424518384,0.026676507265077705,0.11332569569176881,9.192163,8.53307
181,9,8,False,L2/3,4354.0,0.013952095742796732,0.004127853083573124,0.006113448409786994,0.06157376660004307,0.11129636140701896,0.17462634347365408,0.2511252098725496,0.22648095114116873,8.08436,4.4306793
181,10,8,False,L2/3,348.0,0.09071209009826016,0.02637330725726463,0.0064445851122097745,0.0,0.0,0.0,0.0,0.1878983747841208,-0.3966829,9.958846
181,11,8,False,L2/3,327.0,0.0682059185692762,0.024556532797592248,0.016538840514102475,0.0,6.104586845632271e-05,0.0,0.0,0.10807927437044418,-0.3772232,11.146231
181,12,8,False,L2/3,461.0,0.015017267700010571,0.004201345520608253,0.011212208611874396,0.0,0.03235110962228211,0.06759976760709878,0.13200632349283767,0.2332339965945141,5.104536,3.5685656
181,13,8,False,L2/3,2434.0,0.013019336857669116,0.007513219447822411,0.0026402177842319258,0.0,0.04296006866540843,0.1045718207947419,0.3054176018724153,0.15394407051493528,6.4667544,3.8723052
181,14,8,False,L2/3,7059.0,0.014922181548954961,0.00477020661611126,0.007609082117414525,0.0,0.10141948691491527,0.0985464612695647,0.2816111840438727,0.14341727727688947,6.2574716,2.2766426
181,15,8,False,L2/3,342.0,0.14139314388029353,0.03142465408901999,0.013871443812921314,0.0,0.0,0.0,0.0,0.08305843771269913,-1.7776057,9.9357
182,1,7,False,L5/6,2698.0,0.0060517767856788605,0.010090226668997067,0.009136197092698597,0.051582434356500666,0.0,0.31623740669497824,0.0012306687757105185,0.06461725689704369,8.848248,9.234492
182,2,7,False,L5/6,2756.0,0.07143091048266342,0.00905527131881658,0.008971838072446349,0.0,0.0,0.11506616434359052,0.0,0.11560705670084336,1.733769,10.465866
182,3,7,False,L5/6,2137.0,0.008665751308705399,0.004748170217327922,0.002765592371700608,0.08037721311117092,0.04188959808050766,0.27417243586918,0.18826373495900675,0.1251791483845217,7.811691,5.1548686
182,4,7,False,L5/6,2347.0,0.016108544928385874,0.0068043407940638475,0.011864770240578838,0.03144258989151691,0.0,0.20430587992898225,0.002611002691824919,0.16226592431508738,8.492489,8.265175
182,5,7,False,L5/6,2756.0,0.0018642798322274343,0.000504669377873795,0.0010980669363778199,0.03529443182337549,0.10920621726262064,0.016538867031307664,0.13344439979457393,0.10758762290483442,8.421194,2.1094985
182,6,7,False,L5/6,4071.0,0.004944304823739294,0.007042153723785937,0.011111845005593713,0.09047743561982674,0.12828920647132527,0.3039153360020679,0.14916593354805488,0.06841008114096521,9.956564,3.8790057
182,7,7,True,L5/6,2077.0,0.0067219328598079105,0.007738824533750603,0.007894901543948505,0.029208877365816104,0.05350528877852556,0.050265107620201116,0.13784027259785553,0.14204693486453726,6.3338027,2.959037
182,8,7,False,L5/6,2756.0,0.00012102403490694136,0.007716869152430914,0.013672343635559673,0.07645312556741304,0.09864359710745935,0.2575380705080433,0.22819886125725963,0.16252109944728144,8.561225,5.6091585
182,9,7,False,L5/6,2222.0,0.02234292825056138,0.006244873161205488,0.002029970123064262,0.008959870250588902,0.006425471926772695,0.017696480738249275,0.0037932444975368727,0.2041797031372511,1.478241,9.761499
182,10,7,False,L5/6,2342.0,0.018471451917976108,0.003512852145384786,0.009225571605982414,0.05797571375907254,0.07140580435940388,0.30217760954415906,0.25997720390532775,0.07630296184398329,7.608555,6.207554
182,11,7,False,L5/6,2182.0,0.015585271671789119,0.004584013243282601,0.008406031354333439,0.019106643801173728,0.04438015798462209,0.014253714667190834,0.18621420263281202,0.23194779710327929,4.9871593,3.3502028
182,12,7,False,L5/6,3075.0,0.018897316437755142,0.0032679219751710594,0.010061320702485346,0.08573671923967434,0.0,0.22479006672111174,1.789482641779993e-05,0.17341519249097467,8.78185,8.212466
182,13,7,False,L5/6,2216.0,0.0033271584103596917,0.014055465813687967,0.009591183742104326,0.06593981113797638,3.8558135024531606e-06,0.18238846900628325,0.04478441193307339,0.18077892421068636,8.669941,8.036813
182,14,7,False,L5/6,2404.0,0.0642480341825703,0.003324097990177,0.0045238810980137555,0.02025430398964005,0.0,0.2924967444020121,0.0016950000920009944,0.16984588695251962,7.68299,9.5207815
182,15,7,False,L5/6,2308.0,0.01920935185003715,0.002957040979994194,0.004046978861237038,0.05208211340724329,0.05741177875318148,0.12447537251861392,0.12396326232671032,0.21808344131671475,7.368141,4.4207544
183,1,15,False,L4,665.0,0.010953528256880946,0.0026607021600716257,0.0050105015570056245,0.008551294551605703,0.11382661619805223,0.09952544342106524,0.11489948409177843,0.1352591928227455,8.284143,2.8551846
183,2,15,False,L4,340.0,0.00014142723776137316,0.012596682114098633,0.0037337166331466026,0.00408972250583514,0.0,0.12605487611143715,0.44644284205159973,0.04987449983766656,6.2360034,4.3389573
183,3,15,False,L4,339.0,0.003762665961000389,0.00599155305302849,0.009970855117334526,0.07573686524492677,0.0,0.10839397194378489,0.013652366680796349,0.16278013859363874,9.969455,7.476913
183,4,15,False,L4,534.0,0.00660247846342377,0.007372688699250394,0.008565239892495803,0.047073018974452006,0.00016638997785904124,0.15780344829358478,0.07960725308191981,0.20980481509927526,8.107458,7.6214156
183,5,15,False,L4,416.0,0.011257830634325205,0.0015133023422923692,0.0061260395182671555,0.13770966791051514,0.0665200297445978,0.22634177080907358,0.1304161706398495,0.11911425105813125,11.222756,8.177796
183,6,15,False,L4,1783.0,0.020432783402483414,0.0019944600967940554,0.005588295248245438,0.12546154068075172,0.011259119311858499,0.13730014385588316,0.06397627962268715,0.11879666792846795,11.135115,7.5698657
183,7,15,False,L4,338.0,0.11783306373403049,0.03342956141249688,0.00858604265440574,0.0005925862169966881,0.0,0.0,0.0,0.18722426847611087,-1.8984132,9.758403
183,8,15,False,L4,751.0,0.014493145123796573,0.0017363473968136799,0.009594085390366101,1.343084074763215e-07,0.13385199105073092,0.00782235006030119,0.1905842945815388,0.06448956763401739,6.020019,1.9885883
183,9,15,False,L4,339.0,0.00013928986776416926,0.010470142419549014,0.008388531546168306,0.10312236209039373,0.10112981141893054,0.166700890937407,0.11665969521996847,0.10188413096436642,10.426595,3.8928194
183,10,15,False,L4,1843.0,0.0168055740345822,0.002692603677190822,0.0020130811239987244,0.00012208393618005106,0.10177576395893671,0.08883573199224092,0.05896256240401015,0.14636608563591447,8.261417,2.50771
183,11,15,False,L4,358.0,0.00018644385541744744,0.00010288768151378675,0.0015824215931285628,0.06973051064401789,0.15025420486927032,0.10445152696938337,0.15057097375392914,0.10205262060438476,8.996721,2.203014
183,12,15,False,L4,408.0,0.0023116867278782137,0.010442442863275137,0.012503387603248133,0.0196164823071315,0.10712460840498987,0.07284436552193335,0.18284864115603588,0.19980015593690564,6.049416,2.744513
183,13,15,False,L4,1514.0,0.001407057263116884,0.011757492547956175,0.00717254278404642,0.12943515583967785,0.05995442941250683,0.20846808256418248,0.1410810536152763,0.06968815615679012,11.385697,7.6140757
183,14,15,False,L4,358.0,0.004658850762810245,0.00010036130768181084,0.007144630438136204,0.14855820422903004,0.1333071860182833,0.18905960562223526,0.08708142762248039,0.07131525890996632,11.325682,3.8169546
183,15,15,True,L4,333.0,0.0205216743778965,0.002111868051115353,0.010384063137143752,0.04457169332028644,0.0250018146618094,0.07353490164649254,0.1510754440443293,0.22510831662158012,5.2298455,3.5225198
184,1,11,False,L2/3,606.0,0.019126237681581188,0.0023025942756610884,0.011025252227031388,0.10231136593804953,0.06479447700443479,0.16585850049932116,0.199845793754103,0.1805511421543939,9.211183,5.441318
184,2,11,False,L2/3,622.0,0.0018337892812697483,0.004949765099081602,0.00539313858994984,0.11615781999165813,5.888024891935898e-16,0.13240441570102437,0.13440981847439917,0.14236377677727438,11.135305,7.455584
184,3,11,False,L2/3,763.0,0.009871138397621122,0.005170321043230258,0.005933658065477549,0.03704668197366917,0.0630540572826736,0.2638933383622216,0.11666642035133573,0.1427927759124364,9.876678,6.496927
184,4,11,False,L2/3,694.0,0.016233867647464397,0.003392811859970669,0.012808128325577768,0.03419419993910562,0.06244797962072568,0.2567833769698667,0.22236110461717729,0.06625327425453592,7.3644314,6.2353935
184,5,11,False,L2/3,5600.0,0.01430384601010272,0.004027334775857364,0.007817164381351153,0.011584239166354966,0.11279415507915799,0.1512523161380796,0.08517936623065135,0.19297946502189778,8.393641,3.6275947
184,6,11,False,L2/3,569.0,0.007734538455415308,0.004804684168641933,0.012753993111126165,0.057920298202667024,0.05999175042886124,0.28758455193808735,0.24117581688186984,0.27734952687378006,8.671522,5.1797533
184,7,11,False,L2/3,628.0,0.11401763440227718,0.03820180916598662,0.017118748730048358,0.0006058641245299768,0.0025820190593571295,0.0,0.07769891679934764,0.17948469312873078,-1.4727427,9.323732
184,8,11,False,L2/3,627.0,0.13761234583956541,0.04,0.007558771098684471,0.0006126962577380225,0.0,0.023393109120446082,0.0,0.07692225145170381,-2.436295,9.973399
184,9,11,False,L2/3,648.0,0.0784485307599381,0.024810340461555575,0.00964122266442945,0.000875410481205948,0.0008315845892725006,0.0,0.0,0.08484410530845715,-0.19523379,11.354328
184,10,11,False,L2/3,1880.0,0.0242088356206205,0.0018133685068881795,0.009145886475051981,0.026409614082404075,0.1182185926489322,0.20588364072129442,0.1755086030407769,0.04142301085975336,9.257796,3.4432368
184,11,11,True,L2/3,524.0,0.02267397389485635,0.002147307611926692,0.00969455058389093,0.03973226011478881,0.07467458597754664,0.231786751422788,0.22841432916228038,0.1298223506905139,7.7585773,5.8337164
184,12,11,False,L2/3,642.0,0.016095781233539264,0.009348355660412876,0.00817319428968897,0.014470976535212746,0.012881492149945025,0.26655217427559924,0.06065555661569569,0.2169133309899355,7.9137273,8.24551
184,13,11,False,L2/3,2185.0,0.015056263809330993,0.004317472894965137,0.006942019057709365,0.07317569909241252,0.07449204590644067,0.15936095692891275,0.10380138428627243,0.2420421770988355,9.675665,5.998333
184,14,11,False,L2/3,637.0,0.0001420801346859538,0.009497702459860308,0.007946340333718561,0.12221937348288173,0.11414455923401857,0.17954785323574693,0.030564033712756213,0.16059710659983523,10.755948,5.2694745
184,15,11,False,L2/3,818.0,0.006035396533375923,0.001976617742986133,0.0036980657308105383,0.1262405117220811,0.13661918858747976,0.1568905986856382,0.11097402463148477,0.16197321391271707,11.555101,4.253221
185,1,10,False,L2/3,991.0,0.07365864762425861,0.025081940378790864,0.00832291752686919,0.00021428426894563697,0.0,0.0,0.0,0.09808239178269652,-0.11401461,11.3351145
185,2,10,False,L2/3,1731.0,0.01283591787420958,0.0073692427740183536,0.003500325377440208,0.013414907522298937,0.04846616899097781,0.14601475471713926,0.13484415737958053,0.2242437296609184,6.947532,4.3635173
185,3,10,False,L2/3,5846.0,0.004943316653719918,0.006966247517493893,0.010448687990146921,0.11849362925559573,0.07007908018460798,0.15002924898936174,0.0932482520588044,0.2607485094665849,10.013761,5.8844547
185,4,10,False,L2/3,988.0,0.0037089649138213354,0.00909934175998938,0.0009383706193563213,0.027439298940470275,0.0005786103662523221,0.25385837836560887,0.0,0.1715959846371739,7.97869,8.941754
185,5,10,False,L2/3,1053.0,0.00035617193438343246,0.008518114844333723,0.00848806320193766,0.09904552103222866,0.07293458311086244,0.18837432117213238,0.11497720780529755,0.08075718743695427,10.2856865,7.761964
185,6,10,False,L2/3,846.0,0.0012887767227713956,0.013542501921660227,0.00016910020474777978,0.020251288196269552,0.04179852765840091,0.22248363920491313,0.038432899699953366,0.09490803367179099,10.223976,8.344624
185,7,10,False,L2/3,890.0,0.07575929491366447,0.025697815187307547,0.011358868152763355,0.006950906723240854,0.0,0.0,0.0,0.2121899035113821,-0.56331134,9.748364
185,8,10,False,L2/3,1077.0,0.1039085858166229,0.02649353577901124,0.012640743609800784,0.00214566841454357,0.0015209087948038738,0.0,0.009434917453114136,0.25541911295018316,-1.0602043,9.151596
185,9,10,False,L2/3,872.0,0.006408116580461844,0.011335868712170061,0.008998108188631209,0.0018578759001072346,0.023976541088101336,0.0015276330492152602,0.27536638825884663,0.0681778940761795,4.886928,2.6245282
185,10,10,True,L2/3,797.0,0.012055792973722017,0.01734418367383075,0.009016375565863117,0.015521187670994424,0.016861663859939716,0.19262078000398972,0.06507586302165157,0.20097133998681307,7.698232,8.447493
185,11,10,False,L2/3,1368.0,0.014363739871264828,0.0051163506715042354,0.00915161508082941,0.050935287262245374,0.0,0.2705828428656968,0.0032897347647693927,0.16245575361517975,8.688034,8.375625
185,12,10,False,L2/3,820.0,0.058976311868130495,0.024098951069630694,0.01307015950049189,0.00901303688795265,0.0,0.08002312972820225,0.0,0.09756609867390773,0.055844393,11.215192
185,13,10,False,L2/3,986.0,0.0609118622303342,0.026421720104143454,0.0058288410747766905,0.0006333713932423553,0.0,0.0,0.005822024431229908,0.3700282263929409,-0.02292459,8.991656
185,14,10,False,L2/3,2021.0,0.026534509346849613,0.001313507965266746,0.003766617932564947,0.12755344231446902,0.10420805483758801,0.24401353490690356,0.11678687194952557,0.14919655639630397,11.008095,3.9058533
185,15,10,False,L2/3,1125.0,0.0029523671369692693,0.008449580759651515,0.008643263261391164,0.05991703551533972,0.10953690085539311,0.10452864448681087,0.12958062217019609,0.17120657353188698,8.920908,4.001604
186,1,6,False,L5/6,7212.0,0.08148589610379335,0.005182976464070161,0.007906291820766388,0.017070115721293796,0.0016169527768955588,0.0009836197995280226,7.31405556297728e-08,0.18492863254418068,1.9746194,10.03171
186,2,6,False,L5/6,7868.0,0.0367329980800871,0.004682737311036468,0.006013829943102882,0.053843230399565636,0.02546534396938038,0.010458756766738174,0.0081899633077877,0.3113249878034155,1.5975133,9.559097
186,3,6,False,L5/6,6847.0,0.043707495440405454,0.00533946651967475,0.005475948759428512,0.04902492866841436,0.015166410267850419,0.12555099260443853,0.0009637090197390369,0.2892292467593021,7.5422106,8.217441
186,4,6,False,L5/6,14082.0,0.10857386139053823,0.010979676215015409,0.007463354185042158,0.014029283166738224,0.024802716049146637,0.14135139172984235,0.0,0.0237494546368263,1.6265095,10.501222
186,5,6,False,L5/6,9685.0,0.013036807642298509,0.00621974456548743,0.0072463415118464896,0.04133367187232746,0.08706263213245354,0.0018604061986496276,0.15268573448413753,0.1568204877475058,6.866108,2.5924165
186,6,6,True,L5/6,6456.0,0.016585426098020894,0.006268170570218405,0.008205253435967024,0.07160474987215365,0.042727047729832365,0.25563027975120706,0.006219905186118894,0.21096379811374033,8.725456,7.910115
186,7,6,False,L5/6,13892.0,0.01446345163233283,0.004971263699637653,0.006537810820374177,0.0698082708197399,0.11432140733194338,0.014622782683562622,0.19357855931214452,0.14966281860977376,7.1420813,2.4766865
186,8,6,False,L5/6,7463.0,0.04564752417752707,0.006474089424826071,0.004063268263793532,0.010743905817146192,0.014969766671377043,0.042352188305113454,0.0203473289859777,0.0006140007514219478,1.5696949,10.708414
186,9,6,False,L5/6,6635.0,0.04465223631038759,0.00623504018397655,0.0073264782998439595,0.01850488411383349,0.013084069997617489,0.0,0.0,0.10307751905133285,1.6898173,10.575856
186,10,6,False,L5/6,11602.0,0.006644382049434846,0.008325997006279055,0.006518428551211261,0.10060556434600967,0.06859415811559214,0.16446458935882807,0.06428428039908207,0.16382805989784394,11.148556,6.292388
186,11,6,False,L5/6,15212.0,0.012942247662072182,0.007817125294688263,0.007275741839417442,0.00262200159156849,0.08674574454560693,0.019722746435489828,0.13395478060781665,0.2252305929748806,7.129142,2.9441793
186,12,6,False,L5/6,7326.0,0.04211869395610478,0.005151282180680297,0.01097533025858146,0.055613158430242456,0.03455399694544693,0.15799405062597385,0.013816242751144866,0.21138929898191644,8.376324,8.135408
186,13,6,False,L5/6,7733.0,0.004093329230171011,0.01502357370572985,0.009327472839074417,0.051037782947420694,0.0647805199621267,0.21820350997387403,0.0038806106477256887,0.13272768539814228,9.318274,8.369477
186,14,6,False,L5/6,10873.0,0.009018252327248122,0.006481986399391367,0.005677506179102771,0.06587484133329395,0.11676915254379144,0.009322966294318096,0.13482439242075087,0.09266447485917581,8.318171,1.9377228
186,15,6,False,L5/6,7393.0,0.027053254423048227,0.005970629729004891,0.011609892947835059,0.03810958906788287,0.05356976715075468,0.0,0.3120700109582894,0.1753180042232005,5.0535836,2.5375104
187,1,12,False,L2/3,382.0,0.02246193945299074,0.00022087661083777536,0.010342508056899086,0.05092635959657946,0.1785029144271193,0.18598737518224714,0.13602684566110754,0.03518016543257641,9.327294,3.41076
187,2,12,False,L2/3,859.0,0.0016104675363266905,0.01155363415492999,0.010605123261562243,0.024576011545863165,0.1118335754134988,0.21362747270313417,0.08444799323554118,0.22649933063071653,8.608984,4.1068177
187,3,12,False,L2/3,1931.0,0.008904737851365292,0.002202418036499929,0.0046553912915034915,0.1087741521597967,0.14048745534204962,0.1732664748851529,0.17854114543989189,0.11725446698863932,10.795665,3.4775138
187,4,12,False,L2/3,377.0,0.14916994135002307,0.02764056210272599,0.00906095179946126,0.0,0.0,0.0,0.0,0.15422189440741177,-1.9239028,9.827909
187,5,12,False,L2/3,564.0,0.0025955435689348104,0.0037986649604192916,0.006063378692389979,0.1470509069899428,0.10342532478256697,0.147598838449577,0.1486470234996044,0.10951375066519724,10.990521,3.8926609
187,6,12,False,L2/3,509.0,0.0073565323822057695,0.003439298854670085,0.012496429880611623,0.12968954021980825,0.11714422829710693,0.16068719794926076,0.13519510389343942,0.11831360150218467,10.409383,4.073199
187,7,12,False,L2/3,381.0,0.05232912117033051,0.02367727157337772,0.013736775047920735,0.001381052220920696,0.0001257575641127906,0.0,0.0,0.24995030512714697,-0.536885,9.298142
187,8,12,False,L2/3,841.0,0.018840166983327578,0.003303095819267617,0.009565749279487525,0.013847204366682879,0.07669307538148007,0.2533146045926211,0.15585382277281326,0.1266229659530557,7.617905,6.2354016
187,9,12,False,L2/3,431.0,0.0021206096681990623,0.003117419437712686,0.007702875922192654,0.14355371743058595,0.1265381295801983,0.15316018122505828,0.1765903469364295,0.23888558395077408,11.020302,4.982061
187,10,12,False,L2/3,382.0,0.02612661267484581,0.00021405975398516765,0.004631241265929828,0.03272572471755166,0.05754202667383207,0.20881184890950824,0.10915627274300159,0.21457355565545427,7.8569064,4.345679
187,11,12,False,L2/3,362.0,0.07469765583062074,0.025684073367455065,0.011120046801604166,0.0001859859459619027,6.7466120534961e-05,0.0,0.0,0.06909284745472817,-0.15602052,11.48833
187,12,12,True,L2/3,357.0,0.06353133926077649,0.026528173936544195,0.009778429717001656,0.00028982940046576246,0.0,0.0,0.03863320379414587,0.3139364517785598,-0.14400488,8.936432
187,13,12,False,L2/3,395.0,0.0010236277171808237,0.006013325064338473,0.003777954494581313,0.0,0.127404531224513,0.0017153534190140383,0.21584726432587814,0.08669385015395166,7.8593593,2.0870132
187,14,12,False,L2/3,392.0,0.0026375396560320095,0.007920382268581595,0.007396751946583827,0.06396313238242159,0.009263028454499656,0.24433762985998275,0.1466142015395853,0.07185763818002057,10.5761795,8.811236
187,15,12,False,L2/3,370.0,0.09801938461113469,0.025865343610744544,0.007372755599417604,0.0009310000595819583,7.696146236547015e-05,0.0,0.0,0.03135303467047466,-1.0298772,11.02245
188,1,3,False,L2/3,1527.0,0.00010058954718463279,0.0029802648817099826,0.0009081941496336974,0.052180088053534225,0.12844066048738603,0.03861796955952341,0.09769771521200718,0.06602012266535913,8.48007,1.9790355
188,2,3,False,L2/3,2025.0,0.017070125560292384,0.004250931225149362,0.004603763398493706,0.05361411692152091,0.05648405181646788,0.20633495947636465,0.11664195188146985,0.12257186525678665,10.073782,6.6200476
188,3,3,True,L2/3,1255.0,0.022708085250325933,0.0024969357725515714,0.0128246272976034,0.039150348423492895,0.04423874648480096,0.0026105723285647854,0.2011933206006144,0.20956078210810886,5.340086,2.9832869
188,4,3,False,L2/3,3270.0,0.008376641796572255,0.0031751427931018227,0.003946985489005781,0.13481110297609958,0.08363285861028288,0.18147583915811946,0.22667566999544927,0.06390851140607541,10.73573,3.2449994
188,5,3,False,L2/3,3836.0,0.006326985402899662,0.004554797417672808,0.0025616094267212155,0.12007337266646158,0.00408167527646565,0.17384367519803295,0.19137472149586382,0.09142811145980705,11.639544,7.551532
188,6,3,False,L2/3,1964.0,0.0013699662268466383,0.014025144900044969,0.0016827946280743064,0.010480900667483611,0.0949574860955099,0.09090105293733408,0.18601781758722286,0.08580378374338476,8.346253,1.9623748
188,7,3,False,L2/3,4104.0,0.004026964461666743,0.008165328746391426,0.006098286984309851,0.08226000667850944,0.08896079026310105,0.2119580882876486,0.18037865003665976,0.08738200142840281,9.861017,3.3969402
188,8,3,False,L2/3,2969.0,0.020222443236640793,0.0022202273565809787,0.009573449084871608,0.10691880164270406,0.011882070371932207,0.0861596644891667,0.0034489686517842036,0.10953929236793222,10.06092,7.580674
188,9,3,False,L2/3,1261.0,0.024648805646392286,0.0018552559189985304,0.010787009479310224,0.08092689773873069,0.026646465420259422,0.11499358201733016,0.2377727157909775,0.07824547569764098,11.366994,8.44674
188,10,3,False,L2/3,1280.0,0.02067254709481445,0.0001,0.001064996108956467,0.12731731532894622,0.031285890468784265,0.10243839930664504,0.21268615392057635,0.024883350500049393,11.743099,7.595541
188,11,3,False,L2/3,1261.0,0.004082430329123438,0.004458574570409488,0.0006153088512846014,0.05747335266638597,0.0,0.24264559922917253,0.10493258189262433,0.24954416543095545,7.9081793,7.443633
188,12,3,False,L2/3,1421.0,0.025553204772579715,0.0001,0.0008733241902996981,0.08207969041567408,0.14618940378304526,0.08496667476006371,0.0786326070619256,0.16188606793717836,8.565676,2.4265573
188,13,3,False,L2/3,1535.0,0.013165729285358743,0.0068556714802160915,0.012394584238614571,0.018998428594600512,0.02243888881340408,0.0,0.21565435367044794,0.2076750640442381,5.0824304,3.0508301
188,14,3,False,L2/3,1690.0,0.025840033189273377,0.0015787468636821525,0.009728056257950606,0.10829872030440549,0.07013947937259107,0.04222196223639287,0.10494254502287101,0.15066278215362125,10.579129,5.860801
188,15,3,False,L2/3,2144.0,0.020551104920096604,0.0023118172891497713,0.01066320701443504,0.1209108703644127,0.02005585369847428,0.1798684711794089,0.06535700802990069,0.2416257383247396,9.560465,7.129854
189,1,3,False,L5/6,1006.0,0.0011443885059642524,0.011934456320355426,0.00685165827475298,0.13535413356534493,0.08874775958942459,0.15065461396029386,0.1328007190340067,0.15175683204032903,11.586678,5.918458
189,2,3,False,L5/6,741.0,0.06750438682834206,0.02508956028438146,0.009179556926550161,0.0,0.0,0.037089065935297164,0.0,0.23856891043888245,-0.19940205,9.497186
189,3,3,True,L5/6,691.0,0.0014926643601170866,0.01637624825009803,0.002873871560932838,0.06046189267596809,0.0,0.21867436218716765,0.00760042732123154,0.19062607604451495,7.912379,8.821562
189,4,3,False,L5/6,734.0,0.00019871504062077887,0.008639349342337833,0.010097479338958763,0.11627354307829832,0.04514114546897535,0.07876011433684582,0.06108787412252417,0.25491892782842895,10.02531,5.9403906
189,5,3,False,L5/6,8304.0,0.014733838110729962,0.003018339274666904,0.0034914437392724374,0.12770434568119754,0.02045947875494037,0.24498046107773572,0.05528358346502796,0.13696921571105283,11.00787,7.7975388
189,6,3,False,L5/6,760.0,0.0856391016951762,0.026322644644776592,0.007836368705871465,0.000703333867856358,0.00019426456052455468,0.0,0.0,0.2670861911114058,-0.32338485,9.353082
189,7,3,False,L5/6,753.0,0.05849988234643354,0.02509014162207238,0.011048955864088572,0.00043111512368741224,0.0001068387258583836,0.0,0.0,0.1427894525370299,-0.048654146,10.844753
189,8,3,False,L5/6,1278.0,0.015025825160186192,0.00325071155018947,0.010258451027079838,0.018953011882305866,0.10998086862371692,0.2122896270334986,0.18585787716803953,0.054472823220336745,9.1959,3.4765801
189,9,3,False,L5/6,1146.0,0.023048221009865658,0.001676591131380779,0.005866326038641712,0.043694532354311526,0.12795906683950886,0.057040714866607924,0.22248494579250971,0.1055068455773031,8.08978,2.1010761
189,10,3,False,L5/6,1419.0,0.0015032185688791356,0.009987087560905649,0.0036127181951838196,0.1246203816603928,0.11559149529584642,0.10740801939846378,0.18637776873793374,0.17974878474393635,11.454406,5.2239804
189,11,3,False,L5/6,739.0,0.013993472630839852,0.02617461562178256,0.010699604842087767,0.0,0.008576753703475316,0.0,0.45173568776510986,0.18661767993143394,4.503688,2.8291426
189,12,3,False,L5/6,761.0,0.13366383585542504,0.030414443775848565,0.012834854828337142,0.001095855784665898,0.0,0.0,0.0,0.22118293989826643,-1.5878286,9.504882
189,13,3,False,L5/6,728.0,0.006468747039548504,0.0002457334123839405,0.002615537977866288,0.11798883799304184,0.13991091586374188,0.2196295617029633,0.0736845327163213,0.1840671664508293,11.663713,4.4497476
189,14,3,False,L5/6,719.0,0.005993806123154146,0.004765101827817236,0.011605820510966506,0.06526424783092678,0.019522929492030036,0.45498691505306804,0.0010298903068008008,0.052991433104246054,8.822141,9.169772
189,15,3,False,L5/6,2500.0,0.016335419461000464,0.0039051516847063055,0.009757556376204193,0.09424207622894477,0.012571399395258042,0.19418706569233152,0.19886647083690748,0.23923499860889158,9.3251505,6.849862
190,1,8,False,L5/6,4068.0,0.00910368098873903,0.01141990390984362,0.008385319121712566,0.05039813909300063,0.05608032258573265,0.0,0.2083358449438594,0.0678282519554301,5.329887,2.4929974
190,2,8,False,L5/6,12857.0,0.011739004923385787,0.005500702876789009,0.005832711802164968,0.11446614446205754,0.08539563032756124,0.16613749795546318,0.13457059385333445,0.18612821830212042,10.883049,5.5779657
190,3,8,False,L5/6,6072.0,0.009394148088648652,0.009614894428702642,0.008378968559923866,0.05879590295562919,0.0801158470551886,0.19007485176726263,0.2641162956463465,0.14667149453896666,8.025358,5.353017
190,4,8,False,L5/6,5135.0,0.01872016400992818,0.008629175628648377,0.012755670978917633,0.05957862898375082,0.06406919861950362,0.19176516836576488,0.13474774016800267,0.14618146456281592,8.549912,6.2039003
190,5,8,False,L5/6,8392.0,0.05797092478583793,0.02609959126526888,0.0022615903478149326,0.0,0.0,0.0,0.0,0.07185611545081108,0.700157,11.342836
190,6,8,False,L5/6,3213.0,0.02116901581370755,0.010479289707190424,0.013250663999960588,0.051566296359815716,0.053773872299919624,0.0845859742262443,0.3291949105357724,0.19951274292983284,5.0753403,2.626817
190,7,8,False,L5/6,3875.0,0.02296433475135288,0.01055997324463493,0.010762626744997644,0.04564432409128391,0.03800375171552064,0.19326841187174576,0.04583482255469493,0.12569514524713837,9.040561,8.383968
190,8,8,True,L5/6,3189.0,0.048733384134779685,0.01034255824701378,0.00984977841216123,0.042703305792627544,0.023778437681278918,0.18628775224789126,0.0007479155340451471,0.25512734825775596,7.242226,8.991579
190,9,8,False,L5/6,3920.0,0.13086764533709183,0.04,3.991881563637258e-06,0.002592671436278124,0.00028975519326866056,0.0,0.0,0.1284873081435149,-2.4945085,9.73876
190,10,8,False,L5/6,3400.0,0.03237912850563057,0.011981020759759214,0.004866662266610312,0.027652543120878108,0.014020846194521276,0.26974712308472915,0.0,0.1470197667375742,7.960459,9.050482
190,11,8,False,L5/6,9113.0,0.0009812181796280317,0.013235507643225614,0.0016455714706443043,0.15347565753296333,0.06322360865107521,0.14438228205349993,0.07858991806022779,0.07223475846658312,11.740589,6.5750523
190,12,8,False,L5/6,4960.0,0.07178597724629794,0.010224201811389382,0.00516535218048342,0.009846345621386685,0.010174662033399572,0.0,0.0,0.2748033649081238,1.5816185,9.568788
190,13,8,False,L5/6,3532.0,0.07564819396571211,0.00843574781496798,0.013102663872119658,0.04394841368341237,0.029051118960398577,0.25744407799178454,0.0009129898511629525,0.24256397177710873,6.8336115,9.481577
190,14,8,False,L5/6,14328.0,0.007985993971383163,0.006025789198876838,0.0033025775277387955,0.10944216471647057,0.12081677890459554,0.23449882645204573,0.12997073117067587,0.10018677449449272,10.844372,3.6248903
190,15,8,False,L5/6,4460.0,0.08183167181250328,0.01242955043943038,0.006371730132038464,0.027535080812799047,0.019254248771448434,0.09216453258337756,0.0,0.3408537584206714,0.033576112,8.774618
191,1,13,False,L4,2626.0,0.015078913682348774,0.002893012246785362,0.008687199931295147,0.04244163586152759,0.10547094136270244,0.15834953550689784,0.1913361350825177,0.1693802239232956,8.786428,3.7329812
191,2,13,False,L4,720.0,0.008218645401219554,0.006594968219377307,0.00398784530729759,0.05378901336347596,0.02009212846516142,0.13822779685341482,0.16844396171300058,0.20642390137016875,8.012671,7.006664
191,3,13,False,L4,1674.0,0.00137683832211495,0.011135985728028343,0.004015061290414629,0.13321197376623253,0.05505608523393186,0.15139830008360916,0.13449939848362616,0.06829945566368421,11.779282,6.634609
191,4,13,False,L4,830.0,0.10230260422340327,0.029220017507651293,0.009186030205534448,0.001704490022853855,0.0005618006202459772,0.0,0.08547763167943656,0.30530215181409126,-1.0516981,9.021456
191,5,13,False,L4,768.0,0.14035632351855531,0.03672261902752983,0.004216814009592517,0.004372570117230535,0.0,0.024928763987202514,0.0,0.16683015352687583,-2.4716847,9.3610935
191,6,13,False,L4,2231.0,0.019630300075418307,0.0022568873617074426,0.011895560326451726,0.1292896107825744,0.0069404923221934225,0.1690585736490405,0.033720491908903354,0.20969162331017946,9.602074,7.174505
191,7,13,False,L4,835.0,0.11337216723138455,0.03194660331935428,0.011942908498174486,0.002038252249783456,0.0,0.04209929877151383,0.0,0.25867497711343074,-1.1877894,9.118725
191,8,13,False,L4,799.0,0.1317442164736124,0.03308373423915463,0.013251626659970327,0.0004011843075774626,0.0,0.0,0.0,0.1541515934050302,-1.7458985,9.79274
191,9,13,False,L4,828.0,0.010924747205477292,0.003554677279957435,0.007591638136177656,0.03423414581068773,0.11368984952642443,0.002144474831460053,0.12921546680549695,0.11008962864527248,7.002491,2.2766411
191,10,13,False,L4,717.0,0.023505834954978575,0.0003275077961648948,0.002626213728992272,0.1690253814584743,0.025724189236119164,0.20308606496107995,0.07088285659420641,0.053751413839149546,11.684852,7.783077
191,11,13,False,L4,972.0,0.03718553161656633,0.02037261117143447,0.007532781236456028,0.0,0.0,0.10831398483670218,0.08959192140001146,0.20039577934888683,0.7082524,10.067133
191,12,13,False,L4,803.0,0.011462397371979249,0.005373696427901899,0.00968530142291616,0.012870845078916702,0.041891918327718616,0.0006153824160096814,0.28462400405248667,0.11617523438285389,4.9942555,2.509752
191,13,13,True,L4,701.0,0.006166276252867315,0.008212258845677254,0.005356049831644866,0.042821646744445066,0.009894878364999833,0.1818469006569671,0.05756514793080699,0.204599130384502,7.885061,7.699436
191,14,13,False,L4,940.0,0.04239410187702203,0.024618817180203482,0.0064571562667168235,0.005678069889395101,0.005246676695313045,0.0,0.24481785623254274,0.1757605115789988,4.2633424,2.9760635
191,15,13,False,L4,789.0,0.14274897971973374,0.03648194034714485,0.0018027476690716726,0.0056519462832358616,0.0,0.017955047136923093,0.0,0.22510574957199492,-2.4942021,9.275833
192,1,1,True,L5/6,2366.0,0.01386895050879181,0.019355677137405304,0.006340405848867778,0.034012137774796045,0.019055507018991565,0.26320392669998527,0.0,0.27503052853861537,7.5688586,8.725062
192,2,1,False,L5/6,4082.0,0.0099297599986628,0.010818162097406287,0.008752874766901092,0.04814200199064175,0.05266475820697715,0.04542316215214745,0.288625383272507,0.12321369902168205,5.141675,2.4493723
192,3,1,False,L5/6,3224.0,0.02721100114612775,0.01287653416144519,0.004485257568541453,0.02461698815096765,0.01101385119519976,0.18217620074825486,0.0,0.18699619373982884,7.541649,8.627994
192,4,1,False,L5/6,17734.0,0.011037897085564767,0.0061203710101521034,0.0023800405362734466,0.04919780522115888,0.12260245799989057,0.21412178828259085,0.11693379808914313,0.21318280930684833,8.188811,3.6501667
192,5,1,False,L5/6,4310.0,0.06797023736159315,0.025447917753083648,0.0042749880199058204,0.007550653162983213,0.0032433209077902866,0.0,0.0,0.34788566722795056,0.0008295165,8.995905
192,6,1,False,L5/6,17946.0,0.018600798148397567,0.004045097961240241,0.0023839923608010355,0.12565336471819458,0.028054608188518456,0.15504898822990096,0.10139229560724537,0.2520674346219585,10.605511,6.955447
192,7,1,False,L5/6,3318.0,0.0811976935885747,0.007725857138586188,0.012831250143345643,0.021072602563074177,0.017296002996659378,0.011730466327955685,0.0,0.15570874133674031,2.035795,9.9878435
192,8,1,False,L5/6,3578.0,0.057535446967907085,0.027358374145045133,0.002997181063064242,0.00796543691262769,0.0012630850327803348,0.05958597466078445,0.0,0.2901300795338589,0.3757016,9.601306
192,9,1,False,L5/6,3368.0,0.020235207999404314,0.01898407335152557,0.011322414881612028,0.03109757364010671,0.02064623667807811,0.3145222660020958,0.0026976415922890197,0.10468607515693534,8.528627,9.19256
192,10,1,False,L5/6,3678.0,0.014216905070842471,0.011621128687874106,0.005745212074914292,0.0410338959891106,0.03703090193886854,0.2792447897132751,0.10689103467538824,0.2407644334888693,7.703587,7.9526377
192,11,1,False,L5/6,3121.0,0.08663337945547193,0.008584848834116206,0.013725059486031569,0.036400886817303135,0.023021195444997956,0.17723964620266858,0.0,0.21622899410596427,6.812667,9.477439
192,12,1,False,L5/6,3101.0,0.014085300497626733,0.012822320967670905,0.005984373960207269,0.032186256967900964,0.03308109460670254,0.11713560008658462,0.417347909659706,0.17451322653028453,6.2790413,4.3619366
192,13,1,False,L5/6,19268.0,0.004059241977249688,0.009100868174879675,0.0020697102668777146,0.12801646782416523,0.11904413913970649,0.18196260713389797,0.14378081873879428,0.17346451517396802,11.331097,4.9856057
192,14,1,False,L5/6,11381.0,0.009095732446642392,0.008118898265385102,0.0036867032670891086,0.03580718440247623,0.0882584955283438,0.03435227590387886,0.22213052622384788,0.13843508650468167,7.077872,2.4174738
192,15,1,False,L5/6,7321.0,0.0040305068115799635,0.006928217474729356,0.000417993716350649,0.11413893956248261,0.10635333625075899,0.2005732815915454,0.1598131604667739,0.07547280145741773,10.9473505,3.2912874
193,1,15,False,L5/6,6929.0,0.020473919994216386,0.0023879409539791273,0.00457785561030445,0.12251585741562274,0.024813532646946246,0.10988899881914692,0.015925125405026223,0.06617890699566376,11.65103,7.671194
193,2,15,False,L5/6,4094.0,0.009662420597529106,0.004036617198228887,0.00492363493907574,0.10930572156959383,0.08862750680159004,0.12249630455363972,0.08530931641005482,0.17351707834781976,11.061305,5.56694
193,3,15,False,L5/6,4281.0,0.02111795286407396,0.0031990187161879493,0.010882145639745587,0.03749149208499854,0.11539548617868686,0.015103831273107503,0.1402389272304144,0.23182840779409783,6.4963794,2.8733745
193,4,15,False,L5/6,1569.0,0.010621610258450724,0.014427295631640477,0.0031946837424793695,0.0,0.0005234290517817636,0.0,0.0,0.2603237988032284,1.434251,9.705664
193,5,15,False,L5/6,1463.0,0.010872391221322948,0.005931605089195577,0.0022268575952217196,0.029509884925423308,0.07322112760725814,0.2160564123739358,0.10975073734794136,0.14333070337448237,10.080094,6.603004
193,6,15,False,L5/6,1084.0,0.004619143612389421,0.009672405991052858,0.0031175110455607166,0.05108277864146311,0.04386932904830258,0.15652008598888173,0.21372833023676652,0.20504209718602232,7.452369,4.553138
193,7,15,False,L5/6,1241.0,0.022513713507520832,0.011146355444246903,0.0042416455961082405,0.018482178465874098,0.00041757410730011366,0.11692226785487929,0.0,0.21237206851264434,7.4285455,8.471252
193,8,15,False,L5/6,1642.0,0.11081744657398171,0.035693449163255835,0.0073696869042262116,0.0011703672892700715,0.0040834158854957305,0.0,0.0,0.21235978213130596,-1.9838117,9.422922
193,9,15,False,L5/6,1102.0,0.0112612996099603,0.0067568122124946695,0.011054825771050367,0.028740262163710527,0.0451941199009144,0.0,0.2871979850195455,0.12934392842486778,4.988845,2.5032945
193,10,15,False,L5/6,1358.0,0.005661093929970686,0.00861077330827769,0.005729908796648464,0.06396951178287975,0.06558206754482636,0.1941181156845886,0.12631680121913216,0.19433221873786757,9.684492,6.0828776
193,11,15,False,L5/6,2639.0,0.003382443468049324,0.009059333977935267,0.006025068730779783,0.10343182382733948,0.031354355311203494,0.15951641633778826,0.13388022583845333,0.20062699074854476,10.708385,6.946435
193,12,15,False,L5/6,1153.0,0.04756414321776433,0.030515027861039986,0.004176561838005422,0.002842051837011855,0.049501414176558435,0.0015631246121955622,0.10157948847691374,0.18619420641980416,0.32360584,9.727057
193,13,15,False,L5/6,2571.0,0.0009971583584952241,0.016700256249834025,0.000882280760349991,0.1102176342518168,0.06813894776637909,0.14123939887782835,0.08728298252794721,0.16553512838530982,10.903993,6.441099
193,14,15,False,L5/6,1151.0,0.0001,0.008586339291330368,0.00011340695381796687,0.16367732662877563,0.04144216083290555,0.14796984236228478,0.08742133483032488,0.2147708769607132,11.061027,6.783973
193,15,15,True,L5/6,1028.0,0.013312276188652182,0.005284878659848626,0.004603170088344362,0.03571384959102811,0.035338495244007555,0.18899603410393737,0.35717108236115813,0.1519127575886842,6.3972845,4.4307795
194,1,3,False,L2/3,2672.0,0.07631969851818704,0.014492137646046574,0.0066952680885096994,0.015317853187909704,0.010383492428659168,0.15606390586785784,0.0,0.17279615731515918,1.6849049,10.384595
194,2,3,False,L2/3,2324.0,0.02341912206339419,0.0038251408559187524,0.006665115423044313,0.06327316639735443,0.04819242356042922,0.1805524807536991,0.13894093142186398,0.1343947814070921,9.040241,6.283707
194,3,3,True,L2/3,1703.0,0.021013770488234,0.005038058473850694,0.010119989000589044,0.05810499523033933,0.039035215756184155,0.20009210749723924,0.0379037166627495,0.14432259550822296,8.983131,8.289546
194,4,3,False,L2/3,2848.0,0.06639177299791796,0.0063600657381286735,0.011716610898256048,0.02577231795336509,0.006685298792722647,0.28939621386977243,0.00287077188001829,0.1698363716428201,7.3188157,9.491709
194,5,3,False,L2/3,2713.0,0.014730317096625166,0.0073866130130610256,0.004656186344286728,0.043993454422748546,0.053919788151883946,0.25416693437111326,0.28153566485161297,0.1935614876790349,7.676262,4.9746237
194,6,3,False,L2/3,4643.0,0.012714950726605948,0.004477477125245327,0.00755204786908033,0.09850477695116498,0.094509962788345,0.18231387509055352,0.11501888818315617,0.18890968757161905,10.534809,5.384196
194,7,3,False,L2/3,2840.0,0.007708030352828312,0.008076548116799143,0.005428988429440647,0.06930614692346694,0.06738095321801858,0.23640051021222544,0.09765317734996337,0.23439387858489805,9.7222395,6.021419
194,8,3,False,L2/3,11270.0,0.013093059686396409,0.004493929253928657,0.003330328821594801,0.05136263485494908,0.12273388757464422,0.04984447286219289,0.16288359323580393,0.14184659488990164,8.528617,2.1373358
194,9,3,False,L2/3,6264.0,0.002094289395878893,0.012186929411833249,0.005593485836850902,0.12231651033853208,0.06685762218008715,0.1680547596433189,0.10887325514343865,0.11302089971499969,11.595274,6.178966
194,10,3,False,L2/3,2236.0,0.015407680948804186,0.008928743248758138,0.007898182739182845,0.03067981575355661,0.03205189343424866,0.14547054912208415,0.15591806356487117,0.17750580986721753,6.9832764,5.84253
194,11,3,False,L2/3,2555.0,0.06533305605631401,0.005079247807000009,0.01222366371693738,0.021481049106113096,0.019118320386623946,0.0512661569337554,0.0012813426434260967,0.10907978382321654,1.9509679,10.201167
194,12,3,False,L2/3,3995.0,0.003254421067165102,0.012424220137026482,0.006339474442549121,0.039108067157250494,0.08616033579676995,0.004557024666206389,0.08275849109645492,0.20879175360572047,7.1215734,2.853343
194,13,3,False,L2/3,2690.0,0.08062032125737839,0.010861074713616877,0.009616366128806729,0.01831777975056704,0.007100371609750781,0.2234759123203311,0.0,0.21673269473925658,7.1618986,9.493295
194,14,3,False,L2/3,2607.0,0.05160537127647107,0.007679666358326117,0.009053114612592035,0.02408545898619482,0.0068356737081623235,0.23967990037141407,0.0005408736108660134,0.16787886256675558,7.409765,9.426204
194,15,3,False,L2/3,2082.0,0.03084471652903245,0.0055708255389573195,0.007174588410788814,0.03290742342241594,0.01616610694874617,0.2274894586688422,0.0054063558663929485,0.17568241302530946,7.9420276,8.838854
195,1,4,False,L2/3,2410.0,0.1271714233740397,0.04,0.009089045123387674,0.004533826482500883,0.0081890770325802,1.2917594650322329e-11,0.0,0.10963650240551609,-2.343738,9.943976
195,2,4,False,L2/3,1929.0,0.002270958697066475,0.013662986268228348,0.006862213512185654,0.03942607712686624,0.083333015326504,0.0016311301786836963,0.1336774288632828,0.17834373554741334,6.985833,2.7248046
195,3,4,False,L2/3,2314.0,0.14457181962399587,0.04,0.006603511831221316,0.002477247189079227,0.0004005591130280347,0.0,0.0,0.09558060160386518,-2.4345517,9.960769
195,4,4,True,L2/3,1387.0,0.012404828250260212,0.007043935132684584,0.00745805799217385,0.031485189472236406,0.02859743652149226,0.28709855242879545,0.2842869744521793,0.06267173459402284,7.506581,6.3862553
195,5,4,False,L2/3,4142.0,0.006474136990188842,0.007128939831857002,0.009640041812300047,0.08905175780747408,0.08395860218442584,0.27888640080783034,0.2641210795106103,0.08152273458952998,9.642205,3.796777
195,6,4,False,L2/3,2326.0,0.010119721052118943,0.00819108010856355,0.011769859733726584,0.0024198370454126764,0.0626343491985951,0.0,0.13379645821754635,0.17796555067067962,5.78844,2.9013221
195,7,4,False,L2/3,2328.0,0.009862649573897521,0.0001,0.004566092321640185,0.03191636906690493,0.0,0.15414899600108484,0.10092036793686956,0.22514363607255436,7.9083524,7.389368
195,8,4,False,L2/3,2019.0,0.00527445885588678,0.009792354024164625,0.0031204919508207294,0.029945499015037978,0.07038705869803531,0.05789950507387921,0.1491705227821178,0.23567351980289264,7.2084394,3.0873282
195,9,4,False,L2/3,4357.0,0.016676980343691753,0.005890134414010594,0.009975149254404408,0.004619582453627133,0.08083714047966312,0.000528667664956416,0.23628387284611543,0.2603654899382081,5.8285346,2.8527045
195,10,4,False,L2/3,2749.0,0.006540401753232954,0.007579613607180533,0.007322720418407119,0.03324789812551304,0.0861340180616287,0.034718477587168825,0.252383720005406,0.07409740551114699,5.7857933,2.1102853
195,11,4,False,L2/3,2219.0,0.10609213972627726,0.025421563487921045,0.01142108262682519,0.0015167413279485638,0.0,0.0,0.0,0.07795689661389378,-0.9822873,10.976837
195,12,4,False,L2/3,9003.0,0.008583033359938581,0.005195602095637516,0.004716785412476224,0.12334540389930096,0.06913295764293739,0.2115574134823566,0.18586025771099574,0.25216086199908916,9.61004,6.278418
195,13,4,False,L2/3,5190.0,0.023744700652912,0.0028674757409335653,0.008550746203813034,0.10581390594605476,0.019192290089382533,0.20960649274624513,0.0017097725208415967,0.08789323278564688,9.60685,8.732222
195,14,4,False,L2/3,2518.0,0.011179293593078454,0.0067393751705474726,0.005707081168263174,0.06175498559729682,0.06948052789320262,0.27208890419422743,0.1294847199566845,0.1693012983727112,9.850917,6.4608827
195,15,4,False,L2/3,2272.0,0.11265586187785535,0.04,0.00816928355072992,0.0011575280478772342,0.0,0.0,0.0,0.06824842116192455,-2.3855119,9.972781
196,1,9,False,L4,2022.0,0.0166700584301771,0.004148745869485521,0.0021818927355686545,0.07294380870787004,0.058244429899224265,0.20815248426319974,0.18528372974528998,0.10966102520848862,10.048645,2.5334013
196,2,9,False,L4,3245.0,0.014564352950539634,0.0173511842983855,0.0019697787904566877,0.004772199746634923,0.0,0.09587374009092364,0.09145082332665089,0.23785476409533435,7.3666706,8.302462
196,3,9,False,L4,2598.0,0.13252479036307413,0.032940685556482996,0.002942765037225431,0.004248145700006104,0.002507638519910545,0.0,0.0,0.1180239333538754,-2.3679845,9.83679
196,4,9,False,L4,4675.0,0.008066537006911786,0.006822160593024522,0.010182891961326912,0.0252866642198571,0.12146878439145845,0.012249046504956831,0.16171827485535886,0.2518784153481275,6.476587,2.8618963
196,5,9,False,L4,2459.0,0.00022103282877189995,0.011463891750704355,0.0017677733984395145,0.13519864280823027,0.09017093134668464,0.16997408985320214,0.14961506074719286,0.06868984000221862,12.019393,5.327846
196,6,9,False,L4,3222.0,0.003216794418771638,0.008283941947556448,0.0031825245967087305,0.10940469540927139,0.0598673213747657,0.18179901952851796,0.015414850224133596,0.17330336443217767,10.990021,6.1966286
196,7,9,False,L4,8721.0,0.0015934818383227865,0.013395736151353744,0.002455435426223015,0.06846275427135531,0.12646653137591043,0.20389005540303734,0.09975668248287516,0.1910919323507203,11.213963,4.833349
196,8,9,False,L4,4897.0,0.011868595538275555,0.004651234832052615,0.0065622033115196494,0.10456923066687779,0.053209016734039855,0.181790436533172,0.04400067630419666,0.14304992195100155,11.144319,6.4443855
196,9,9,True,L4,1286.0,0.02673481955282156,0.015062998966509781,0.007551754352867942,0.008661685602789028,0.018573621028446976,0.0,0.07462867274993883,0.14418967042536274,4.3535433,3.4077065
196,10,9,False,L4,2705.0,0.1266446674051368,0.03233920989525522,0.008030119158679844,0.006068834097946534,0.0043512125884280035,0.0,0.0,0.09019995605132787,-2.2482088,9.941712
196,11,9,False,L4,3078.0,0.09708754662631844,0.030533896513260658,0.01317877375647698,0.011947422550803383,0.005186562382527869,0.0,0.0,0.31659104981989816,-0.47718883,8.874297
196,12,9,False,L4,2066.0,0.07360656529282107,0.0291291914584494,0.012378281469607833,0.011668743917489684,0.0029867775251101376,0.0,0.0,0.17870464307047562,-0.55101025,9.906848
196,13,9,False,L4,1473.0,0.006719427659938855,0.00851275898184847,0.010409926957277006,0.052499662495258975,0.0616257653300065,0.3209456195816125,0.23776934721723872,0.1277572113043723,7.6402445,6.20161
196,14,9,False,L4,3073.0,0.008112835975729017,0.00482278791262702,0.008066075462777154,0.11035690307039896,0.11690249960265874,0.1172087247430705,0.11371160374482053,0.15408660213536138,10.845055,4.2000093
196,15,9,False,L4,2396.0,0.0026663871809511105,0.01144892776396205,0.0070179969977531,0.08715172544713645,0.06992253547953647,0.24715626869648985,0.06958720132854448,0.06111476349581427,9.77245,8.394675
197,1,3,False,L5/6,459.0,0.0652152625774042,0.013593700166284424,0.004790527050500735,0.0,0.0,0.0,0.0,0.10560841635123636,1.4622471,10.501027
197,2,3,False,L5/6,426.0,0.04381401431359955,0.013494335319394351,0.004723503094762999,0.0004471821023936622,0.0,0.0011271561770638983,0.0,0.03633981748743158,1.4144099,10.796458
197,3,3,True,L5/6,374.0,0.00015251466652440302,0.0073110530312972925,0.00487856475676462,0.11271496897350235,0.15107857899627622,0.13935849493584232,0.04624465593596147,0.1195607032537684,11.487748,4.3409076
197,4,3,False,L5/6,405.0,0.0029679125210173235,0.007631781635517557,0.006334105726431538,0.04766795406532171,0.019447549011326715,0.11745111415238918,0.14621586734685912,0.18965577614162094,8.135647,6.8859916
197,5,3,False,L5/6,446.0,0.006140595246810318,0.002292467230033193,0.009548068847413948,0.14497175075103771,0.012868191879587274,0.1118983957131918,0.1490280649182399,0.12952261015358293,11.492823,7.750144
197,6,3,False,L5/6,448.0,0.03226691733493912,0.01444988331103656,0.008831901745331584,0.0008599792140223524,0.00043954754900509495,0.0,0.0,0.06059776252563737,1.5349765,10.888955
197,7,3,False,L5/6,682.0,0.007378998602808644,0.003046653724277545,0.00424025202177373,0.028295340353293466,0.10159520223540847,0.0879452626150336,0.1498685969205251,0.04745520653403964,8.410354,2.023638
197,8,3,False,L5/6,2196.0,0.0011598937874054724,0.012096951427657843,0.007555405713994902,0.14131579381815262,0.000192312504894879,0.24872776471211125,0.0625096230439163,0.0909340028192004,10.866774,7.963203
197,9,3,False,L5/6,532.0,0.0013964387988135382,0.013238425398932014,0.003005784819699383,0.06014626839073101,0.003908502971213382,0.15463315593823015,0.15233672407820897,0.18648224211142783,7.979643,7.09057
197,10,3,False,L5/6,470.0,0.002523164786586746,0.010749270206567355,0.006837199893120345,0.003683707054636515,0.03560199095829237,0.002687187479159589,0.30471346095903995,0.2828654577776516,4.79453,3.2205312
197,11,3,False,L5/6,411.0,0.04527042044845141,0.015455219553969633,0.007913738235436112,0.0,0.0,0.0030709805292154814,0.0,0.42606706478102113,-0.08049965,8.689794
197,12,3,False,L5/6,421.0,0.013355526440119432,0.010097443777200073,0.009676420214906249,0.012951941078836782,0.011509316147818045,0.24752702744539098,0.10458654621584398,0.15973055986729717,8.121317,7.94821
197,13,3,False,L5/6,414.0,0.129048225340402,0.033696813928912495,0.01036270192925087,0.00022453610344224046,0.0007778377141849915,0.0,0.0,0.1679311788729514,-1.8402123,9.783391
197,14,3,False,L5/6,2307.0,0.004539986042354811,0.007706402387636351,0.0060685586781677675,0.08689831829394637,0.06283652631769956,0.25789316669509577,0.17933459717983638,0.06987964826382782,11.142953,8.28881
197,15,3,False,L5/6,490.0,0.03333618946887313,0.022518259119734096,0.006024675442160109,0.0,0.0,0.1455856798629656,0.07504683370478993,0.20092141237467592,0.70366895,10.059893
198,1,11,False,L2/3,384.0,0.0012687825861592524,0.005629439275725709,0.005431100014937316,0.14672345749058488,0.04589672973831702,0.1213262864885095,0.19168776685010464,0.18655140338474688,11.178989,6.4263186
198,2,11,False,L2/3,353.0,0.0048562100354680345,0.00458678013566038,0.002922287338978656,0.06937230529715098,0.07798087426296374,0.11874821806803425,0.1749464424283529,0.05428853273456815,10.02302,2.4982803
198,3,11,False,L2/3,394.0,0.002631523123935101,0.005656975020999911,0.007916640951574289,0.12511047867473607,0.002272270690494534,0.2135289469978282,0.029648455967580273,0.06461325212602986,10.817198,8.055432
198,4,11,False,L2/3,2674.0,0.014481545245578152,0.004647278513932377,0.009736177182903967,1.7517828539473708e-06,0.09409832718931664,0.20345029903840436,0.27432553377043645,0.27832952577532627,8.53229,4.700368
198,5,11,False,L2/3,1387.0,0.012829421457813761,0.0028673071677039696,0.0017871603815859931,0.05922587897041747,0.08434225910560893,0.22130405777672613,0.20611565636144583,0.17743795789737266,7.749517,4.7521544
198,6,11,False,L2/3,962.0,0.008911973981087168,0.002289756758832807,0.0015895996752252014,0.12849331445086873,0.02350388200684596,0.07212863863977334,0.2450255858528782,0.09653231976687107,11.689286,7.4829264
198,7,11,False,L2/3,486.0,0.011201539407348318,0.006802330641212207,0.008008545974124256,0.021444854443038574,0.01241674637612382,0.20758301752198355,0.257724058177744,0.13774234893049492,7.2554965,5.8288994
198,8,11,False,L2/3,244.0,0.0006774700116705755,0.0142819370956127,0.007979479861631196,0.09354208535091497,0.008224918899014924,0.1065387132332647,0.20842965382351283,0.21497374808818548,9.37474,6.7207975
198,9,11,False,L2/3,395.0,0.011721574998171575,0.004838451896897311,0.011514364131297701,0.03203670305207724,0.019000718697812464,0.216399356764231,0.21763508114930794,0.2044079101416281,8.209831,5.876391
198,10,11,False,L2/3,1527.0,0.006094890863618724,0.006701760250573385,0.008091253500769962,0.04226625980488742,0.11348474522891311,0.21226820024183662,0.15656716456242242,0.16352271896433976,8.676196,3.7910352
198,11,11,True,L2/3,208.0,0.11232269843780378,0.026028461439251457,0.0196851574438741,0.00032062056378904873,0.0017077232733077236,0.0,0.0,0.18316386676269392,-1.3195815,9.511597
198,12,11,False,L2/3,281.0,0.007246163440284232,0.0034548748375525756,0.006563319651347184,0.05971696015935394,0.03513075428558676,0.07153931610176881,0.19576838289176554,0.20603728770508725,7.4167805,4.5809584
198,13,11,False,L2/3,562.0,0.002359044318624575,0.00627635562675821,0.008265864277943877,0.125888540430997,0.09220669958147695,0.10112772974461562,0.12914091615743012,0.13509042815943154,10.810999,4.193002
198,14,11,False,L2/3,1473.0,0.01368634221461858,0.006383153342850039,0.006165730107844481,0.011428014512846665,0.044427103839764795,0.1074927897715537,0.23859444953443518,0.14911332096357685,6.481636,5.2416673
198,15,11,False,L2/3,1290.0,0.014883957819438028,0.0019435959642141532,0.0044386470879197604,0.12473685291693966,0.0598547590092438,0.07623393269485375,0.08219338600354281,0.12938106833074353,11.4866085,6.44147
199,1,7,False,L5/6,293.0,0.025846717364826757,0.0001,0.00603013547793396,0.16023719297150069,0.1562458418823576,0.054179421401048006,0.09789134590209875,0.26757552958713443,11.445932,4.518709
199,2,7,False,L5/6,217.0,0.006357258542656716,0.0001462768750358576,0.022816399689470294,0.048820024304594624,0.09576738978173081,0.17772777505080076,0.19404779216475976,0.1044120147893692,13.365516,8.8843565
199,3,7,False,L5/6,485.0,0.002305700120636184,0.009087973874294697,0.009392395235659256,0.07278686815638478,0.06921012512202278,0.1482190091268177,0.06600427257271312,0.11874220433581475,8.888315,6.3519073
199,4,7,False,L5/6,402.0,0.01362893970874089,0.004216955302957096,0.012059002552142472,0.029290350925447264,0.018844269097870087,0.2062059150404357,0.24468097505639327,0.11748325491001774,7.340411,6.12956
199,5,7,False,L5/6,3000.0,0.01658545341383969,0.0029953328852553376,0.005481177843470884,0.1112634302929011,0.05951305795330567,0.21981843007477905,0.2799131672161063,0.08943950734149714,10.11427,3.195108
199,6,7,False,L5/6,221.0,0.003256498705937481,0.007000994754477164,0.0118547527488775,0.07420698900821009,0.06929326130928896,0.22877715844463628,0.15086548674534367,0.1130379853651134,8.288559,6.3875904
199,7,7,True,L5/6,213.0,0.01152178245363959,0.00016747067224123514,0.006550631814997349,0.14592936460500905,0.0,0.21355308753789215,0.06265889876969799,0.08135808634552096,11.551637,8.00398
199,8,7,False,L5/6,218.0,0.021964074536374806,0.001191800784936536,0.00347223116548081,0.05037534397191031,0.010230707972331709,0.08509363401626861,0.06186243973582221,0.20891959376208039,7.921063,7.383079
199,9,7,False,L5/6,225.0,0.010926949571674742,0.012551427502385373,0.002004745882810342,0.0012618400509856417,0.006934968709099334,0.004467037352923672,0.03778043359533604,0.09200401381730419,1.4028107,10.536087
199,10,7,False,L5/6,1114.0,0.01340090933024779,0.003400319879693095,0.0055202376110000855,0.039830207429580614,0.10737063506258976,0.1478442291845693,0.16942805135249886,0.1813389374367282,8.624111,3.4831405
199,11,7,False,L5/6,1572.0,0.0002983438588395652,0.016633469058712436,0.0024227532983382457,0.0719200821397059,0.16118212859061126,0.05019537388809786,0.04768488929265537,0.07323462103249032,8.846111,1.9565423
199,12,7,False,L5/6,339.0,0.006237817996079846,0.004930872935211776,0.0062118215314926496,0.07904691503506128,0.05980850219242311,0.22472000851721466,0.21607650914975982,0.0901453852927337,9.839295,3.4575748
199,13,7,False,L5/6,327.0,0.018990525658177496,0.002045902235438787,0.0016633805332728205,0.00039382605778248806,0.060721593521219835,0.05167982924424923,0.21657575728362796,0.15757899073109138,6.652957,3.8217626
199,14,7,False,L5/6,1370.0,0.013680430889164362,0.004982374620256349,0.010614227340489156,0.0031642120312317225,0.06996554404321159,0.13251697090412012,0.13868440259712503,0.19715075931787396,6.0643306,3.2136822
199,15,7,False,L5/6,737.0,0.013329901566423753,0.0019359487572590914,0.012149626343677153,0.10562272928258655,0.12423063007337283,0.20180446132014276,0.142817051187367,0.05844980091240217,10.322818,3.9373164
200,1,14,False,L4,3892.0,0.0031610657619528673,0.007511548983287733,0.011647533893919034,0.1341765131985002,0.004695382972751974,0.18283181977616134,0.006747743163149746,0.060943593424601664,10.689835,8.158261
200,2,14,False,L4,2935.0,0.038614852756732695,0.02078686487432872,0.01326523808856184,0.004362072887465043,0.011578031726347533,0.010824196613076952,0.30151419596571327,0.30636700704651026,4.6863194,3.11378
200,3,14,False,L4,3500.0,0.10711358120513764,0.03010285483857832,0.00846860821107141,0.0,0.0,0.0,0.03140246091132937,0.33614013091177286,-1.0660292,9.01877
200,4,14,False,L4,7348.0,0.0033086945371385104,0.009581501126392224,0.0050381567094384145,0.06216739423272553,0.10286442242424954,0.010927428384757007,0.2289481997180538,0.1270220721802688,6.995103,2.3214872
200,5,14,False,L4,5194.0,0.005820870707602948,0.006631060272028268,0.004042481647241293,0.049148083989277835,0.11104694068472155,0.018899690319841983,0.1352896966158471,0.10088881050148306,8.380714,1.9372464
200,6,14,False,L4,2493.0,0.07685713020748125,0.01787926941896026,0.01245764962551511,0.01814355541563496,0.0,0.02183388659280486,0.0051619972577624,0.403660629213788,-0.1394258,8.724844
200,7,14,False,L4,3550.0,0.08378720982427892,0.027395222850057372,0.004739834080743608,0.0001679376638484852,0.0,0.0,0.0,0.2073438174232334,0.07920368,9.951662
200,8,14,False,L4,3557.0,0.10269966977902348,0.02484619365858791,0.00805777469964135,0.001822572333513154,0.0,0.0,0.0,0.05372167198617044,-1.0359769,11.017484
200,9,14,False,L4,9872.0,0.010047242033518927,0.00803773798090886,0.0023228806145822773,0.07818708435579927,0.008979877556538922,0.18215740702046182,0.17294384853983094,0.22702002343424948,8.06896,6.935163
200,10,14,False,L4,11006.0,0.004422761290748069,0.008406942565775335,0.002669722587397348,0.11501536895131652,0.01477577669372304,0.2991105037141451,0.14110666629456248,0.0741822098000984,11.182361,8.394687
200,11,14,False,L4,2519.0,0.0034531340356576796,0.01083235569989611,0.00667158480305425,0.05113806925625778,0.07235248836470573,0.019435182076506057,0.09647249518284362,0.11649543400912829,6.9232984,2.4718852
200,12,14,False,L4,4681.0,0.010006535818401387,0.007146721694685715,0.002100104415448408,0.06502417978510557,0.0236301829827763,0.2424882229175033,0.12707398338661108,0.06676049733869031,10.538244,8.319977
200,13,14,False,L4,4304.0,0.004517787515161809,0.00634431680801223,0.0045017852207223435,0.11926442213950243,0.03545941107899207,0.07839435957729342,0.12648283779497882,0.17008301217148167,11.26055,6.78034
200,14,14,True,L4,2181.0,0.02147867501269489,0.017778979563168405,0.01037509763892028,0.034998359288747526,0.0,0.34293022512774285,0.0009089464488475434,0.3929980592483349,7.575292,8.778725
200,15,14,False,L4,2576.0,0.01463983231589025,0.010465079088936955,0.012002180203374202,0.029448640862354082,0.02491950029509725,0.22639324724762894,0.2063680207465796,0.10442808806009281,7.1337013,6.30394
201,1,14,False,L5/6,991.0,0.021875906877078473,0.002619944613731303,0.009908897573607358,0.0826639840396851,0.01904316681637898,0.2069691607513214,0.1504235396057943,0.13242851126207458,9.488726,8.372577
201,2,14,False,L5/6,601.0,0.00012644112442363137,0.005176238623515568,0.0051687590033131,0.17050077948776607,0.0,0.1919332977235137,0.0554697336049884,0.14646625678731195,11.042421,7.6382437
201,3,14,False,L5/6,3109.0,0.004802234341950587,0.00787766278852057,0.005551320313992918,0.0630812833782365,0.11212984914918706,0.11395469126597255,0.13933054751559848,0.09969268035126214,8.8583145,2.260204
201,4,14,False,L5/6,565.0,0.07152666952887601,0.029759785740087023,0.007392892518471314,0.0019651244732967962,0.0006709575264869466,0.0,0.0,0.10285097654741618,0.001310059,11.307055
201,5,14,False,L5/6,572.0,0.01919681531593846,0.00015502210642916742,0.0008745811246078694,0.04487797232213374,0.07679818913658537,0.24239168659282517,0.22533177010202432,0.17742175527561865,7.72586,4.805139
201,6,14,False,L5/6,682.0,0.011587158960428749,0.0004486504587257177,0.004913692537968787,0.15698524613578635,0.03647388940670117,0.042948937242484574,0.1545550389109027,0.17695601558848048,11.286757,6.7352858
201,7,14,False,L5/6,546.0,0.004841863854429623,0.007985840202012345,0.009256706808641624,0.04897063129487483,0.006997213528308661,0.18558436605237594,0.01101636691781422,0.18289603456043613,8.588632,8.141081
201,8,14,False,L5/6,7620.0,0.018840325839910462,0.00185981580174779,0.003689171106833379,0.13810531914514113,0.007668720639818717,0.15691602389869233,0.10236085735560072,0.13786441074489858,11.134297,7.513225
201,9,14,False,L5/6,603.0,0.002837311422032728,0.01083246650521089,0.010929889426446895,0.02325387166753441,0.03840572940413171,0.03521587915705826,0.21667339259998336,0.165547109573766,4.9439015,2.6849077
201,10,14,False,L5/6,630.0,0.013755190562249334,0.00445469275126326,0.009022600380676982,0.06494057537256623,0.010306453155485045,0.16741715657538966,0.004890294553509317,0.2776014344805578,9.863564,7.000864
201,11,14,False,L5/6,3389.0,0.005551351965599727,0.006818730582937675,0.005828841378362421,0.1116559197578073,0.05025042390106607,0.30609242952664034,0.1887634723708847,0.08358116070712664,11.184972,8.310834
201,12,14,False,L5/6,4660.0,0.015225206667004377,0.002762735730466107,0.0029806514593238636,0.017324944065055317,0.12389965974633688,0.036628169488182406,0.24042458398693184,0.1930838165122735,7.842325,2.698816
201,13,14,False,L5/6,1138.0,0.020582472959723555,0.002161424152277524,0.008484219334188997,0.022786898423148086,0.12244921093822683,0.14356215506198766,0.20672419889507068,0.12596555381419103,8.535844,3.185207
201,14,14,True,L5/6,536.0,0.0005675710416525809,0.01468677593815657,0.008388791518907635,0.1306258888137381,0.03422013655521273,0.22109616320688585,0.09273897664640451,0.04237417539321315,11.321766,7.6318045
201,15,14,False,L5/6,790.0,0.0015812083123323277,0.0075294239514492375,0.007883664019223408,0.13596955684496512,0.036972394369575,0.1871120415439749,0.14493284316032515,0.09004455050685582,11.394547,7.8667755
202,1,5,False,L5/6,10240.0,0.004066847379375473,0.009940738693942219,0.00441469827433488,0.06563682849820315,0.11785512512023782,0.0007467749765932819,0.06585331048661215,0.20033990053384138,7.4712205,2.692663
202,2,5,False,L5/6,3415.0,0.024924775887849977,0.010115419660756875,0.009724985046423796,0.03466841516911691,0.03568674687632921,0.047554340456638415,0.15465297592160318,0.22663750135921146,4.8428226,3.6722448
202,3,5,False,L5/6,3774.0,0.013001418097541323,0.009700551105949069,0.010707181650072048,0.039028145562664374,0.046953670481231675,0.17112285576345096,0.34964540122990745,0.09344933682238221,7.579274,5.9017944
202,4,5,False,L5/6,10378.0,0.0005437372734340105,0.014773448976560319,0.0007779077343231639,0.16167445244322887,0.06850776937206125,0.18935948842260236,0.08255136778545948,0.0789522438102679,11.69749,6.522352
202,5,5,True,L5/6,2972.0,0.07373832416049936,0.00910248740432148,0.007727226074936966,0.016401200881582062,0.013434336860727217,0.00951561674931034,0.0,0.12611868936546697,1.9232367,10.14747
202,6,5,False,L5/6,4706.0,0.0077513098805847055,0.012222629211035264,0.0026480275129695152,0.038484672384854084,0.030259914214132044,0.4313291682785418,0.0,0.07803510385529604,8.699532,9.604211
202,7,5,False,L5/6,9272.0,0.010804027844820175,0.0063223854905596795,0.012797258657074928,0.0833107554476327,0.11515002451066246,0.24776698265831895,0.17546611110988689,0.10116227017116612,9.954872,3.9061668
202,8,5,False,L5/6,3906.0,0.02350938334533952,0.010862615610050407,0.0052952213923339675,0.02275080065015749,0.02278004476353938,0.14169975537340665,0.21967178607634663,0.1317994345321469,6.5974207,5.3787937
202,9,5,False,L5/6,8169.0,0.001176765309627809,0.015125992969187041,0.010894884921974749,0.14661464145823022,0.14227570235695622,0.163479524159123,0.16317428700142017,0.17250148055883732,10.201041,4.6230755
202,10,5,False,L5/6,4462.0,0.013098296652464527,0.007285092632552582,0.01270852092322427,0.07139390389086862,0.06704570514985533,0.3208195164024469,0.16977339076884201,0.07796997870578071,8.148649,6.4008536
202,11,5,False,L5/6,4889.0,0.010433589277216996,0.007812613604493675,0.011878726944925349,0.05151164344812687,0.08294825913888651,0.0,0.18834708611124573,0.2591094224744338,6.3372264,2.8374934
202,12,5,False,L5/6,3754.0,0.05014176661436396,0.025922096287750475,0.002543443645774533,0.007576213330634424,0.008592812824345073,0.029421760794527213,0.0,0.18781645033193559,0.5482917,10.164103
202,13,5,False,L5/6,4826.0,0.08024239126009974,0.009748513464278548,0.011342856006474576,0.021901384778705853,0.018735509293112455,0.0,0.0,0.10476557190375592,1.9761307,10.114326
202,14,5,False,L5/6,3888.0,0.009154870336174906,0.009717132746274384,0.012094984914539605,0.06575100949011008,0.04865098646045165,0.27551234383600814,0.002274353845206861,0.12775740722064413,8.952186,8.818327
202,15,5,False,L5/6,5023.0,0.004639925095533951,0.01261754280069554,0.008615751658976175,0.07508408974780091,0.05430982450338884,0.23608978472293646,0.0,0.10571797746884548,9.4657755,8.391451
203,1,1,True,L5/6,1050.0,0.016109493088504324,0.008322386136582824,0.005473143402080398,0.005482612366641113,0.021145496752155723,0.0005956042693967539,0.2544956628305628,0.1536957865744201,5.1539083,3.1084034
203,2,1,False,L5/6,1115.0,0.0063999092712136805,0.009394240646607124,0.005376516039835095,0.022571025531350607,0.017615535713477487,0.3139920041718768,0.0007601857428856959,0.15975753270625476,8.239167,9.122034
203,3,1,False,L5/6,1347.0,0.08275465695379004,0.014555264327271592,0.0066633201623197405,0.00013938344215518215,0.004777361504987288,0.0,0.0,0.18298844152566932,1.4522938,10.291824
203,4,1,False,L5/6,1219.0,0.006250975237142342,0.009870469000411174,0.0031658349457739797,0.0171440366980223,0.010173929428165293,0.2946269029514088,0.01032273717414745,0.10960700052605676,8.475492,9.440595
203,5,1,False,L5/6,4480.0,0.011306911458942723,0.005857540269116563,0.006625585152044891,0.07798845665976335,0.09692999142399315,0.2578501341866603,0.292274995211101,0.12604492971401415,9.743227,3.1045961
203,6,1,False,L5/6,1197.0,0.04966505478366696,0.008289180208434554,0.010328432341692069,0.003731358849126733,0.005542623664437786,0.0007916740550786124,0.0,0.17983246229881075,1.923888,9.892941
203,7,1,False,L5/6,1280.0,0.005982079424426167,0.007466446763013815,0.0046430182113752026,0.02527574327638522,0.03996074012572201,0.3233740723986996,0.003257960582517311,0.08598454318487843,8.748871,9.527234
203,8,1,False,L5/6,1203.0,0.00010008884872327854,0.00010003020198817672,0.0018678913178133457,0.03934797644615173,0.15232396125793457,0.04185279458761215,0.17799369990825653,0.0596737414598465,8.516248,2.0091643
203,9,1,False,L5/6,1991.0,0.006473176018335439,0.007365666533433803,0.010659247573738054,0.08562144402645962,0.05196302606645715,0.2637000611247683,0.20256550831502795,0.23014519284105384,8.4848995,5.6688247
203,10,1,False,L5/6,1151.0,0.017505539960614436,0.003961037186856768,0.00785980245317325,0.02163623857408179,0.04752173391149321,0.22291628953269982,0.15291483414366475,0.05917989551847521,7.0996203,6.125928
203,11,1,False,L5/6,1324.0,0.0006113132499918347,0.013820005719539412,0.002060038681279408,0.06123488848272138,0.05595610844338691,0.16615449828141587,0.0,0.09169771698818655,10.212552,8.304156
203,12,1,False,L5/6,1411.0,0.06636330598715054,0.004959323224156771,0.0057289318357478455,0.0,0.0038350567804763223,0.0,0.0,0.11766457354319096,1.8932663,10.222428
203,13,1,False,L5/6,1399.0,0.001834725372423137,0.00010129888459603064,0.0015096575941916594,0.16834626818873505,0.097398069755656,0.14149422471629156,0.03368103569482557,0.1688300521263134,11.931337,4.4289017
203,14,1,False,L5/6,1241.0,0.010329442880884035,0.0001,0.0017564400001627168,0.14085571124937815,0.08822411434565215,0.20811774562663518,0.1213385300190114,0.20419817386379702,11.239991,5.342647
203,15,1,False,L5/6,1220.0,0.05495750768701882,0.0285247950963172,0.0042035803127678665,0.0015282703351123265,0.0,0.0,0.0,0.14522769135969393,0.6147963,10.808399
204,1,5,False,L5/6,180.0,0.02143868188154576,0.01242222433077427,0.0084621887354938,4.4340176844005855e-05,0.007830194108163088,0.021760379470671762,0.1508506129172709,0.12859819238348552,4.302764,3.3411386
204,2,5,False,L5/6,1120.0,0.008554480364477222,0.004979023722311504,0.01121732462786007,0.08076911041264472,0.10902204677178204,0.16091139545645688,0.14568595791027186,0.23491658705440874,9.424979,4.7734365
204,3,5,False,L5/6,202.0,0.01098721355414952,0.003529165728586586,0.011754760717494987,0.05387182895390316,0.015827223855810448,0.2245313733966075,0.1390422168513348,0.22017780269997494,8.817258,7.4519744
204,4,5,False,L5/6,441.0,0.016763174581621416,0.0034801109188339237,0.00446543015168407,0.05953187584531667,0.0,0.1304335242121787,0.181571086090224,0.1853649867319518,8.02608,7.005757
204,5,5,True,L5/6,168.0,0.01908342664498696,0.006388260162322652,0.013240602869382773,0.0,0.0009641281784972749,0.0,0.22399952586249564,0.16703281381354967,5.125285,2.9834845
204,6,5,False,L5/6,187.0,0.011279629023980017,0.0030827143714134667,0.011755035675084477,0.040186180104019746,0.0,0.2565386645122138,0.001973756355067192,0.06083687709991176,9.205521,8.982786
204,7,5,False,L5/6,189.0,0.0010736881991146967,0.01037395390632211,0.0072420960861660924,0.08865905089664662,0.05386939459939238,0.19020268024965745,0.20477415954253672,0.11271447973560655,9.535351,4.1402283
204,8,5,False,L5/6,184.0,0.02080013834237403,0.010063541284680764,0.0022787649025474074,0.005053509820675223,0.007655502798392769,0.0995680773727355,0.23044550927142063,0.10814749229370936,6.5665784,5.291945
204,9,5,False,L5/6,2714.0,0.009454155570158497,0.003566401219464007,0.0073109885899718605,0.1237568249014009,0.07518535453908748,0.2296222054781432,0.22662588254958682,0.163654208433495,8.967975,5.2387342
204,10,5,False,L5/6,1026.0,0.013669515203695142,0.0052182771550827265,0.0045740493276233895,0.01610283245425058,0.04773751964806504,0.17152665536932687,0.21046850289316418,0.23898198862437067,7.3157735,4.325238
204,11,5,False,L5/6,296.0,0.014460775753033929,0.0017741413958645867,0.00915603109835338,0.04622148652989837,0.1110984669955342,0.14404780788758492,0.16812132085966064,0.044116826188440865,9.3114,3.4958446
204,12,5,False,L5/6,2130.0,0.014433784763357155,0.003623841618098054,0.008302594331149625,0.07381693138514347,0.08798478896293854,0.2676003017842366,0.150014649116308,0.13648626268991107,9.535943,3.8579564
204,13,5,False,L5/6,778.0,0.004659074493265881,0.007805576002820555,0.009225271792105472,0.015592011280874745,0.10325224912856351,0.2187088890861389,0.11608260785939363,0.20446628372210698,8.547982,4.0272098
204,14,5,False,L5/6,170.0,0.07401900506418545,0.02954555667059243,0.013996366709254277,0.0,0.0,0.04793611188528119,0.0,0.08761101889323061,-0.12214539,11.460288
204,15,5,False,L5/6,883.0,0.008252892191708711,0.006865240710516638,0.0060036652455546695,0.05715800981859224,0.015056254136769967,0.3059332789695749,0.17981122265114124,0.12221832368734505,10.494581,8.839085
205,1,9,False,L2/3,1938.0,0.018250033077905316,0.0017397513637247648,0.002151674451101155,0.08452920968673909,0.1255650914034242,0.092019704737092,0.14197836195762178,0.10008886338810961,9.116896,2.2119272
205,2,9,False,L2/3,933.0,0.047566427179890035,0.027873170291712483,0.009742586182836353,0.0,0.0030589381638296276,0.0,0.0,0.20482861390035764,-0.15753429,10.350509
205,3,9,False,L2/3,1800.0,0.005418079088998125,0.004467178425626644,0.005794728762691632,0.10601236631526732,0.12002979194639565,0.22500945277602422,0.13142313043933837,0.12022565920221726,10.682467,3.593287
205,4,9,False,L2/3,1547.0,0.008486158875064225,0.004248298036658146,0.004227244739094458,0.07985725487628942,0.07181414141236998,0.2031035077318696,0.049387288719332546,0.21483108926018232,10.697955,5.69204
205,5,9,False,L2/3,1274.0,0.011232997040309561,0.0019156710652472504,0.011517927907837759,0.13252007727696213,0.11442262164274279,0.09994287197459141,0.06053513491510183,0.09114772194970017,10.528641,4.0945597
205,6,9,False,L2/3,2038.0,0.005727056976339436,0.006237233408716731,0.00734700796261735,0.11538379465006045,0.00014189363319594395,0.2592745401083096,0.06573893313890153,0.10621389916351615,10.773852,7.9914556
205,7,9,False,L2/3,1008.0,0.0024450994482666456,0.004012685987966039,0.010404599086741535,0.13701235223679104,0.0,0.09402162246923561,0.0023950218682203526,0.13084785218583825,10.049374,7.550701
205,8,9,False,L2/3,1001.0,0.0007597082070726953,0.010261905310674817,0.0053009080897686925,0.12523442660794115,0.08397391624067316,0.1573881680452813,0.041385307245752186,0.03968801957644887,11.621597,7.1409583
205,9,9,True,L2/3,907.0,0.0019463239253333842,0.012059822295592418,0.0066772016481630525,0.012521406439781883,0.05316494626783036,0.12479494233758501,0.09364323110957641,0.2100648941733642,6.975946,4.5302653
205,10,9,False,L2/3,2035.0,0.011278551628510223,0.007412940165697689,0.0023682365960404454,0.009241810470318239,0.042103014762015424,0.120405736972259,0.1583628974343944,0.08439868949827609,6.517313,5.0555596
205,11,9,False,L2/3,980.0,0.0015848310892522502,0.00010050280631438003,0.0112289216867149,0.07784995436668396,0.18470659852027893,0.017474869266152382,0.1907270848751068,0.05928916484117508,6.4657345,2.1338315
205,12,9,False,L2/3,2993.0,0.018301580907461777,0.002015077292305677,0.011538334750319944,0.12990591649379551,0.12787592363914058,0.19118470426288625,0.13155122610773928,0.09015173960259693,10.470901,4.033142
205,13,9,False,L2/3,984.0,0.014441647555461361,0.0001,0.008360826336436759,0.06605540127910724,0.0595743305813998,0.05356387478374974,0.08632881573387262,0.21076028254349335,9.4818325,5.967399
205,14,9,False,L2/3,3042.0,0.005070512926397091,0.007193626470715772,0.0086520797849245,0.06484685564093334,0.11505084812667526,0.19411968781095315,0.17749634174971726,0.11767859197792155,9.616812,3.7040818
205,15,9,False,L2/3,7453.0,0.008727680738968732,0.006076676952447391,0.0060702553190726165,0.07768776537149458,0.09820497337481512,0.2110522389525626,0.18734954217462027,0.12249899159990126,9.741467,3.2444987
206,1,6,False,L4,250.0,0.0023497053840127874,0.009476333006919514,0.006465794545817426,0.034368752746180245,0.0656697987187735,0.23778565993928066,0.19005794588956104,0.17904149163015198,8.067924,4.965707
206,2,6,False,L4,794.0,0.009609906100702061,0.002907881567460185,0.008770123547612174,0.08027513998340072,0.12737199630611984,0.17880216111748973,0.16669234765828098,0.1658774297060414,9.145055,3.8812628
206,3,6,False,L4,36.0,0.0023740414252605632,0.0014732820930339848,0.007505740655057357,0.12556072637803586,0.0,0.09338871208291609,0.17514527235724314,0.06194817020850471,11.6313,8.18938
206,4,6,False,L4,191.0,0.02047858302737439,0.0022523209629861664,0.004904299596085069,0.055280136346135295,0.015664968610407785,0.22101416964311937,0.10237492063282014,0.08347571630217858,10.492325,8.541781
206,5,6,False,L4,152.0,0.008196231654928526,0.003723426621904246,0.01143381733346608,0.06956258964664357,0.014083600026039722,0.23660652045480068,0.08198218257227324,0.1820255041643982,8.855259,7.680697
206,6,6,True,L4,32.0,0.0001,0.007272858756268407,0.01550804717130436,0.09583151046017875,0.024758704102955324,0.1612673902059523,0.21845051323848724,0.1274382613288054,12.940742,8.649648
206,7,6,False,L4,35.0,0.020632806454043744,0.0007048418990467535,0.00751034967154169,0.015011954881258895,0.022832902173722098,0.17234106374502167,0.11847747557360644,0.14959533743211106,6.8949347,5.666257
206,8,6,False,L4,39.0,0.00010016038853802387,0.012509605613905067,0.006744787705458663,0.056194491953519915,0.1360357202629324,0.11415354390170834,0.22080216806193634,0.048201150076517416,8.8535385,2.3655064
206,9,6,False,L4,3077.0,0.0062422706054363584,0.005781830680050693,0.013610179358289504,0.1071153759571251,0.08050511036142456,0.3100556674131282,0.178399838433059,0.17836422526402476,8.498116,6.1791787
206,10,6,False,L4,11016.0,0.00702749681697953,0.006689831202716692,0.0037205119063137213,0.10077915348849224,0.07223940290804653,0.22909273056813906,0.10955593459920432,0.16737059926707265,10.84884,5.783668
206,11,6,False,L4,134.0,0.00021886048371325644,0.011550639262906566,0.005562474252763802,0.1615305672996017,0.15284383659143894,0.0882613884615401,0.04507020103613546,0.044453638925825704,11.762742,4.6967926
206,12,6,False,L4,95.0,0.013731087732457344,0.0021223846160405018,0.003801702818885434,0.05170714865156038,0.062031658417736654,0.20184518662983914,0.18523294278347713,0.07092050705313048,10.042357,2.4829166
206,13,6,False,L4,39.0,0.025224935615861577,0.0024456057693171226,0.002242214949267062,0.007929622574528637,0.00865095117476594,0.1628908628851414,0.18622240331067094,0.13620803187291428,6.7391195,5.4133773
206,14,6,False,L4,249.0,0.0064528817848021214,0.0038776729231302437,0.002888686935861716,0.07990703764443516,0.08419536599208209,0.16510568173181486,0.07173432090423783,0.20355384908872873,10.801524,5.6736674
206,15,6,False,L4,39.0,0.07852864855736538,0.028530506260192115,0.021958486766581437,0.0,0.002082068999214695,0.0,0.07802945457971475,0.2689364416343519,-0.8036902,9.313679
207,1,4,False,L2/3,44.0,0.00015215131390659728,0.005137888002233278,0.005191762461579345,0.06307823683203514,0.17282079389726276,0.0391775461317631,0.1850341169923369,0.19892327413815178,7.4775796,2.7704465
207,2,4,False,L2/3,195.0,0.010906414475735333,0.004367697487869161,0.007705192046649574,0.0,0.02647777599384764,0.15380094889723114,0.12913479068843559,0.19534184858682993,6.991788,5.515459
207,3,4,False,L2/3,75.0,0.0007085054127411435,0.014510842998048838,0.008664956541331712,0.0014559608894000593,0.03939048955973543,0.09605290553501852,0.15106944528948837,0.09129105880245066,6.5418305,5.6751895
207,4,4,True,L2/3,43.0,0.0001,0.007155099591458398,0.014570108107744865,0.0,0.08178326392785001,0.17079343204137146,0.12987374969659704,0.21536440551428815,8.465285,4.633698
207,5,4,False,L2/3,44.0,0.007418607589544659,0.00010155465638666434,0.030704971974004486,0.03723783184420463,0.09757232605661958,0.09824483629400095,0.08804764947479371,0.048996940255111546,13.380294,8.92925
207,6,4,False,L2/3,5277.0,0.017025480066443503,0.0029415013484141183,0.0029459656881606184,0.08820692429761953,0.10935654041443395,0.17632674548811036,0.17369557053033652,0.2193927093818516,11.192387,5.1999445
207,7,4,False,L2/3,1156.0,0.011762769158343307,0.001763536224292923,0.001979259957978594,0.15300698547111058,0.0666498805434339,0.12986552447819816,0.1697613052133965,0.09620988761694707,11.777505,6.670242
207,8,4,False,L2/3,194.0,0.003655895438581284,0.008502596006412797,0.009119395231545995,5.192277239235751e-06,0.05580027184202554,0.17740393019446352,0.14097160263130915,0.24059724017231499,7.1080475,4.745005
207,9,4,False,L2/3,2816.0,0.00728979290059786,0.0061778062628799636,0.005896127280856281,0.058725872811897145,0.11183211684838552,0.22591609053124848,0.21102436489505483,0.2649456140929108,8.112039,4.4803624
207,10,4,False,L2/3,520.0,0.01581440248782827,0.0028100992853361687,0.013307486929269526,0.004838963233656715,0.11342524687264764,0.19364413262792682,0.15120899123609574,0.11491557805658016,8.47484,3.103658
207,11,4,False,L2/3,45.0,0.00010796222034473837,0.013647099633477043,0.009654673500826287,0.10044774298598375,0.0018803203650099747,0.10429971469303796,0.032182261992489816,0.11972624132892362,10.261328,7.693462
207,12,4,False,L2/3,3464.0,0.018935654664361666,0.0029852073360607132,0.003534003483056373,0.0,0.11088368724740402,0.2683819582510226,0.16578584100044624,0.06962182725248153,9.207663,2.4255385
207,13,4,False,L2/3,48.0,0.007366371974501607,0.002431732603364672,0.003287208631990179,0.09216257366267837,0.00013302667302860316,0.22525273032131118,0.12877510482693869,0.16063577155776357,10.743004,7.7319307
207,14,4,False,L2/3,45.0,0.0001,0.004239506113164104,0.009108306046753476,0.11623049160985961,0.15087267756462097,0.095082363145066,0.09814704954624176,0.15741548549626838,10.95317,4.2913847
207,15,4,False,L2/3,48.0,0.009002239517986949,0.0007826389890573688,0.004064868703236015,0.056790725267643574,0.14774996742965094,0.1432885831940146,0.14101235389005282,0.18227432574398858,8.6062975,2.8162968
208,1,1,True,L4,375.0,0.027135937594935055,0.01338968671600578,0.009182497588720362,0.004374682488661117,0.007553831653784464,0.056591579596486245,0.10612103870537586,0.12758783360544648,4.3244157,3.3670475
208,2,1,False,L4,378.0,0.0001,0.012239370021032701,0.009466770480110829,0.05111100105061992,0.16229397730987452,0.17093938113648716,0.11392584328633137,0.2013552736344813,8.815762,3.990495
208,3,1,False,L4,381.0,0.00010001571023626002,0.0065352098436041355,0.011485047982299098,0.0,0.051777853311041955,0.20672308408412166,0.21692929654998128,0.15025996017379709,7.1914167,6.086632
208,4,1,False,L4,382.0,0.05862799921317089,0.019437900714836285,0.010258485820677028,0.0,0.0019646070000614545,0.0,0.0,0.04991055170577945,-0.013557186,11.570098
208,5,1,False,L4,784.0,0.007836157249300023,0.003884250590885287,0.004267360229997265,0.07440359096109034,0.12109363224310882,0.24571336584335676,0.053376009508350974,0.2230420917005694,10.687257,5.2922115
208,6,1,False,L4,437.0,0.0036987172654074467,0.00010004376532159855,0.013548454596093822,0.0,0.03632366758545792,0.11618139038070971,0.08882215892021107,0.1683713668361725,6.0050945,3.1771228
208,7,1,False,L4,438.0,0.00203666401651208,0.003073382006885238,0.006055169282687899,0.1276537437668434,0.03598038584572049,0.21526949221181196,0.18439329563534987,0.1084556130641244,11.29588,8.208521
208,8,1,False,L4,454.0,0.00010003080963134084,0.007799402038044592,0.003755168934266723,0.1692747530640905,0.0,0.06820996592363285,0.1268246563326137,0.21865600216036937,11.102708,6.8864594
208,9,1,False,L4,386.0,0.004232093285344287,0.00010000011491451451,0.006231171865492135,0.14578626663041158,0.14827783132697464,0.15438638620451112,0.10667445038656359,0.0977951262231551,11.312105,3.8342419
208,10,1,False,L4,390.0,0.003543299641912527,0.007648167965810396,0.00744004497811201,0.00826649140711549,0.07501611987948774,0.08422179472861654,0.10782587685320068,0.1340190347099852,6.4084105,2.9668515
208,11,1,False,L4,431.0,0.0025393367040653747,0.011108357353022331,0.012585407529394858,0.0,0.04125806988653552,0.0,0.40893796678325,0.12417811982995965,4.7249002,2.6248577
208,12,1,False,L4,384.0,0.01043191536019944,0.0001,0.013571092548393504,0.07645164921743115,0.008176179037121225,0.17420062379248627,0.04223124786156191,0.15844795908607215,8.836218,7.9111896
208,13,1,False,L4,1762.0,0.0057130248992557356,0.006368268859216104,0.012579079665611722,0.10817938272559789,0.020118605684928455,0.22683849262684036,0.17693739728372285,0.12440667223751466,9.191744,7.612831
208,14,1,False,L4,399.0,0.023465410470589834,0.005731627074949282,0.009822577753309377,0.0018365247998527456,0.0007238358331487491,0.000721772837229206,0.0,0.06483608557816183,1.5806893,10.811188
208,15,1,False,L4,453.0,0.011227914538336688,0.0038430640535099814,0.006808218912060106,0.012483454131023843,0.05834326230237999,0.15164246579915563,0.17191924456000016,0.2180679063336855,7.212883,4.2960896
209,1,2,False,L2/3,418.0,0.02042612314535556,0.0013645093088404696,0.010557552096144285,0.07558896328452396,0.12616683298250556,0.13052882705797936,0.19299224554122585,0.07786568629893834,9.501186,3.7662718
209,2,2,True,L2/3,304.0,0.007341796046928117,0.0001,0.006546739377860669,0.03873038492264865,0.15919212725244206,0.0681495911153752,0.11336211076305597,0.11054063406063028,8.638238,2.1827228
209,3,2,False,L2/3,757.0,0.0036828221942590573,0.008583074907147591,0.005979066361110581,1.306907759362849e-06,0.1114199583899994,0.14352712966140918,0.0819007281872434,0.1505286240999276,8.357988,3.3277698
209,4,2,False,L2/3,404.0,0.003974923702040108,0.0034253621571022665,0.003469660565087676,0.10783244002473671,0.0643244620813217,0.15012746526695908,0.16038114867046344,0.21901429241910417,11.051468,5.8964043
209,5,2,False,L2/3,317.0,0.022110992207883373,0.014930980727982001,0.002921458753426897,0.0,0.008029276174676433,0.08155825750095393,0.15226960703795125,0.17365592417411774,4.2939224,3.4562447
209,6,2,False,L2/3,2047.0,0.01233118797867664,0.003795966589861313,0.010607267435840308,0.07368195211772251,0.1080134057611889,0.25262420064288377,0.10791539947613533,0.22621767247038102,9.444278,5.1876364
209,7,2,False,L2/3,2463.0,0.010844772949440723,0.006173826537954432,0.0029729064413164387,0.05898292787367301,0.07096771930534428,0.17606114114310514,0.11023736671673261,0.2416729065451476,10.470106,5.975529
209,8,2,False,L2/3,1466.0,0.008338466263399102,0.00514552125151002,0.010211437885228757,0.01722651048317932,0.10054125181715562,0.10391205005017334,0.11550311013126954,0.10046992582711847,8.419264,3.0738792
209,9,2,False,L2/3,1229.0,0.0006282992523696446,0.012493214630733405,0.003805517795079547,0.10757098254024432,0.16094947853421296,0.20223022423077755,0.05499035683531363,0.0914274504225895,11.3446045,4.2586074
209,10,2,False,L2/3,530.0,0.008485333373464318,0.0014650060647205154,0.005219730572058854,0.15033056599766026,0.04987627182659732,0.12877418310334615,0.23064668612247785,0.1398608352997213,11.439704,6.5131235
209,11,2,False,L2/3,825.0,0.009116915149449085,0.005657376902771458,0.012424211986479944,0.06923591507969898,0.06397667174910485,0.19964647084669443,0.12689653486817754,0.2691601934632055,9.236377,5.503941
209,12,2,False,L2/3,3521.0,0.012186490840951312,0.004451027229492017,0.006020353771792321,0.06059105904623225,0.1065444980687391,0.15966162269818537,0.17923047441246662,0.19406077840052122,8.620375,3.6371036
209,13,2,False,L2/3,499.0,0.01532613640176166,0.0018343059976659792,0.010975098929309958,0.10608812824757725,0.11246246533862803,0.09069186976935215,0.14568523858628932,0.12960334887033534,10.517258,4.1545916
209,14,2,False,L2/3,349.0,0.008213826099326086,0.002968470273379444,0.008971079726189431,0.09026191934781815,0.016913573707026664,0.10587399485274585,0.19800435163651192,0.08042803204863846,11.362822,8.431493
209,15,2,False,L2/3,335.0,0.0020957943824732907,0.005139892424078943,0.005795524655675734,0.0942672283864221,0.12118874983884323,0.1890870161614787,0.16217106854731395,0.1241589729805624,10.484466,3.5307677
210,1,2,False,L5/6,4329.0,0.07765193484983515,0.009993520045155099,0.01267900350639635,0.04922492732715077,0.017220974688787933,0.20554856256884965,0.0,0.3517018413205861,6.822783,9.446124
210,2,2,True,L5/6,3785.0,0.032873371840557754,0.024033242017227816,0.005511494276810844,0.018579463117930618,0.0,0.21472444836734958,0.0002642971854311664,0.10669042611339541,0.70588,10.47905
210,3,2,False,L5/6,10066.0,0.09341489929654821,0.031172907059028455,0.007109830769486767,0.015427241352852413,0.011399249871470769,0.1863737709896825,0.0,0.2951015299013414,-0.21810147,8.819862
210,4,2,False,L5/6,9126.0,0.003972041994005147,0.012700839218704666,0.010280446338842167,0.07380295111717203,0.09823484997864788,0.00020130414172192328,0.21983023867279156,0.23624159064157443,6.3244076,2.8064694
210,5,2,False,L5/6,6768.0,0.010404627211782383,0.007703190818539746,0.01131559177368749,0.07598899111912248,0.0777845476746074,0.17710275971479925,0.27039973165144043,0.1340113526191457,7.8398323,5.6604295
210,6,2,False,L5/6,5667.0,0.01042908188505865,0.010562986853248425,0.013025601677176759,0.058777253512070964,0.053245320849364904,0.15719518735592652,0.3473453827761469,0.13183911634482431,7.6887555,5.854802
210,7,2,False,L5/6,4163.0,0.057103848965084573,0.01583213375076484,0.007264678946533143,0.023776547399740482,0.014393792645492428,0.2622455193707631,0.0,0.21590202326048288,7.285874,9.194958
210,8,2,False,L5/6,5423.0,0.08335133048594187,0.017173678079255364,0.007973192430045305,0.027588954778820285,0.021300277579612517,0.11356028605143487,0.0,0.3351104471729043,-0.097318284,8.735087
210,9,2,False,L5/6,5358.0,0.015605769039180999,0.011608927697892863,0.012332708058390535,0.04644465181995523,0.03887708513569527,0.199423900733299,0.3140410291368307,0.16326294378623926,7.7344155,5.888535
210,10,2,False,L5/6,9417.0,0.011460088575771148,0.006224213823088851,0.010475225363430147,0.0915594963896202,0.1035537683321284,0.1632031855220444,0.10713026534522734,0.22784054638652737,9.635121,4.9809513
210,11,2,False,L5/6,3996.0,0.02218470445022549,0.024234288418653337,0.009678319767671547,0.03264844356681716,0.0,0.2312159966390936,0.011971543162731559,0.1555067123359942,0.6005232,10.3193
210,12,2,False,L5/6,9392.0,0.09105460023279027,0.024807748955108448,0.00820633737656789,0.027253224813217014,0.0,0.10536300383295283,0.0,0.3538127448644234,-0.17264451,8.724798
210,13,2,False,L5/6,10264.0,0.08133935979944101,0.027254603833750734,0.006027999853367553,0.0,0.0,0.06255832867477498,0.0,0.1694640267227379,-0.113807335,10.062561
210,14,2,False,L5/6,8419.0,0.011589215346639318,0.008842898288379792,0.0037023928567507945,0.07119543917719703,0.03854527343428427,0.286867057870938,0.17071053667051134,0.17232914714030245,7.822013,5.2060223
210,15,2,False,L5/6,3901.0,0.0806474529178741,0.009268924263966291,0.011797350143695777,0.042551842215888244,0.015600448530015389,0.27209945661097945,0.00036732868218602657,0.23505207630404132,6.8716755,9.485704
211,1,9,False,L5/6,1701.0,0.013512601584599973,0.0029506022489999614,0.005462434977106403,0.12051177873915853,0.03483501220081355,0.24743393133787003,0.2158089469881556,0.22942527033680385,9.509494,6.4876184
211,2,9,False,L5/6,725.0,0.008968139837872246,0.0040587059668291325,0.010224544380544032,0.06430183603534753,0.09635271588010043,0.17168396787221482,0.14237061269754264,0.17502319722201717,9.140465,3.988811
211,3,9,False,L5/6,2865.0,0.009188443947264043,0.00442507092227633,0.0017877984940276876,0.07568282399826697,0.12347308575064074,0.12757100844297656,0.05528969554833311,0.2384117455646961,12.118704,4.6177897
211,4,9,False,L5/6,591.0,0.0001,0.0033835401582887887,0.0014134270197549718,0.05576852438236089,0.0,0.2983522438257488,0.0014047862573815298,0.08064300660131143,8.812564,9.56169
211,5,9,False,L5/6,685.0,0.020984633891280132,0.00010604400041283553,0.007121287657510809,0.13257698067663654,0.15564575518244553,0.11120389704097368,0.11506019060735029,0.0626368646770889,11.3491955,3.712805
211,6,9,False,L5/6,584.0,0.019824432820798748,0.0036630584886749714,0.011361966337666903,0.05113802939511934,0.004726000607964475,0.19603374664782688,0.003835174344502891,0.09673355037298681,9.222455,8.685807
211,7,9,False,L5/6,1079.0,0.010479186011822923,0.005008425983418001,0.007460650412324744,0.01515328870960722,0.07786906810970516,0.025050731897512526,0.07102333549196024,0.12542472936462437,6.51164,2.8118753
211,8,9,False,L5/6,617.0,0.016288012652518682,0.015129490095707474,0.0026687446171573866,0.00220287834882258,0.009372215903018082,0.0,0.14839445571633358,0.11507388521618385,4.2779903,3.4328609
211,9,9,True,L5/6,518.0,0.010507989292311674,0.008020206401347528,0.009851337851418505,0.024891396138694812,0.01953933192322661,0.23846949202005946,0.18792401062453973,0.12264158974283118,7.1865563,6.3595333
211,10,9,False,L5/6,711.0,0.003997766592293087,0.0014334089442001152,0.00598477185345835,0.09863321078178415,0.0,0.15278858649087024,0.018690636385878548,0.2997405941989475,9.873083,7.013309
211,11,9,False,L5/6,850.0,0.0011780505216737601,0.01459553721922752,0.0030221113619669625,0.052504372996366004,0.07944659913986804,0.13990620930176167,0.18785126998956042,0.04425128947582963,9.950121,2.5292974
211,12,9,False,L5/6,2154.0,0.006109863679900688,0.0049857271344543415,0.007090552618643753,0.1131847965230627,0.015225208232857166,0.24852883908013704,0.038042271755896695,0.1269948290510969,10.729195,7.9759345
211,13,9,False,L5/6,642.0,0.004555798404341468,0.005293052301010908,0.009933293655442845,0.06081390894967644,0.10632765263375095,0.0041072488245532095,0.2418855343559067,0.039458388804651676,6.3568916,2.053922
211,14,9,False,L5/6,989.0,0.0126545219784714,0.002761383561029286,0.011877727476853398,0.10728393830020093,0.10909692137946637,0.09033724186428845,0.1654908536655999,0.0824511632189011,10.45168,4.08619
211,15,9,False,L5/6,2664.0,0.004332724634760755,0.006351398035854247,0.012316663927520885,0.11816686799129009,0.10425024301010125,0.1776013568723744,0.1810617245025719,0.07814690039076598,10.329041,3.9924707
212,1,14,False,L5/6,510.0,0.00013414736038384263,0.006813938128061093,0.0019964511529308353,0.0025523716452642204,0.16822005669158158,0.20965747014159505,0.10780540672822235,0.08898821486201054,9.135378,2.3609085
212,2,14,False,L5/6,497.0,0.014554183973216814,0.0001774395441577026,0.004423495742047861,0.14071095095190575,0.07512155061979246,0.10262848095049412,0.14427473378926692,0.13476046101492667,11.469273,6.43317
212,3,14,False,L5/6,547.0,0.022014272776753295,0.024339423399746058,0.009266062205262411,0.0,0.010187665017930012,0.0,0.3602093197061716,0.1451635947161099,4.4390297,2.848323
212,4,14,False,L5/6,548.0,0.002567209678500716,0.008876569947023391,0.011321840870119745,0.06433531450134611,0.09525205142714753,0.10039362850371064,0.10617378355442407,0.22697051051253395,9.162114,4.6001816
212,5,14,False,L5/6,543.0,0.006547823511195312,0.004593951644308167,0.003194756412414395,0.023796973516902527,0.06188112128864383,0.2998865663122533,0.2062815736241793,0.16230809098841478,7.404044,5.0923257
212,6,14,False,L5/6,508.0,0.06545463320899861,0.026412533902949488,0.008308917899705013,0.0009343002092000701,0.0007821415200781098,0.0,0.0,0.21951880830584272,-0.2316958,9.64429
212,7,14,False,L5/6,1288.0,0.014447216956384712,0.003383208295981451,0.008455930744742065,0.054247543096919634,0.10950421555510109,0.22384453803406915,0.1892028370221395,0.09158118139441548,9.593335,3.7253504
212,8,14,False,L5/6,1084.0,0.013895788832688482,0.00495728721905436,0.012007457783013896,0.056953724336736455,0.00013493639569785184,0.24429608436267003,0.10782173591410706,0.21580509005423426,8.796034,7.5927672
212,9,14,False,L5/6,5336.0,0.012168221491791835,0.0061987220282737135,0.0022876568543293706,0.06753939927849682,2.206349763746016e-05,0.22970196053012137,0.03219154055192206,0.09170734407742223,10.454387,8.482748
212,10,14,False,L5/6,596.0,0.05055739583124637,0.02537133257712003,0.010461978570756956,0.0,0.0011125379501826563,0.036680586912642074,0.0,0.0601391358479502,-0.02601177,11.563452
212,11,14,False,L5/6,526.0,0.00012407238750667183,0.009195034312322683,0.003868828564121867,0.146112605076875,0.03541826677539344,0.10143049638578,0.07152068142842087,0.17494060868945527,11.172895,6.8192296
212,12,14,False,L5/6,3029.0,0.010281391774176384,0.003880825454310932,0.0044222787481328785,0.12008393011414775,0.029699448329955608,0.23730170596398947,0.1781269528104402,0.07594883290472747,11.313999,8.23892
212,13,14,False,L5/6,557.0,0.0033313865011851507,0.00909737331109225,0.007770979307892457,0.04478915347565148,0.06595032674586804,0.144526419000669,0.1630311672619767,0.174229389328133,8.857303,5.9556537
212,14,14,True,L5/6,453.0,0.00010040772528600494,0.0008953190176243959,0.0,0.1759691848035913,0.0909806060386977,0.11111330104342051,0.03326697325593863,0.030478301950269498,11.8103075,3.8850846
212,15,14,False,L5/6,557.0,0.045956368454942706,0.024382688179126297,0.005612672720190368,0.0,0.0,0.0,0.0,0.07165606896463661,0.69972265,11.335769
213,1,7,False,L5/6,726.0,0.003605843209063771,0.008190910518665728,0.006324671386589132,0.02621559092148257,0.07709731719580741,0.12110948030283951,0.18739387664685583,0.2237682672568079,7.384085,4.0606837
213,2,7,False,L5/6,1068.0,0.006596424803730696,0.007937298839028542,0.007679522901430723,0.00033083472838467713,0.054793663702606944,0.024178970214844324,0.12631153698758218,0.11366919195531491,6.270619,2.8158681
213,3,7,False,L5/6,767.0,0.006356767421637212,0.005120466515522815,0.0032471569856416926,0.019681314406177985,0.0,0.35995836191731867,0.0,0.07831067998969535,8.72702,9.603202
213,4,7,False,L5/6,3596.0,0.01480822848555919,0.0058099517680772934,0.008071179205070979,0.06963277208968384,0.014099237693658293,0.2462855254652135,0.07941090576447239,0.12737688406445907,9.352867,8.495709
213,5,7,False,L5/6,760.0,0.11372810936992296,0.026845913333776963,0.006232310054038422,0.0009707651807462278,0.0010565641162106922,0.0,0.0,0.22431821949230563,-1.3740215,9.791155
213,6,7,False,L5/6,698.0,0.13394281124829072,0.030151754261982883,0.0055355909194093585,0.0007158259622036549,0.0011504066240602163,0.0,0.011309394932882825,0.15241913333304213,-2.19156,9.8028345
213,7,7,True,L5/6,684.0,0.0001,0.005432822304281246,0.0012455332394684907,0.04188731041600598,0.0,0.14151990220091942,0.27150420403666364,0.1251659570013073,6.7080045,5.293018
213,8,7,False,L5/6,2445.0,0.01612974513295662,0.005080375336736795,0.004720362318454497,0.0606401490789449,0.0002781610971797132,0.18223498156462667,0.01950332710965698,0.22012283789261916,7.9322567,7.6833477
213,9,7,False,L5/6,801.0,0.00010001431161935414,0.00033374165186255507,0.0013982474179217593,0.17324878002590863,0.030797963499365113,0.02906608097711602,0.143171253517206,0.12835595601855057,11.369053,6.886393
213,10,7,False,L5/6,2470.0,0.014307158846797837,0.0032676861195902714,0.008446179433345555,0.10314649270283147,0.01468861094558823,0.1622712825215459,0.0026750675307333468,0.21816183105290834,9.882542,7.1647654
213,11,7,False,L5/6,905.0,0.014167356923692994,0.012117486567480082,0.013564206883414174,0.0,0.01683830764537456,0.0,0.2958005493131312,0.1869708329820388,4.7712946,2.9299717
213,12,7,False,L5/6,795.0,0.0001000282249802782,0.00010001375285831422,0.0018519853178910202,0.023122844422785872,0.027036592364311218,0.13491880420517982,0.18604055047035217,0.06881847771718923,6.6227736,5.31003
213,13,7,False,L5/6,3957.0,0.01874304579381132,0.002984534660639823,0.0029174504017162217,0.07732016909095775,0.08574712668347534,0.17976370548702958,0.25105400744522977,0.08370813361710688,10.0843315,2.6094997
213,14,7,False,L5/6,1242.0,0.015210732147872467,0.0036228885553860166,0.009871821581131156,0.07868832525968168,0.018178750302959158,0.2061794451222934,0.07732166913969023,0.06095625801711426,9.38743,8.778983
213,15,7,False,L5/6,1842.0,0.00040971208921661154,0.015927293040252033,0.001973568473725606,0.16084400881061717,0.07357417088912616,0.14532366902685165,0.10035714654486538,0.18993047161761437,11.057322,6.644008
214,1,4,False,L5/6,299.0,0.10197411036739626,0.02908622637483961,0.00522444698938127,0.0,0.000690822920309598,0.0,0.0,0.1730261442826271,-1.2779284,9.893952
214,2,4,False,L5/6,436.0,0.005961515742956436,0.0028624218075495116,0.00966459502815969,0.0,0.14469118496757705,0.07133198413095561,0.1520926319653976,0.11491703876159891,8.4523945,2.9659464
214,3,4,False,L5/6,309.0,0.007762095868273787,0.0010125143870425076,0.008371845272563443,0.13747548596168005,0.05475256879295728,0.1308428647390529,0.11432110182787684,0.07596551354694077,11.659865,7.970914
214,4,4,True,L5/6,273.0,0.013189296978519005,0.005312789041454822,0.012751879281045682,0.004765297090769477,0.01173604380426986,0.0795505423248427,0.3918449286632948,0.244572582340176,4.7590938,3.0557756
214,5,4,False,L5/6,279.0,0.00010376841378421367,0.016980268355631784,0.010323556871176197,0.15969058810855805,0.07829027354967842,0.15903922371445683,0.1872601379915099,0.05821149411005105,11.616123,5.967677
214,6,4,False,L5/6,344.0,0.004072195196241309,0.0077374844885600485,0.007371784708529508,0.013701267571097669,0.0353922905270078,0.09697275754042554,0.21927166133818699,0.13767592529207315,6.459902,5.3273892
214,7,4,False,L5/6,4896.0,0.009029509817789914,0.006149063532104862,0.009650158435115654,0.09074488462734354,1.614206300916304e-05,0.2776791350902408,0.15944267528170558,0.2084260506230178,9.3173065,6.7844954
214,8,4,False,L5/6,410.0,0.005381027233163523,0.006341720373564524,0.01078862000945334,0.05870223115371717,0.01457655332285494,0.2867636824360461,0.11937236563081943,0.11527386798235056,9.083394,8.390954
214,9,4,False,L5/6,328.0,0.0072302021021444255,0.002884048171685048,0.011712821204466182,0.07872351529946728,0.12770962568322236,0.07639555095626505,0.07603550819185348,0.07418003498137808,10.44888,4.06457
214,10,4,False,L5/6,607.0,0.020057785083141415,0.0007011384822424694,0.0037419118902116723,0.00029079406800848457,0.1464280810328991,0.21308302900061446,0.1169141924891098,0.08954335064686517,9.195425,2.4336739
214,11,4,False,L5/6,1310.0,0.008464390226248434,0.00716698681853717,0.011048345449473876,0.05781913175460222,1.9186153642365587e-05,0.22768220200305767,0.2071127111086999,0.14934997829266697,8.262168,6.570271
214,12,4,False,L5/6,513.0,0.004222435652020527,0.007475592427706723,0.0048871195028673785,0.047249822967378875,0.03593679787176843,0.24153690492256247,0.17282333528260374,0.23431006934387175,7.5498147,4.920679
214,13,4,False,L5/6,274.0,0.0001,0.007370601146113642,0.005828019301188562,0.03208060737451361,0.1490878158817858,0.162790586525819,0.06086026499146101,0.1954667910651771,8.556186,3.6210005
214,14,4,False,L5/6,446.0,0.013480482724209908,0.003974927475770419,0.01253733001819326,0.00022978399045905335,0.07752518222795801,0.061987006605458084,0.17132941819442207,0.08774423236071262,5.896819,2.3258188
214,15,4,False,L5/6,7786.0,0.014398041925666209,0.004057112863010755,0.003376873176201671,0.0,0.12789608124427373,0.1505290876050737,0.2647936999174659,0.14277857931363566,8.102008,2.4788203
215,1,8,False,L4,3253.0,0.0030162695147695063,0.008724212332611888,0.007748382456919278,0.1054444316738141,0.08589799349255783,0.2541159483353422,0.15855724447038155,0.20514916601617633,9.768611,5.6143446
215,2,8,False,L4,9586.0,0.007674395221544345,0.006865256661795619,0.004716457384086392,0.06655604629002791,0.10931134238193743,0.18294498958244437,0.20700052338195182,0.12325747287075603,9.467366,3.007085
215,3,8,False,L4,1238.0,0.162359406724963,0.024585938809564428,0.012258418765658781,0.0,0.0,5.303701061994435e-10,0.0,0.14015971699752736,-1.8220237,9.851285
215,4,8,False,L4,2889.0,0.017575320555076934,0.0027355712683798973,0.007302090912825847,0.11932243669434635,0.05968622858460422,0.27765111386109453,0.14865836800349946,0.11188513651023,11.096707,8.277059
215,5,8,False,L4,1216.0,0.0005803701145923538,0.01727522193429133,0.006928656760049055,0.10283255610506666,0.08254782806480113,0.04416398460478624,0.14837753994061534,0.13328229505055067,8.984441,5.74901
215,6,8,False,L4,1224.0,0.04370684420905105,0.022339983191587,0.004541952086836573,0.00017582835938376865,6.636908891497787e-05,0.0,0.0,0.2138900588481336,0.53352433,9.969177
215,7,8,False,L4,1209.0,0.00010031408098748019,0.00010020081186267372,0.0,0.16570161010152176,0.10301030730298187,0.028977092275101448,0.16083285653584672,0.09693374484777004,11.468497,3.3899686
215,8,8,True,L4,987.0,0.014475633201831952,0.0039227608469389365,0.008659977616612333,0.04122866038938504,0.04526896779692309,0.3254913628150887,0.20374946735818725,0.3450731834640293,8.563378,5.44605
215,9,8,False,L4,2038.0,0.019290515831432358,0.002443099255677264,0.007744359841253682,0.0969115137723828,0.039369081563919,0.14210745917038414,0.004726518571258254,0.23150891280884708,9.892193,6.984811
215,10,8,False,L4,4085.0,0.011944127917037393,0.004930150750102318,0.009248458126299118,0.08916262680463632,0.08893805797743597,0.2198571838396532,0.19963868006681176,0.1864032738012831,9.208587,5.1823874
215,11,8,False,L4,1642.0,0.013445074888398113,0.00648183781992702,0.006700072022727321,0.0,0.05906897033071871,0.11403669883021712,0.22870987405263574,0.11003107190023066,6.452849,5.293591
215,12,8,False,L4,3939.0,0.012491878949155042,0.0048694638813922865,0.01233026033350749,0.090956795929385,6.635728330718454e-06,0.20967977574050436,0.12642908349854987,0.17821349925684138,8.961212,7.671215
215,13,8,False,L4,1258.0,0.0011569342714920006,0.015613851205676568,0.011039032421579751,0.059702828310231305,0.08330304017107062,0.07236910360600102,0.08152648232429303,0.07183485871884163,7.079356,2.0851245
215,14,8,False,L4,1249.0,0.06722908528107586,0.02215371142118976,0.00684363596001453,0.0,0.0,0.0,0.0,0.13408695876545296,0.34732273,10.900071
215,15,8,False,L4,1180.0,0.006886245466400734,0.008523563739661334,0.009231371084052312,0.0,0.04788472692947258,0.0031613422457145925,0.16307186206388552,0.18299322943311627,5.6482286,2.94844
216,1,10,False,L2/3,3621.0,0.012793611398064578,0.004271580864278021,0.0037625346392391695,0.08042001721672251,0.07358622849930797,0.2379670178488075,0.17730323599266778,0.05379129517889684,10.07003,2.513351
216,2,10,False,L2/3,1734.0,0.005352835028299225,0.010574876331040414,0.004443826044174686,0.012481493345757018,0.0534494718216597,0.005384459588536102,0.120234616984808,0.15561501395883676,6.9552097,2.9880633
216,3,10,False,L2/3,4488.0,0.016349171649336663,0.006216191539198981,0.007881440393720627,0.020462609058319783,0.08014247613646212,0.15717117354635768,0.24979214679430625,0.23580877270757727,7.3568745,4.193439
216,4,10,False,L2/3,3541.0,0.005138293448261875,0.008397507916010563,0.007128321674962753,0.04229570627655863,0.11904679018572539,0.15066452066641745,0.11638443739186131,0.16991524639725153,8.725665,3.7944028
216,5,10,False,L2/3,2326.0,0.11850126015161809,0.029559140044130548,0.00955598961778148,0.005575616004744657,0.0006903336080224193,0.002705992006327658,0.0,0.16793026355139964,-1.7486831,9.815859
216,6,10,False,L2/3,2511.0,0.004709147624368778,0.0046164180562143645,0.007435534972649256,0.129500975698131,0.13285054359361095,0.1785501842374812,0.23537189720955065,0.08756907241049762,10.573631,3.4818845
216,7,10,False,L2/3,2215.0,0.11520477188454088,0.03536210044224976,0.004691026601131225,0.0033869514632938794,0.0002613531705959149,0.0,0.003912739179355264,0.13755337955520372,-2.2202756,9.909346
216,8,10,False,L2/3,3370.0,0.0128642795073885,0.006027630910281423,0.0035206921310728246,0.027285519559029633,0.07874565335959637,0.2337008655094688,0.12474084333503938,0.19939691300725967,7.9127784,4.295974
216,9,10,False,L2/3,1705.0,0.012482432515310971,0.0061872833362982904,0.010954265779710932,0.039548904397552945,0.05937668609405912,0.2773902638611861,0.13888257479689473,0.10949089158569386,7.606381,6.3774724
216,10,10,True,L2/3,1388.0,0.06417615452371517,0.023858068503337056,0.010522472771891276,0.009515868229307448,0.0,0.0,0.0,0.2576017551829159,-0.35661998,9.285756
216,11,10,False,L2/3,1400.0,0.021878539244704075,0.0001,0.0004339569526589572,0.0239762796769185,0.1278865115222245,0.10555352327003704,0.08779756454889265,0.1602570923192186,8.315196,2.456337
216,12,10,False,L2/3,1438.0,0.0010549963625678335,0.0005430770426592748,0.0004407572218854764,0.099642744800906,0.0748941475627876,0.12232822236872205,0.11248373132719845,0.17087034074667815,11.161067,5.9479346
216,13,10,False,L2/3,1427.0,0.007016198490372456,0.010682494176238148,0.010798339113919489,0.04511041746737654,0.03560992599303183,0.2718268380599394,0.01124297684085133,0.26281016527377427,8.424312,8.053186
216,14,10,False,L2/3,1668.0,0.01070248041373187,0.006156412493452466,0.0036290625854128486,0.03904677205665678,0.04961932148865611,0.19563763907203288,0.1984974167544873,0.20929757757822948,7.5143046,4.5410295
216,15,10,False,L2/3,1612.0,0.006662000129085888,0.00967298396551917,0.010920784179128635,0.04356048231191695,0.037593001968458634,0.2906567689038319,0.056397150063391625,0.10745485517541918,8.974724,8.899095
217,1,4,False,L5/6,620.0,0.007450507473768768,0.002230691927997959,0.00405808796458452,0.11475222684373709,0.12923921734864527,0.06361618669718741,0.11561817117904945,0.09687309451200418,11.417795,3.5321014
217,2,4,False,L5/6,566.0,0.0356086186267506,0.02002227809667113,0.005767788186068069,0.0,0.006404721779745611,0.0,0.014800181404199244,0.08013577021694217,0.7709021,11.302802
217,3,4,False,L5/6,1745.0,0.0018769779613499638,0.01185964374049564,0.0028074271601847773,0.015676916104068534,0.08935663247909509,0.09134269392690213,0.08753740698684538,0.06234330493811385,8.330621,1.9445132
217,4,4,True,L5/6,549.0,0.025482283305137673,0.019080173944166952,0.009218465452353154,0.0032370375172965536,0.0,0.21067055769342655,0.0,0.062357231511197285,0.90973073,10.724737
217,5,4,False,L5/6,818.0,0.00779023512498865,0.006346783891492933,0.007743399328106494,0.03206219445662179,0.047868366068865596,0.18395854060340866,0.16810514368295204,0.1265625737970064,7.029958,5.669072
217,6,4,False,L5/6,659.0,0.012158476324884355,0.012110168914175325,0.003331765916868132,0.0005077583667267817,0.00012794906113106422,0.018028794606773053,0.0866817460764792,0.08753332813336398,4.2000084,3.5430694
217,7,4,False,L5/6,972.0,0.0004547181896302736,0.011702934424047594,0.00200381171203093,0.0,0.15968144969464368,0.07642069113773757,0.12603197936155763,0.1866189935972126,8.073589,2.5496643
217,8,4,False,L5/6,617.0,0.007001765574980695,0.0045105190703593635,0.00637347807394376,0.04821013262943711,0.019586040235563578,0.19042962038088865,0.014990476140500527,0.16084460831122502,8.101057,8.634554
217,9,4,False,L5/6,639.0,0.0022119928373390946,0.002907037935398486,0.008926355167796312,0.14890979700619242,0.04837990776472242,0.18235027944735582,0.026194964454047762,0.04382490690765324,11.134154,7.8647127
217,10,4,False,L5/6,576.0,0.009221340751908275,0.0001,0.004506301084814276,0.06327173020824332,0.0,0.16069123683106248,0.1025381497657839,0.19170039563882316,7.9506874,7.356668
217,11,4,False,L5/6,599.0,0.015876225010258652,0.00010935494414199516,0.0036045407534345607,0.11317435129879891,0.04089656199279535,0.12710093339870807,0.13146402214869327,0.169121725270657,11.245583,6.7734113
217,12,4,False,L5/6,3322.0,0.010592230549641032,0.002454463952500778,0.0026515072466417816,0.13886576568163236,0.0012908161578877328,0.23423187285454217,0.07776734585590872,0.22423400164078333,10.589873,7.2483754
217,13,4,False,L5/6,578.0,0.04988393727657635,0.02851369586006622,0.011247627328967556,0.0,0.0054748011869204275,0.0,0.0,0.04723332746847576,-0.059583314,11.585559
217,14,4,False,L5/6,14072.0,0.004976293370610373,0.007562685752945907,0.002378122432870301,0.12566294371265885,0.1335517064710884,0.25843747201681727,0.23990565322679833,0.2148642964596236,11.209973,5.110404
217,15,4,False,L5/6,1373.0,0.005847531230851594,0.0047612084078853065,0.011156755980529986,0.12383920951763883,0.005945557653030808,0.1296192945223244,0.08694220402369843,0.2272198880849045,9.564175,7.131069
218,1,1,True,L5/6,1326.0,0.013329163778452016,0.006177268125860526,0.014139263492529659,0.019983042541620467,0.07024238629270929,0.03916483195248088,0.19571070150776743,0.1628756324744671,5.6781535,2.7588353
218,2,1,False,L5/6,2053.0,0.00010035038455083402,0.0030499274502040386,0.0,0.06506445089195409,0.10038263997430473,0.1947637805936905,0.1760410798108239,0.1394792369952065,9.281584,3.1422393
218,3,1,False,L5/6,2289.0,0.0027684038435226085,0.008906973552573794,0.002955104729076611,0.09826661482709317,0.047654761902904255,0.18323113913989034,0.007468831242899657,0.07569620132296735,11.601927,7.116559
218,4,1,False,L5/6,1858.0,0.014007328271165095,0.006175659412854895,0.008428244425699625,0.051759204651921666,0.05280204931009595,0.2088613797492736,0.1738967577846357,0.19964385648100222,8.359588,5.5484085
218,5,1,False,L5/6,2496.0,0.021667975966798186,0.0030273944209480742,0.003768961465020226,0.010115028555369126,0.08878527844526586,0.0009442198852451717,0.1595427754114521,0.10880690765529931,7.733326,2.1374087
218,6,1,False,L5/6,2396.0,0.038024116161289055,0.024718982569153378,0.004217353465371258,0.0,0.011257725061537887,0.1092010951289255,0.0,0.2040167377097938,0.6833982,10.078682
218,7,1,False,L5/6,2023.0,0.019722793858344558,0.0035107632546596767,0.007364678305193115,0.03546765148512131,0.07537416790088253,0.14325481976146087,0.1448219623791657,0.18789314300577695,8.320153,4.021216
218,8,1,False,L5/6,1570.0,0.03088803147138837,0.007929653192979088,0.0120645298412702,0.015057226726696786,0.020139999287894794,0.20566660091224231,0.08868066217354574,0.1431824086094376,8.220429,7.9804983
218,9,1,False,L5/6,3058.0,0.01586260638889572,0.0051758318893490385,0.0032747630193449787,0.00995228671381812,0.07181068897240778,0.026929822863301752,0.18787398665398095,0.08621009415662202,7.6501775,2.0512571
218,10,1,False,L5/6,2194.0,0.021804186980574784,0.0005383341771888228,0.0029300602656850104,0.058627945609784564,0.10758779291232567,0.2388207412891051,0.1498072092267796,0.24508369278558528,8.231247,3.6893847
218,11,1,False,L5/6,20458.0,0.009565214337484753,0.006917544563293591,0.0027463751685778332,0.08819142956564348,0.10183032090307458,0.2603094713238867,0.2709631947483707,0.12826362304744074,9.774654,2.996347
218,12,1,False,L5/6,5419.0,0.008217762478152068,0.006885064585217411,0.006067192334333498,0.08752343628449935,0.0031082954244565026,0.23428908187791267,0.0039445092497424035,0.09319330697572417,9.613695,9.02181
218,13,1,False,L5/6,1747.0,0.02043929153451439,0.006070375734304592,0.009917219332364216,0.0,0.05019235636587957,0.0007286920008423224,0.22561823541175496,0.19559895689633156,5.2526593,3.0915155
218,14,1,False,L5/6,2134.0,0.04099164949911792,0.002574426371246321,0.0021516160228152144,0.02914297944016515,0.04063610124734618,0.2504049116693951,0.011003511428100849,0.08795522194823749,8.068304,9.459431
218,15,1,False,L5/6,2136.0,0.08727720621992344,0.01126845014452628,0.0110792718184766,0.0,0.004546566218334403,0.0,0.0,0.08061155915523237,1.9707764,10.119251
219,1,2,False,L2/3,5927.0,0.005257268765642407,0.00539480817841639,0.00329305196068347,0.12258060047968403,0.14235490915302698,0.10564066517644322,0.07624834685453165,0.14871204951532305,11.575684,4.3521605
219,2,2,True,L2/3,742.0,0.05507954233128735,0.001188764928437753,0.009380319367343733,0.041538154558970926,0.033008650850075,0.24672108780279148,0.0,0.13850867289550714,7.4279633,9.467586
219,3,2,False,L2/3,953.0,0.010692456511015006,0.006040611417854401,0.012136151847041757,0.032898886639322195,0.04324226675464456,0.23672713613689764,0.27824646584534946,0.16704636506583775,7.7931805,5.885435
219,4,2,False,L2/3,4364.0,0.004753241514639286,0.006994203402336552,0.0038209250605692417,0.10477030184013214,0.07919966496596356,0.1661332961483914,0.11192694949582606,0.22137102546689927,10.879261,5.67516
219,5,2,False,L2/3,3083.0,0.01947597098573897,0.0026043868089865433,0.005189270466892609,0.11376539521681958,0.10006107975384233,0.2718169635539679,0.14797429743241525,0.23364194211857287,10.734127,5.3717146
219,6,2,False,L2/3,1153.0,0.09435535200067735,0.028849484680852102,0.007492877959193931,0.004280229299551342,0.020708958310758686,0.0,0.0,0.11186593984697132,-0.56877244,10.873626
219,7,2,False,L2/3,1040.0,0.0001,0.0013943521377465988,0.002696677007277151,0.05093162416739447,0.050691159383204266,0.09728009716379535,0.062882245496025,0.21696676403330178,7.965828,7.3513947
219,8,2,False,L2/3,966.0,0.00047344510507089926,0.002875880143482766,0.0006573037645476985,0.11248438050630086,0.0,0.1921389300015752,0.038279915240759875,0.1044292799535282,11.130866,7.9141297
219,9,2,False,L2/3,1297.0,0.0006660407788171073,0.016938435544038698,0.00921452712233403,0.06840314490170156,0.13083057658607763,0.0877842761283681,0.13580511043813537,0.04374713756501387,7.147314,2.0726836
219,10,2,False,L2/3,2323.0,0.012700361103337355,0.0033554816633443825,0.010572255416649329,0.04968241521518696,0.12656980683252264,0.21148830339437008,0.17889277017510777,0.1896035363450423,9.019621,3.9061222
219,11,2,False,L2/3,1750.0,0.006736977401718746,0.005186507856047473,0.008508548965140365,0.04202565154110379,0.11911085958372593,0.05814399600914484,0.24403471288357573,0.13821015169475112,6.4840055,2.2484636
219,12,2,False,L2/3,872.0,0.02036171315160405,0.00011619660535283574,0.0008420320436055429,0.04223361857156183,0.17713146300790142,0.17719447279254008,0.12704781838017207,0.06409168674760647,9.300774,2.4532044
219,13,2,False,L2/3,1116.0,0.10808610067450039,0.03216680111649274,0.011054148416193439,0.0009431412498369589,0.001972034569412309,0.0,0.0,0.2403978367735713,-1.2041688,9.126618
219,14,2,False,L2/3,1065.0,0.019270577410096613,0.005171795513010034,0.006591213779549455,0.01905311712685462,0.032361640087136996,0.10030465887797561,0.1385371348766362,0.23479216130547684,7.036829,4.5569873
219,15,2,False,L2/3,1089.0,0.052662335080751764,0.027894108798772237,0.007544728620475147,0.0,0.007201095046797062,0.0,0.0,0.1668051546731318,-0.107131064,10.580871
220,1,3,False,L5/6,3887.0,0.003761375837429522,0.010339306398557364,0.004423270677522634,0.014349610610554227,0.0890638815741053,0.002066202353048836,0.11556716214748636,0.058649499682373984,8.265634,1.9529885
220,2,3,False,L5/6,3173.0,0.0008637145131198182,0.010298533029442801,0.002279349763461505,0.053066885254092415,0.15007927846352564,0.03747665460847066,0.12757391760851985,0.11598247757703077,8.7069645,2.033041
220,3,3,True,L5/6,2078.0,0.01289422765213489,0.015880045192191976,0.00399398290972995,0.0009660373987263845,0.018449508155253678,0.004808077877036731,0.16839025137930813,0.16458178327395354,4.2962794,3.424193
220,4,3,False,L5/6,2395.0,0.02072882845458867,0.0001,0.0006779665198934739,0.04599230774339033,0.06006084285786676,0.13386756196680655,0.01070007891332393,0.17025637890816536,10.543921,6.7194886
220,5,3,False,L5/6,3273.0,0.013520065146979744,0.005212014694499055,0.007481030654546397,0.07377795262212483,0.0807395766793863,0.1939430101722541,0.12538890393749333,0.13112666539772636,9.823426,3.9118736
220,6,3,False,L5/6,3430.0,0.0020188319873263518,0.008593320087055248,0.011334766582716201,0.13162127952175004,0.14309519791269684,0.2316350091530756,0.22244044599505516,0.06942866861861427,10.355364,3.8773727
220,7,3,False,L5/6,3466.0,0.0038726607257309345,0.010643537733085401,0.0066557590465611645,0.07710282678668269,0.02967852527851462,0.267891863262993,0.03343991112368395,0.0853746955981268,9.352146,9.173699
220,8,3,False,L5/6,4371.0,0.0009328021505604035,0.014153343777024294,0.007280634125493602,0.06421226187502986,0.15136708917299324,0.1298732653709377,0.14913887041889637,0.19896150946697524,8.836939,3.9591258
220,9,3,False,L5/6,6867.0,0.008847980819602919,0.008173407240454154,0.010592637206606515,0.08788599316962438,0.017437370636617124,0.30379252149080255,0.030428933714290438,0.19732629302523827,8.680306,7.8688855
220,10,3,False,L5/6,2567.0,0.0001,0.008232689625102175,0.0004399425801548031,0.1416535708749929,0.09259108753338861,0.09395580851427858,2.1638398450636914e-10,0.09684109164568888,11.837498,4.5458393
220,11,3,False,L5/6,2812.0,0.054989584493941604,0.008218909206090213,0.012018973271851323,0.0015774159498168107,0.003483594918952324,0.003262740240566815,0.0,0.11864810287656535,1.8974575,10.238167
220,12,3,False,L5/6,4176.0,0.009320370023984574,0.0057958953824316295,0.010254591777907327,0.09449548114310753,0.07922563796126343,0.23380010847772667,0.25125523139680545,0.15376152159197026,8.631795,5.385292
220,13,3,False,L5/6,2301.0,0.003005057467863141,0.012003687464351582,0.0036781734109362385,0.05596020281061704,0.0538637806042879,0.23843761483705977,0.07303977820035687,0.11668405947424287,10.218287,8.314602
220,14,3,False,L5/6,2542.0,0.0002594866763772633,0.009741337027943572,0.002436565171459794,0.11286766070010133,0.06483282836050142,0.21842775817062357,0.0,0.045308557180295535,11.648005,7.1189065
220,15,3,False,L5/6,2826.0,0.014440787573022201,0.008259195202033522,0.005355592704827095,0.03884943199731535,0.025261278847650694,0.23666249151014765,0.054152787057303496,0.23459886871206787,7.775397,8.028241
